{
  "questIDHigh:4": 0,
  "preRequisites:9": {
    "0:10": {
      "questIDHigh:4": 0,
      "questIDLow:4": 1312
    },
    "1:10": {
      "questIDHigh:4": 0,
      "questIDLow:4": 1314
    }
  },
  "questIDLow:4": 1315,
  "properties:10": {
    "betterquesting:10": {
      "snd_complete:8": "random.levelup",
      "taskLogic:8": "AND",
      "partySingleReward:1": 0,
      "visibility:8": "NORMAL",
      "isMain:1": 1,
      "simultaneous:1": 0,
      "icon:10": {
        "id:8": "appliedenergistics2:tile.BlockCraftingStorage",
        "Count:3": 1,
        "Damage:2": 0,
        "OreDict:8": ""
      },
      "snd_update:8": "random.levelup",
      "repeatTime:3": -1,
      "globalShare:1": 1,
      "questLogic:8": "AND",
      "repeat_relative:1": 1,
      "name:8": "1k Crafting Storage",
      "isGlobal:1": 0,
      "lockedProgress:1": 0,
      "autoClaim:1": 0,
      "isSilent:1": 0,
      "desc:8": "Component of the crafting CPU which provides 1024 bytes of storage for crafting. The Crafting Storage blocks are the only necessary part. Each crafting CPU multiblock allows for a separate crafting job (this is different from sub-tasks of the same job). The more items in the recipe and sub-recipes, the more crafting storage you\u0027ll need. Having one big and a couple small might be a good idea, but remember it will try to use the best one available first when you order a craft. They are also used when a crafting card requests a craft, so you\u0027ll need several separate ones if you intend to use those a lot. A crafting CPU multiblock uses only one channel, regardless of it\u0027s size. It must be square to form."
    }
  },
  "tasks:9": {
    "0:10": {
      "partialMatch:1": 1,
      "autoConsume:1": 0,
      "groupDetect:1": 0,
      "ignoreNBT:1": 0,
      "index:3": 0,
      "consume:1": 0,
      "requiredItems:9": {
        "0:10": {
          "id:8": "appliedenergistics2:tile.BlockCraftingStorage",
          "Count:3": 1,
          "Damage:2": 0,
          "OreDict:8": ""
        }
      },
      "taskID:8": "bq_standard:retrieval"
    }
  },
  "rewards:9": {
    "0:10": {
      "rewardID:8": "bq_standard:choice",
      "index:3": 0,
      "choices:9": {
        "0:10": {
          "id:8": "appliedenergistics2:item.ItemMultiMaterial",
          "Count:3": 4,
          "Damage:2": 39,
          "OreDict:8": ""
        },
        "1:10": {
          "id:8": "dreamcraft:item.LogicProcessorItemGoldCore",
          "Count:3": 1,
          "Damage:2": 0,
          "OreDict:8": ""
        },
        "2:10": {
          "id:8": "enhancedlootbags:lootbag",
          "Count:3": 1,
          "Damage:2": 37,
          "OreDict:8": ""
        }
      }
    },
    "1:10": {
      "rewardID:8": "bq_standard:item",
      "index:3": 1,
      "rewards:9": {
        "0:10": {
          "id:8": "dreamcraft:item.CoinTechnicianII",
          "Count:3": 2,
          "Damage:2": 0,
          "OreDict:8": ""
        }
      }
    }
  }
}