{
  "questIDHigh:4": 0,
  "preRequisites:9": {
    "0:10": {
      "questIDHigh:4": 0,
      "questIDLow:4": 2477
    }
  },
  "questIDLow:4": 3250,
  "properties:10": {
    "betterquesting:10": {
      "snd_complete:8": "random.levelup",
      "taskLogic:8": "AND",
      "visibility:8": "NORMAL",
      "isMain:1": 0,
      "simultaneous:1": 0,
      "icon:10": {
        "id:8": "ae2fc:fluid_discretizer",
        "Count:3": 1,
        "Damage:2": 0,
        "OreDict:8": ""
      },
      "snd_update:8": "random.levelup",
      "repeatTime:3": -1,
      "globalShare:1": 0,
      "questLogic:8": "AND",
      "repeat_relative:1": 1,
      "name:8": "AE2 Fluid Crafting",
      "lockedProgress:1": 0,
      "autoClaim:1": 0,
      "isSilent:1": 0,
      "desc:8": "Fluid crafting directly integrated in your ME system. NO WAY!\n\nAE2FC is a powerful addon that was backported for GTNH.\n\nNow, what do you need to get that juicy stuff working?\nEvery ME System needs a Fluid Discretizer. It allows for on demand crafting. While you can use AE2FC without Fluid Discretizer for moving fluids, you need a Discretizer for autocrafting.\n\nThen you also need a Fluid Terminal or a Fluid Processing Terminal for the Assembling Line. \n\nWhen creating patterns you will notice your fluids being placed as if they were items. \nYour finished patterns will look blue-ish. Placing those in a Dual Interface will allow AE2 to push the fluids and items both. Note. Fluids are being sent first, then items.\nYou can switch the dual interface on the top right if you want it to keep fluids in stock. \n\nIf you use a blue pattern (fluid pattern) in a normal interface, AE2 will send the fluid as a fluid packet. This is just a representation of the fluid as an item. A fluid decoder can turn it back into a fluid and saves it in the fluid grid.\n\nYou can use an ingredient buffer (large or normal) so your items and fluids sent by a pattern can get stored internally in one block. The normal buffer can hold 9 items and 4 fluids whereas the large one can hold 27 items and 7 fluids. It is not needed, but you can use it to automate things with item and fluid conduits. \n\nIf you want to automate single blocks its as easy as eating chocolate cake while on a diet:\nMake the pattern, make an interface, boom- done! It will automatically insert the fluid in the fluid inventory of a single block machine. \n\nEven automating more difficult things like the Assembling Line becomes much easier with these tools.\n\nIf you need more detailled information, visit the wiki:\n\n§9§n[url]https://wiki.gtnewhorizons.com/wiki/AE2FC[/url]§r\n\n§3The Extra Cells mod has been removed. Any old components and cells were converted to AE2 and AE2FC parts where possible."
    }
  },
  "tasks:9": {
    "0:10": {
      "partialMatch:1": 1,
      "autoConsume:1": 0,
      "groupDetect:1": 0,
      "ignoreNBT:1": 1,
      "index:3": 0,
      "consume:1": 0,
      "requiredItems:9": {
        "0:10": {
          "id:8": "ae2fc:fluid_discretizer",
          "Count:3": 1,
          "Damage:2": 0,
          "OreDict:8": ""
        },
        "1:10": {
          "id:8": "ae2fc:fluid_interface",
          "Count:3": 1,
          "Damage:2": 0,
          "OreDict:8": ""
        },
        "2:10": {
          "id:8": "ae2fc:part_fluid_pattern_terminal",
          "Count:3": 1,
          "Damage:2": 0,
          "OreDict:8": ""
        }
      },
      "taskID:8": "bq_standard:retrieval"
    }
  },
  "rewards:9": {
    "0:10": {
      "rewardID:8": "bq_standard:item",
      "index:3": 0,
      "rewards:9": {
        "0:10": {
          "id:8": "ae2fc:fluid_storage16",
          "Count:3": 1,
          "tag:10": {},
          "Damage:2": 0,
          "OreDict:8": ""
        },
        "1:10": {
          "id:8": "ae2fc:part_fluid_import",
          "Count:3": 1,
          "Damage:2": 0,
          "OreDict:8": ""
        },
        "2:10": {
          "id:8": "ae2fc:part_fluid_export",
          "Count:3": 1,
          "Damage:2": 0,
          "OreDict:8": ""
        }
      }
    }
  }
}