{
  "questIDHigh:4": 4272594415765376592,
  "preRequisites:9": {
    "0:10": {
      "questIDHigh:4": -3757804415663717874,
      "questIDLow:4": -6766405517321273132
    }
  },
  "questIDLow:4": -7226135969109944920,
  "properties:10": {
    "betterquesting:10": {
      "snd_complete:8": "random.levelup",
      "taskLogic:8": "AND",
      "visibility:8": "NORMAL",
      "isMain:1": 0,
      "simultaneous:1": 0,
      "icon:10": {
        "id:8": "thaumicenergistics:storage.essentia",
        "Count:3": 1,
        "tag:10": {},
        "Damage:2": 10,
        "OreDict:8": ""
      },
      "snd_update:8": "random.levelup",
      "repeatTime:3": -1,
      "globalShare:1": 0,
      "questLogic:8": "AND",
      "repeat_relative:1": 1,
      "name:8": "And Another Digital Singularity",
      "lockedProgress:1": 0,
      "autoClaim:1": 0,
      "isSilent:1": 0,
      "desc:8": "You really need this?"
    }
  },
  "tasks:9": {
    "0:10": {
      "partialMatch:1": 1,
      "autoConsume:1": 0,
      "groupDetect:1": 0,
      "ignoreNBT:1": 1,
      "index:3": 0,
      "consume:1": 0,
      "requiredItems:9": {
        "0:10": {
          "id:8": "thaumicenergistics:storage.essentia",
          "Count:3": 1,
          "tag:10": {},
          "Damage:2": 10,
          "OreDict:8": ""
        }
      },
      "taskID:8": "bq_standard:retrieval"
    }
  },
  "rewards:9": {}
}