{
  "questIDHigh:4": 0,
  "preRequisites:9": {
    "0:10": {
      "questIDHigh:4": 0,
      "questIDLow:4": 1296
    }
  },
  "questIDLow:4": 1301,
  "properties:10": {
    "betterquesting:10": {
      "snd_complete:8": "random.levelup",
      "taskLogic:8": "AND",
      "partySingleReward:1": 0,
      "visibility:8": "NORMAL",
      "isMain:1": 1,
      "simultaneous:1": 0,
      "icon:10": {
        "id:8": "appliedenergistics2:item.ItemMultiMaterial",
        "Count:3": 1,
        "Damage:2": 44,
        "OreDict:8": ""
      },
      "snd_update:8": "random.levelup",
      "repeatTime:3": -1,
      "globalShare:1": 1,
      "questLogic:8": "AND",
      "repeat_relative:1": 1,
      "name:8": "Annihilation and Formation",
      "isGlobal:1": 0,
      "lockedProgress:1": 0,
      "autoClaim:1": 0,
      "isSilent:1": 0,
      "desc:8": "Formation Core - a component which can convert energy back into matter.\nAnnihilation Core - a component which can convert matter into energy.\nGates all network I/O."
    }
  },
  "tasks:9": {
    "0:10": {
      "partialMatch:1": 1,
      "autoConsume:1": 0,
      "groupDetect:1": 0,
      "ignoreNBT:1": 0,
      "index:3": 0,
      "consume:1": 0,
      "requiredItems:9": {
        "0:10": {
          "id:8": "appliedenergistics2:item.ItemMultiMaterial",
          "Count:3": 16,
          "Damage:2": 44,
          "OreDict:8": ""
        },
        "1:10": {
          "id:8": "appliedenergistics2:item.ItemMultiMaterial",
          "Count:3": 16,
          "Damage:2": 43,
          "OreDict:8": ""
        }
      },
      "taskID:8": "bq_standard:retrieval"
    }
  },
  "rewards:9": {
    "0:10": {
      "rewardID:8": "bq_standard:choice",
      "index:3": 0,
      "choices:9": {
        "0:10": {
          "id:8": "appliedenergistics2:item.ItemMultiMaterial",
          "Count:3": 16,
          "Damage:2": 1,
          "OreDict:8": ""
        },
        "1:10": {
          "id:8": "appliedenergistics2:item.ItemMultiMaterial",
          "Count:3": 16,
          "Damage:2": 10,
          "OreDict:8": ""
        },
        "2:10": {
          "id:8": "appliedenergistics2:item.ItemMultiMaterial",
          "Count:3": 16,
          "Damage:2": 12,
          "OreDict:8": ""
        }
      }
    },
    "1:10": {
      "rewardID:8": "bq_standard:item",
      "index:3": 1,
      "rewards:9": {
        "0:10": {
          "id:8": "dreamcraft:item.CoinTechnicianII",
          "Count:3": 1,
          "Damage:2": 0,
          "OreDict:8": ""
        }
      }
    }
  }
}