{
  "questIDHigh:4": 4638636323379825267,
  "preRequisites:9": {
    "0:10": {
      "questIDHigh:4": -3865909675079480350,
      "questIDLow:4": -7095756151271155560
    }
  },
  "questIDLow:4": -7261779885652482879,
  "properties:10": {
    "betterquesting:10": {
      "snd_complete:8": "random.levelup",
      "taskLogic:8": "AND",
      "visibility:8": "NORMAL",
      "isMain:1": 0,
      "simultaneous:1": 0,
      "icon:10": {
        "id:8": "ae2fc:fluid_storage.singularity",
        "Count:3": 1,
        "tag:10": {},
        "Damage:2": 0,
        "OreDict:8": ""
      },
      "snd_update:8": "random.levelup",
      "repeatTime:3": -1,
      "globalShare:1": 0,
      "questLogic:8": "AND",
      "repeat_relative:1": 1,
      "name:8": "Another Digital Singularity",
      "lockedProgress:1": 0,
      "autoClaim:1": 0,
      "isSilent:1": 0,
      "desc:8": "You\u0027ve probbaly drained quite a few of them at this point\n\n§3Have you heard about YOTTanks?"
    }
  },
  "tasks:9": {
    "0:10": {
      "partialMatch:1": 1,
      "autoConsume:1": 0,
      "groupDetect:1": 0,
      "ignoreNBT:1": 1,
      "index:3": 0,
      "consume:1": 0,
      "requiredItems:9": {
        "0:10": {
          "id:8": "ae2fc:fluid_storage.singularity",
          "Count:3": 1,
          "tag:10": {},
          "Damage:2": 0,
          "OreDict:8": ""
        }
      },
      "taskID:8": "bq_standard:retrieval"
    }
  },
  "rewards:9": {}
}