{
  "questIDHigh:4": 0,
  "preRequisites:9": {
    "0:10": {
      "questIDHigh:4": 0,
      "questIDLow:4": 2519
    }
  },
  "questIDLow:4": 185,
  "properties:10": {
    "betterquesting:10": {
      "snd_complete:8": "random.levelup",
      "taskLogic:8": "AND",
      "partySingleReward:1": 0,
      "visibility:8": "NORMAL",
      "isMain:1": 1,
      "simultaneous:1": 0,
      "icon:10": {
        "id:8": "appliedenergistics2:item.ItemMultiPart",
        "Count:3": 1,
        "Damage:2": 380,
        "OreDict:8": ""
      },
      "snd_update:8": "random.levelup",
      "repeatTime:3": -1,
      "globalShare:1": 1,
      "questLogic:8": "AND",
      "repeat_relative:1": 1,
      "name:8": "Basic Terminals",
      "isGlobal:1": 0,
      "lockedProgress:1": 0,
      "autoClaim:1": 0,
      "isSilent:1": 0,
      "desc:8": "The ME Terminal is an interface which gives you access to an ME network\u0027s networked storage. It has the ability to sort and search, as well as filter by using a view cell.\n\nThe ME Crafting Terminal is the upgraded version of the ME terminal which has an integrated crafting grid with access to an ME network\u0027s networked storage.\n\nThe ME Interface Terminal gives remote access to all interface pattern slots on your network separated by which type of machine they are on. It will show the type of machine in the terminal, however you can name the ME interface in the inscriber or an anvil to alter the name displayed in the ME interface terminal. If you use Ender Chests to send stuff elsewhere to be processed a lot, this may help with reducing confusion. You can also search for a specific device."
    }
  },
  "tasks:9": {
    "0:10": {
      "partialMatch:1": 1,
      "autoConsume:1": 0,
      "groupDetect:1": 0,
      "ignoreNBT:1": 0,
      "index:3": 0,
      "consume:1": 0,
      "requiredItems:9": {
        "0:10": {
          "id:8": "appliedenergistics2:item.ItemMultiPart",
          "Count:3": 1,
          "Damage:2": 380,
          "OreDict:8": ""
        },
        "1:10": {
          "id:8": "appliedenergistics2:item.ItemMultiPart",
          "Count:3": 1,
          "Damage:2": 360,
          "OreDict:8": ""
        },
        "2:10": {
          "id:8": "appliedenergistics2:item.ItemMultiPart",
          "Count:3": 1,
          "Damage:2": 480,
          "OreDict:8": ""
        }
      },
      "taskID:8": "bq_standard:retrieval"
    }
  },
  "rewards:9": {
    "0:10": {
      "rewardID:8": "bq_standard:choice",
      "index:3": 0,
      "choices:9": {
        "0:10": {
          "id:8": "enhancedlootbags:lootbag",
          "Count:3": 1,
          "Damage:2": 37,
          "OreDict:8": ""
        },
        "1:10": {
          "id:8": "appliedenergistics2:item.ItemMultiPart",
          "Count:3": 1,
          "Damage:2": 360,
          "OreDict:8": ""
        },
        "2:10": {
          "id:8": "appliedenergistics2:item.ItemMultiPart",
          "Count:3": 1,
          "Damage:2": 480,
          "OreDict:8": ""
        },
        "3:10": {
          "id:8": "appliedenergistics2:item.ItemMultiPart",
          "Count:3": 1,
          "Damage:2": 340,
          "OreDict:8": ""
        }
      }
    },
    "1:10": {
      "rewardID:8": "bq_standard:item",
      "index:3": 1,
      "rewards:9": {
        "0:10": {
          "id:8": "dreamcraft:item.CoinTechnicianII",
          "Count:3": 1,
          "Damage:2": 0,
          "OreDict:8": ""
        }
      }
    }
  }
}