{
  "questIDHigh:4": 0,
  "preRequisites:9": {
    "0:10": {
      "questIDHigh:4": 0,
      "questIDLow:4": 2505
    },
    "1:10": {
      "questIDHigh:4": 0,
      "questIDLow:4": 2509
    }
  },
  "questIDLow:4": 2529,
  "properties:10": {
    "betterquesting:10": {
      "snd_complete:8": "random.levelup",
      "taskLogic:8": "AND",
      "visibility:8": "NORMAL",
      "isMain:1": 0,
      "simultaneous:1": 0,
      "icon:10": {
        "id:8": "appliedenergistics2:tile.BlockSpatialPylon",
        "Count:3": 1,
        "Damage:2": 0,
        "OreDict:8": ""
      },
      "snd_update:8": "random.levelup",
      "repeatTime:3": -1,
      "globalShare:1": 0,
      "questLogic:8": "AND",
      "repeat_relative:1": 1,
      "name:8": "Beam Me Up, Scotty",
      "lockedProgress:1": 0,
      "autoClaim:1": 0,
      "isSilent:1": 0,
      "desc:8": "If you want to teleport stuff around using these, you\u0027ll need a drive in the SIOP, and at least 6 pylons hooked up. The pylons need to indicate the X, Y and Z dimensions, with you needing 1 more than you would think. If the efficiency goes below 100%, the AE cost will balloon enormously, so add more pylons to counteract that. After using a redstone signal to activate the SIOP, the blocks will be moved to the spatial IO dim, and the drive will move to the output, so you can send it somewhere else. This is very important to do properly if you want to use it as a teleporter. Otherwise you can get stuck there. Your network will need to be able to hold all the power needed to teleport at once, so you\u0027ll need at least one energy cell. You can only have one Pylon setup per controller, so consider putting them on a subnetwork.\n\nUsing 2 in the X and Z dimensions and 3 in the Y will give you a 1x2x1 teleporter to teleport yourself. You\u0027ll want a SIOP port on each side for sending and for receiving. But you\u0027ll still need to design a redstone contraption to activate them properly!  \n\nRead this if you want to know more about spatial IO in general, and larger setups: §9§n[url]https://old.reddit.com/r/feedthebeast/comments/3c2b2r/a_treatise_on_nocheat_smp_ae2_spatial_io/[/url]§r\nAlso see this if you want to see a fancy teleporter: §9§n[url]https://old.reddit.com/r/feedthebeast/comments/2mhrf8/ae2_spatial_transporters/[/url]§r\n\n§4Spatial cells, once used, will only work in the XYZ dimensions first used, with no way to format or recraft. Test in creative first!\n\nExpect your world to lag for a second after using, blame AE."
    }
  },
  "tasks:9": {
    "0:10": {
      "partialMatch:1": 1,
      "autoConsume:1": 0,
      "groupDetect:1": 0,
      "ignoreNBT:1": 1,
      "index:3": 0,
      "consume:1": 0,
      "requiredItems:9": {
        "0:10": {
          "id:8": "appliedenergistics2:tile.BlockSpatialPylon",
          "Count:3": 14,
          "Damage:2": 0,
          "OreDict:8": ""
        },
        "1:10": {
          "id:8": "appliedenergistics2:tile.BlockSpatialIOPort",
          "Count:3": 4,
          "Damage:2": 0,
          "OreDict:8": ""
        }
      },
      "taskID:8": "bq_standard:retrieval"
    }
  },
  "rewards:9": {
    "0:10": {
      "rewardID:8": "bq_standard:item",
      "index:3": 0,
      "rewards:9": {
        "0:10": {
          "id:8": "enhancedlootbags:lootbag",
          "Count:3": 1,
          "Damage:2": 38,
          "OreDict:8": ""
        }
      }
    },
    "1:10": {
      "rewardID:8": "bq_standard:item",
      "index:3": 1,
      "rewards:9": {
        "0:10": {
          "id:8": "dreamcraft:item.CoinTechnicianII",
          "Count:3": 2,
          "Damage:2": 0,
          "OreDict:8": ""
        }
      }
    }
  }
}