{
  "questIDHigh:4": 0,
  "preRequisites:9": {
    "0:10": {
      "questIDHigh:4": 0,
      "questIDLow:4": 181
    }
  },
  "questIDLow:4": 184,
  "properties:10": {
    "betterquesting:10": {
      "snd_complete:8": "random.levelup",
      "taskLogic:8": "AND",
      "partySingleReward:1": 0,
      "visibility:8": "NORMAL",
      "isMain:1": 1,
      "simultaneous:1": 0,
      "icon:10": {
        "id:8": "appliedenergistics2:item.ItemMultiPart",
        "Count:3": 1,
        "Damage:2": 16,
        "OreDict:8": ""
      },
      "snd_update:8": "random.levelup",
      "repeatTime:3": -1,
      "globalShare:1": 1,
      "questLogic:8": "AND",
      "repeat_relative:1": 1,
      "name:8": "Cables",
      "isGlobal:1": 0,
      "lockedProgress:1": 0,
      "autoClaim:1": 0,
      "isSilent:1": 0,
      "desc:8": "To have access to your applied energistics network from your entire base, you\u0027ll need cables. A lot of them. For now, the basic ones will do, but eventually, you\u0027ll end up using dense cables and p2p channels. Glass and Covered cables are functionally identical, just different in looks. Each can carry 8 channels.  Quartz fibers don\u0027t carry channels but can carry energy. This is useful for providing power from your main network to independant subnetworks.\n\nYou can also color your cables - cables with different colors will not connect, so those can be used to expand network capacity by running parallel cables. Only fluix colored cables connect to all other colors. Later it will probably be more efficient to use P2P channels to jam a bunch of channels into 1.\n\nAnchors are like covers, keeping things from connecting when you don\u0027t want them to."
    }
  },
  "tasks:9": {
    "0:10": {
      "partialMatch:1": 1,
      "autoConsume:1": 0,
      "groupDetect:1": 0,
      "ignoreNBT:1": 0,
      "index:3": 0,
      "consume:1": 0,
      "requiredItems:9": {
        "0:10": {
          "id:8": "appliedenergistics2:item.ItemMultiPart",
          "Count:3": 64,
          "Damage:2": 140,
          "OreDict:8": ""
        }
      },
      "taskID:8": "bq_standard:retrieval"
    },
    "1:10": {
      "partialMatch:1": 1,
      "autoConsume:1": 0,
      "groupDetect:1": 0,
      "ignoreNBT:1": 0,
      "index:3": 1,
      "consume:1": 0,
      "requiredItems:9": {
        "0:10": {
          "id:8": "appliedenergistics2:item.ItemMultiPart",
          "Count:3": 24,
          "Damage:2": 16,
          "OreDict:8": ""
        }
      },
      "taskID:8": "bq_standard:retrieval"
    },
    "2:10": {
      "partialMatch:1": 1,
      "autoConsume:1": 0,
      "groupDetect:1": 0,
      "ignoreNBT:1": 0,
      "index:3": 2,
      "consume:1": 0,
      "requiredItems:9": {
        "0:10": {
          "id:8": "appliedenergistics2:item.ItemMultiPart",
          "Count:3": 8,
          "Damage:2": 36,
          "OreDict:8": ""
        }
      },
      "taskID:8": "bq_standard:retrieval"
    },
    "3:10": {
      "partialMatch:1": 1,
      "autoConsume:1": 0,
      "groupDetect:1": 0,
      "ignoreNBT:1": 1,
      "index:3": 3,
      "consume:1": 0,
      "requiredItems:9": {
        "0:10": {
          "id:8": "appliedenergistics2:item.ItemMultiPart",
          "Count:3": 16,
          "Damage:2": 120,
          "OreDict:8": ""
        }
      },
      "taskID:8": "bq_standard:retrieval"
    }
  },
  "rewards:9": {
    "0:10": {
      "rewardID:8": "bq_standard:choice",
      "index:3": 0,
      "choices:9": {
        "0:10": {
          "id:8": "appliedenergistics2:item.ItemMultiPart",
          "Count:3": 16,
          "Damage:2": 16,
          "OreDict:8": ""
        },
        "1:10": {
          "id:8": "appliedenergistics2:item.ItemMultiPart",
          "Count:3": 32,
          "Damage:2": 140,
          "OreDict:8": ""
        }
      }
    },
    "1:10": {
      "rewardID:8": "bq_standard:item",
      "index:3": 1,
      "rewards:9": {
        "0:10": {
          "id:8": "dreamcraft:item.CoinTechnicianII",
          "Count:3": 1,
          "Damage:2": 0,
          "OreDict:8": ""
        }
      }
    }
  }
}