{
  "questIDHigh:4": 0,
  "preRequisites:9": {
    "0:10": {
      "questIDHigh:4": 0,
      "questIDLow:4": 266
    }
  },
  "questIDLow:4": 2021,
  "properties:10": {
    "betterquesting:10": {
      "snd_complete:8": "random.levelup",
      "taskLogic:8": "AND",
      "partySingleReward:1": 0,
      "visibility:8": "NORMAL",
      "isMain:1": 0,
      "simultaneous:1": 0,
      "icon:10": {
        "id:8": "EnderStorage:enderChest",
        "Count:3": 1,
        "Damage:2": 4096,
        "OreDict:8": ""
      },
      "snd_update:8": "random.levelup",
      "repeatTime:3": -1,
      "globalShare:1": 1,
      "questLogic:8": "AND",
      "repeat_relative:1": 1,
      "name:8": "A Magical Tank",
      "isGlobal:1": 0,
      "lockedProgress:1": 0,
      "autoClaim:1": 0,
      "isSilent:1": 0,
      "desc:8": "This tank always seems to connect to the same dimensional space. I can push fluids into the tank in one dimension, and retrieve them in a totally different dimension!\n\nI have discovered a way to assign a location to each tank using dyes applied to the top. Using a diamond makes the tank private, attuned to the user\u0027s mind, and will not share fluids with any other player\u0027s tanks.\n\nShift-rightclicking recovers the diamond and makes the tank part of the public tank network again.\n\nThe dial on front controls the input/output of the tank. When blue is up, the tank accepts fluids. When orange is up, the tank will eject fluids.\n\n§3If you get FPS problems from large numbers of them, try the setting in the config to turn off the fancy render at the bottom."
    }
  },
  "tasks:9": {
    "0:10": {
      "partialMatch:1": 1,
      "autoConsume:1": 0,
      "groupDetect:1": 0,
      "ignoreNBT:1": 0,
      "index:3": 0,
      "consume:1": 0,
      "requiredItems:9": {
        "0:10": {
          "id:8": "EnderStorage:enderChest",
          "Count:3": 1,
          "Damage:2": 4096,
          "OreDict:8": ""
        }
      },
      "taskID:8": "bq_standard:retrieval"
    }
  },
  "rewards:9": {
    "0:10": {
      "rewardID:8": "bq_standard:item",
      "index:3": 0,
      "rewards:9": {
        "0:10": {
          "id:8": "minecraft:nether_star",
          "Count:3": 4,
          "Damage:2": 0,
          "OreDict:8": ""
        },
        "1:10": {
          "id:8": "minecraft:dye",
          "Count:3": 1,
          "Damage:2": 1,
          "OreDict:8": ""
        },
        "2:10": {
          "id:8": "minecraft:dye",
          "Count:3": 1,
          "Damage:2": 11,
          "OreDict:8": ""
        }
      }
    }
  }
}