{
  "questIDHigh:4": 0,
  "preRequisites:9": {
    "0:10": {
      "questIDHigh:4": 0,
      "questIDLow:4": 1055
    }
  },
  "questIDLow:4": 1097,
  "properties:10": {
    "betterquesting:10": {
      "snd_complete:8": "random.levelup",
      "taskLogic:8": "AND",
      "partySingleReward:1": 0,
      "visibility:8": "NORMAL",
      "isMain:1": 0,
      "simultaneous:1": 0,
      "icon:10": {
        "id:8": "Thaumcraft:ItemBathSalts",
        "Count:3": 1,
        "Damage:2": 0,
        "OreDict:8": ""
      },
      "snd_update:8": "random.levelup",
      "repeatTime:3": -1,
      "globalShare:1": 1,
      "questLogic:8": "AND",
      "repeat_relative:1": 1,
      "name:8": "Bathing the Warp Effects Away",
      "isGlobal:1": 0,
      "lockedProgress:1": 0,
      "autoClaim:1": 0,
      "isSilent:1": 0,
      "desc:8": "Litmus paper will tell you how high your warp level is, but how can you get rid of the nasty warp effects? Bath salt will help you by prohibiting warp effects for a short period. Just throw the salt into a 1x1 water hole and jump inside. You will feel relieved a bit after bathing."
    }
  },
  "tasks:9": {
    "0:10": {
      "partialMatch:1": 1,
      "autoConsume:1": 0,
      "groupDetect:1": 0,
      "ignoreNBT:1": 0,
      "index:3": 0,
      "consume:1": 0,
      "requiredItems:9": {
        "0:10": {
          "id:8": "Thaumcraft:ItemBathSalts",
          "Count:3": 2,
          "Damage:2": 0,
          "OreDict:8": ""
        }
      },
      "taskID:8": "bq_standard:retrieval"
    }
  },
  "rewards:9": {
    "0:10": {
      "rewardID:8": "bq_standard:item",
      "index:3": 0,
      "rewards:9": {
        "0:10": {
          "id:8": "Thaumcraft:ItemEssence",
          "Count:3": 2,
          "tag:10": {
            "Aspects:9": {
              "0:10": {
                "amount:4": 8,
                "key:8": "auram"
              }
            }
          },
          "Damage:2": 1,
          "OreDict:8": ""
        },
        "1:10": {
          "id:8": "Thaumcraft:ItemEssence",
          "Count:3": 2,
          "tag:10": {
            "Aspects:9": {
              "0:10": {
                "amount:4": 8,
                "key:8": "cognitio"
              }
            }
          },
          "Damage:2": 1,
          "OreDict:8": ""
        },
        "2:10": {
          "id:8": "Thaumcraft:ItemEssence",
          "Count:3": 2,
          "tag:10": {
            "Aspects:9": {
              "0:10": {
                "amount:4": 8,
                "key:8": "ordo"
              }
            }
          },
          "Damage:2": 1,
          "OreDict:8": ""
        },
        "3:10": {
          "id:8": "Thaumcraft:ItemEssence",
          "Count:3": 2,
          "tag:10": {
            "Aspects:9": {
              "0:10": {
                "amount:4": 8,
                "key:8": "sano"
              }
            }
          },
          "Damage:2": 1,
          "OreDict:8": ""
        },
        "4:10": {
          "id:8": "Thaumcraft:ItemLootBag",
          "Count:3": 1,
          "Damage:2": 1,
          "OreDict:8": ""
        }
      }
    },
    "1:10": {
      "rewardID:8": "bq_standard:item",
      "index:3": 1,
      "rewards:9": {
        "0:10": {
          "id:8": "dreamcraft:item.CoinDarkWizardI",
          "Count:3": 5,
          "Damage:2": 0,
          "OreDict:8": ""
        }
      }
    }
  }
}