{
  "questIDHigh:4": 0,
  "preRequisites:9": {
    "0:10": {
      "questIDHigh:4": 0,
      "questIDLow:4": 260
    }
  },
  "questIDLow:4": 265,
  "properties:10": {
    "betterquesting:10": {
      "snd_complete:8": "random.levelup",
      "taskLogic:8": "AND",
      "partySingleReward:1": 0,
      "visibility:8": "NORMAL",
      "isMain:1": 1,
      "simultaneous:1": 0,
      "icon:10": {
        "id:8": "Thaumcraft:WandCasting",
        "Count:3": 1,
        "tag:10": {
          "aqua:4": 2500,
          "terra:4": 2500,
          "ignis:4": 2500,
          "ordo:4": 2500,
          "perditio:4": 2500,
          "aer:4": 2500
        },
        "Damage:2": 0,
        "OreDict:8": ""
      },
      "snd_update:8": "random.levelup",
      "repeatTime:3": -1,
      "globalShare:1": 1,
      "questLogic:8": "AND",
      "repeat_relative:1": 1,
      "name:8": "Creating a Better Wand",
      "isGlobal:1": 0,
      "lockedProgress:1": 0,
      "autoClaim:1": 0,
      "isSilent:1": 0,
      "desc:8": "This greatwood wand is nice, but it can only store 50 vis. Not enough to move nodes. My attempts to use silverwood failed, but I\u0027ve come across other mundane materials that I could use to make a new wand core."
    }
  },
  "tasks:9": {
    "0:10": {
      "index:3": 0,
      "taskID:8": "bq_standard:checkbox"
    }
  },
  "rewards:9": {}
}