{
  "questIDHigh:4": 0,
  "preRequisites:9": {
    "0:10": {
      "questIDHigh:4": 0,
      "questIDLow:4": 879
    }
  },
  "questIDLow:4": 2411,
  "properties:10": {
    "betterquesting:10": {
      "snd_complete:8": "random.levelup",
      "taskLogic:8": "AND",
      "partySingleReward:1": 0,
      "visibility:8": "NORMAL",
      "isMain:1": 0,
      "simultaneous:1": 0,
      "icon:10": {
        "id:8": "ExtraUtilities:dark_portal",
        "Count:3": 1,
        "Damage:2": 0,
        "OreDict:8": ""
      },
      "snd_update:8": "random.levelup",
      "repeatTime:3": -1,
      "globalShare:1": 0,
      "questLogic:8": "AND",
      "repeat_relative:1": 1,
      "name:8": "Fool\u0027s Gold",
      "lockedProgress:1": 0,
      "autoClaim:1": 0,
      "isSilent:1": 0,
      "desc:8": "After holding a Primal Charm for a while, you suddenly understand some of it\u0027s whispers! It tells of a land filled with untold riches, just waiting for someone to claim them. You scoff at the claim, but apparently if you \"Open the Eye\" and create a very fancy carved stone, you can create a portal there. But this eye it speaks of...just what is it? Maybe by delving into the darker realm of magic...bah! Only fools would believe such nonsense."
    }
  },
  "tasks:9": {
    "0:10": {
      "index:3": 0,
      "taskID:8": "bq_standard:checkbox"
    }
  },
  "rewards:9": {}
}