{
  "questIDHigh:4": 0,
  "preRequisites:9": {
    "0:10": {
      "questIDHigh:4": 0,
      "questIDLow:4": 280
    }
  },
  "questIDLow:4": 2412,
  "properties:10": {
    "betterquesting:10": {
      "snd_complete:8": "random.levelup",
      "taskLogic:8": "AND",
      "partySingleReward:1": 0,
      "visibility:8": "NORMAL",
      "isMain:1": 0,
      "simultaneous:1": 0,
      "icon:10": {
        "id:8": "ExtraUtilities:dark_portal",
        "Count:3": 1,
        "Damage:2": 2,
        "OreDict:8": ""
      },
      "snd_update:8": "random.levelup",
      "repeatTime:3": -1,
      "globalShare:1": 0,
      "questLogic:8": "AND",
      "repeat_relative:1": 1,
      "name:8": "Gen XXXXXXXXXX...",
      "lockedProgress:1": 0,
      "autoClaim:1": 0,
      "isSilent:1": 0,
      "desc:8": "Yes! Yes! The eyes! You understand now, it is all too clear! The land of riches, it is yours! But what is this? It\u0027s empty? Why, where have your Riches gone? The sole inhabitant tells you that all such things have faded away long ago, with the End of Time at hand...But that simply means you\u0027re in the right PLACE after all! You\u0027re simply in the wrong TIME. If you simply adjust the portal a little, you can arrive at the right PLACE and TIME to get your well-deserved Riches. You suspect that such an adjustment would require something strong...INFINITELY strong.\n\nIn the meantime you now have a very very big closet to store your things in once the old owner...moves out. Upon leaving, you spot a tiny Ghast, surely just your imagination? Unfortunately the shifting of time causes you to end up in what is likely wilderness when you leave. (Exiting through the portal sends you back to the world spawn)\n\nIn order to build a machine to take you to both the right place and time, you\u0027re going to have to roll up your sleeves and get to the very limits of technological prowess you can imagine. (see the Endgame Goals tab when you\u0027re ready)"
    }
  },
  "tasks:9": {
    "0:10": {
      "visible:1": 0,
      "invert:1": 0,
      "range:3": -1,
      "index:3": 0,
      "structure:8": "",
      "hideInfo:1": 0,
      "posX:3": 0,
      "posY:3": 0,
      "posZ:3": 0,
      "biome:3": -1,
      "name:8": "The End of Time",
      "dimension:3": 112,
      "taxiCabDist:1": 0,
      "taskID:8": "bq_standard:location"
    }
  },
  "rewards:9": {
    "0:10": {
      "rewardID:8": "bq_standard:item",
      "index:3": 0,
      "rewards:9": {
        "0:10": {
          "id:8": "enhancedlootbags:lootbag",
          "Count:3": 1,
          "Damage:2": 10,
          "OreDict:8": ""
        }
      }
    }
  }
}