{
  "questIDHigh:4": 0,
  "preRequisites:9": {
    "0:10": {
      "questIDHigh:4": 0,
      "questIDLow:4": 294
    }
  },
  "questIDLow:4": 3272,
  "properties:10": {
    "betterquesting:10": {
      "snd_complete:8": "random.levelup",
      "taskLogic:8": "OR",
      "partySingleReward:1": 0,
      "visibility:8": "NORMAL",
      "isMain:1": 0,
      "simultaneous:1": 0,
      "icon:10": {
        "id:8": "Thaumcraft:ItemGolemPlacer",
        "Count:3": 1,
        "tag:10": {
          "advanced:1": 1,
          "gadomancy:10": {}
        },
        "Damage:2": 7,
        "OreDict:8": ""
      },
      "snd_update:8": "random.levelup",
      "repeatTime:3": -1,
      "globalShare:1": 1,
      "questLogic:8": "AND",
      "repeat_relative:1": 1,
      "name:8": "Ignore the Glint in Their Eyes",
      "isGlobal:1": 0,
      "lockedProgress:1": 0,
      "autoClaim:1": 0,
      "isSilent:1": 0,
      "desc:8": "Well this is a bad idea, but since when has that stopped you before, golems with brains, what could go wrong?\n\n§2§b§3You only need to complete one task."
    }
  },
  "tasks:9": {
    "0:10": {
      "partialMatch:1": 1,
      "autoConsume:1": 0,
      "groupDetect:1": 0,
      "ignoreNBT:1": 0,
      "index:3": 0,
      "consume:1": 0,
      "requiredItems:9": {
        "0:10": {
          "id:8": "Thaumcraft:ItemGolemPlacer",
          "Count:3": 1,
          "tag:10": {
            "advanced:1": 1,
            "gadomancy:10": {}
          },
          "Damage:2": 0,
          "OreDict:8": ""
        }
      },
      "taskID:8": "bq_standard:retrieval"
    },
    "1:10": {
      "partialMatch:1": 1,
      "autoConsume:1": 0,
      "groupDetect:1": 0,
      "ignoreNBT:1": 0,
      "index:3": 1,
      "consume:1": 0,
      "requiredItems:9": {
        "0:10": {
          "id:8": "Thaumcraft:ItemGolemPlacer",
          "Count:3": 1,
          "tag:10": {
            "advanced:1": 1,
            "gadomancy:10": {}
          },
          "Damage:2": 1,
          "OreDict:8": ""
        }
      },
      "taskID:8": "bq_standard:retrieval"
    },
    "2:10": {
      "partialMatch:1": 1,
      "autoConsume:1": 0,
      "groupDetect:1": 0,
      "ignoreNBT:1": 0,
      "index:3": 2,
      "consume:1": 0,
      "requiredItems:9": {
        "0:10": {
          "id:8": "Thaumcraft:ItemGolemPlacer",
          "Count:3": 1,
          "tag:10": {
            "advanced:1": 1,
            "gadomancy:10": {}
          },
          "Damage:2": 2,
          "OreDict:8": ""
        }
      },
      "taskID:8": "bq_standard:retrieval"
    },
    "3:10": {
      "partialMatch:1": 1,
      "autoConsume:1": 0,
      "groupDetect:1": 0,
      "ignoreNBT:1": 0,
      "index:3": 3,
      "consume:1": 0,
      "requiredItems:9": {
        "0:10": {
          "id:8": "Thaumcraft:ItemGolemPlacer",
          "Count:3": 1,
          "tag:10": {
            "advanced:1": 1,
            "gadomancy:10": {}
          },
          "Damage:2": 3,
          "OreDict:8": ""
        }
      },
      "taskID:8": "bq_standard:retrieval"
    },
    "4:10": {
      "partialMatch:1": 1,
      "autoConsume:1": 0,
      "groupDetect:1": 0,
      "ignoreNBT:1": 0,
      "index:3": 4,
      "consume:1": 0,
      "requiredItems:9": {
        "0:10": {
          "id:8": "Thaumcraft:ItemGolemPlacer",
          "Count:3": 1,
          "tag:10": {
            "advanced:1": 1,
            "gadomancy:10": {}
          },
          "Damage:2": 4,
          "OreDict:8": ""
        }
      },
      "taskID:8": "bq_standard:retrieval"
    },
    "5:10": {
      "partialMatch:1": 1,
      "autoConsume:1": 0,
      "groupDetect:1": 0,
      "ignoreNBT:1": 0,
      "index:3": 5,
      "consume:1": 0,
      "requiredItems:9": {
        "0:10": {
          "id:8": "Thaumcraft:ItemGolemPlacer",
          "Count:3": 1,
          "tag:10": {
            "advanced:1": 1,
            "gadomancy:10": {}
          },
          "Damage:2": 5,
          "OreDict:8": ""
        }
      },
      "taskID:8": "bq_standard:retrieval"
    },
    "6:10": {
      "partialMatch:1": 1,
      "autoConsume:1": 0,
      "groupDetect:1": 0,
      "ignoreNBT:1": 0,
      "index:3": 6,
      "consume:1": 0,
      "requiredItems:9": {
        "0:10": {
          "id:8": "Thaumcraft:ItemGolemPlacer",
          "Count:3": 1,
          "tag:10": {
            "advanced:1": 1,
            "gadomancy:10": {}
          },
          "Damage:2": 6,
          "OreDict:8": ""
        }
      },
      "taskID:8": "bq_standard:retrieval"
    },
    "7:10": {
      "partialMatch:1": 1,
      "autoConsume:1": 0,
      "groupDetect:1": 0,
      "ignoreNBT:1": 0,
      "index:3": 7,
      "consume:1": 0,
      "requiredItems:9": {
        "0:10": {
          "id:8": "Thaumcraft:ItemGolemPlacer",
          "Count:3": 1,
          "tag:10": {
            "advanced:1": 1,
            "gadomancy:10": {}
          },
          "Damage:2": 7,
          "OreDict:8": ""
        }
      },
      "taskID:8": "bq_standard:retrieval"
    }
  },
  "rewards:9": {
    "0:10": {
      "rewardID:8": "bq_standard:item",
      "index:3": 0,
      "rewards:9": {
        "0:10": {
          "id:8": "enhancedlootbags:lootbag",
          "Count:3": 1,
          "tag:10": {
            "ench:9": {
              "0:10": {
                "lvl:2": 3,
                "id:2": 35
              }
            }
          },
          "Damage:2": 10,
          "OreDict:8": ""
        },
        "1:10": {
          "id:8": "dreamcraft:item.CoinDarkWizardI",
          "Count:3": 5,
          "Damage:2": 0,
          "OreDict:8": ""
        }
      }
    },
    "1:10": {
      "rewardID:8": "bq_standard:choice",
      "index:3": 1,
      "choices:9": {
        "0:10": {
          "id:8": "Thaumcraft:ItemGolemUpgrade",
          "Count:3": 1,
          "Damage:2": 0,
          "OreDict:8": ""
        },
        "1:10": {
          "id:8": "Thaumcraft:ItemGolemUpgrade",
          "Count:3": 1,
          "Damage:2": 1,
          "OreDict:8": ""
        },
        "2:10": {
          "id:8": "Thaumcraft:ItemGolemUpgrade",
          "Count:3": 1,
          "Damage:2": 2,
          "OreDict:8": ""
        },
        "3:10": {
          "id:8": "Thaumcraft:ItemGolemUpgrade",
          "Count:3": 1,
          "Damage:2": 3,
          "OreDict:8": ""
        },
        "4:10": {
          "id:8": "Thaumcraft:ItemGolemUpgrade",
          "Count:3": 1,
          "Damage:2": 4,
          "OreDict:8": ""
        },
        "5:10": {
          "id:8": "Thaumcraft:ItemGolemUpgrade",
          "Count:3": 1,
          "Damage:2": 5,
          "OreDict:8": ""
        }
      }
    }
  }
}