{
  "questIDHigh:4": 0,
  "preRequisites:9": {
    "0:10": {
      "questIDHigh:4": 0,
      "questIDLow:4": 878
    }
  },
  "questIDLow:4": 1191,
  "properties:10": {
    "betterquesting:10": {
      "snd_complete:8": "random.levelup",
      "taskLogic:8": "AND",
      "partySingleReward:1": 0,
      "visibility:8": "NORMAL",
      "isMain:1": 0,
      "simultaneous:1": 0,
      "icon:10": {
        "id:8": "Thaumcraft:WandCasting",
        "Count:3": 1,
        "tag:10": {
          "cap:8": "iron",
          "rod:8": "greatwood_staff",
          "AttributeModifiers:9": {
            "0:10": {
              "UUIDMost:4": -3801225194067177672,
              "UUIDLeast:4": -6586624321849018929,
              "Amount:6": 6.0,
              "AttributeName:8": "generic.attackDamage",
              "Operation:4": 0,
              "Name:8": "Weapon modifier"
            }
          }
        },
        "Damage:2": 8,
        "OreDict:8": ""
      },
      "snd_update:8": "random.levelup",
      "repeatTime:3": -1,
      "globalShare:1": 1,
      "questLogic:8": "AND",
      "repeat_relative:1": 1,
      "name:8": "Magic \"Staffter\"",
      "isGlobal:1": 0,
      "lockedProgress:1": 0,
      "autoClaim:1": 0,
      "isSilent:1": 0,
      "desc:8": "It is also possible to create a bizarre hybrid of staff and scepter (sometimes called a \"staffter\"), by using a staff core instead of a wand core in the scepter recipe. The resulting device can neither hold a focus nor be placed in a crafting table, but it can still be used to activate constructs, or as a \"vis battery\" for Repair-enchanted equipment or Runic shielding."
    }
  },
  "tasks:9": {
    "0:10": {
      "partialMatch:1": 1,
      "autoConsume:1": 0,
      "groupDetect:1": 0,
      "ignoreNBT:1": 0,
      "index:3": 0,
      "consume:1": 0,
      "requiredItems:9": {
        "0:10": {
          "id:8": "Thaumcraft:WandRod",
          "Count:3": 1,
          "Damage:2": 50,
          "OreDict:8": ""
        },
        "1:10": {
          "id:8": "Thaumcraft:WandCap",
          "Count:3": 3,
          "Damage:2": 0,
          "OreDict:8": ""
        },
        "2:10": {
          "id:8": "dreamcraft:item.LichBone",
          "Count:3": 2,
          "Damage:2": 0,
          "OreDict:8": ""
        },
        "3:10": {
          "id:8": "gregtech:gt.metaitem.01",
          "Count:3": 2,
          "Damage:2": 27366,
          "OreDict:8": ""
        },
        "4:10": {
          "id:8": "Thaumcraft:ItemResource",
          "Count:3": 1,
          "Damage:2": 15,
          "OreDict:8": ""
        }
      },
      "taskID:8": "bq_standard:retrieval"
    }
  },
  "rewards:9": {
    "0:10": {
      "rewardID:8": "bq_standard:item",
      "index:3": 0,
      "rewards:9": {
        "0:10": {
          "id:8": "Thaumcraft:ItemResource",
          "Count:3": 2,
          "Damage:2": 15,
          "OreDict:8": ""
        },
        "1:10": {
          "id:8": "Thaumcraft:ItemLootBag",
          "Count:3": 1,
          "Damage:2": 2,
          "OreDict:8": ""
        }
      }
    },
    "1:10": {
      "rewardID:8": "bq_standard:item",
      "index:3": 1,
      "rewards:9": {
        "0:10": {
          "id:8": "dreamcraft:item.CoinDarkWizardII",
          "Count:3": 1,
          "Damage:2": 0,
          "OreDict:8": ""
        }
      }
    }
  }
}