{
  "questIDHigh:4": 0,
  "preRequisites:9": {
    "0:10": {
      "questIDHigh:4": 0,
      "questIDLow:4": 265
    }
  },
  "questIDLow:4": 879,
  "properties:10": {
    "betterquesting:10": {
      "snd_complete:8": "random.levelup",
      "taskLogic:8": "AND",
      "partySingleReward:1": 0,
      "visibility:8": "NORMAL",
      "isMain:1": 0,
      "simultaneous:1": 0,
      "icon:10": {
        "id:8": "Thaumcraft:ItemResource",
        "Count:3": 1,
        "Damage:2": 15,
        "OreDict:8": ""
      },
      "snd_update:8": "random.levelup",
      "repeatTime:3": -1,
      "globalShare:1": 1,
      "questLogic:8": "AND",
      "repeat_relative:1": 1,
      "name:8": "Primal Charm",
      "isGlobal:1": 0,
      "lockedProgress:1": 0,
      "autoClaim:1": 0,
      "isSilent:1": 0,
      "desc:8": "With your new 50 vis wand you are able to make a Scepter which holds up to 75 vis.\nFirst you need some primal charms which cost 50 vis to craft."
    }
  },
  "tasks:9": {
    "0:10": {
      "partialMatch:1": 1,
      "autoConsume:1": 0,
      "groupDetect:1": 0,
      "ignoreNBT:1": 0,
      "index:3": 0,
      "consume:1": 0,
      "requiredItems:9": {
        "0:10": {
          "id:8": "Thaumcraft:blockCrystal",
          "Count:3": 1,
          "Damage:2": 0,
          "OreDict:8": ""
        },
        "1:10": {
          "id:8": "Thaumcraft:blockCrystal",
          "Count:3": 1,
          "Damage:2": 1,
          "OreDict:8": ""
        },
        "2:10": {
          "id:8": "Thaumcraft:blockCrystal",
          "Count:3": 1,
          "Damage:2": 2,
          "OreDict:8": ""
        },
        "3:10": {
          "id:8": "Thaumcraft:blockCrystal",
          "Count:3": 1,
          "Damage:2": 3,
          "OreDict:8": ""
        },
        "4:10": {
          "id:8": "Thaumcraft:blockCrystal",
          "Count:3": 1,
          "Damage:2": 4,
          "OreDict:8": ""
        },
        "5:10": {
          "id:8": "Thaumcraft:blockCrystal",
          "Count:3": 1,
          "Damage:2": 5,
          "OreDict:8": ""
        },
        "6:10": {
          "id:8": "Thaumcraft:blockCrystal",
          "Count:3": 1,
          "Damage:2": 6,
          "OreDict:8": ""
        },
        "7:10": {
          "id:8": "gregtech:gt.metaitem.01",
          "Count:3": 2,
          "Damage:2": 28351,
          "OreDict:8": ""
        }
      },
      "taskID:8": "bq_standard:optional_retrieval"
    },
    "1:10": {
      "partialMatch:1": 1,
      "autoConsume:1": 0,
      "groupDetect:1": 0,
      "ignoreNBT:1": 0,
      "index:3": 1,
      "consume:1": 0,
      "requiredItems:9": {
        "0:10": {
          "id:8": "Thaumcraft:ItemResource",
          "Count:3": 1,
          "Damage:2": 15,
          "OreDict:8": ""
        }
      },
      "taskID:8": "bq_standard:retrieval"
    }
  },
  "rewards:9": {
    "0:10": {
      "rewardID:8": "bq_standard:item",
      "index:3": 0,
      "rewards:9": {
        "0:10": {
          "id:8": "Thaumcraft:blockCrystal",
          "Count:3": 4,
          "Damage:2": 6,
          "OreDict:8": ""
        },
        "1:10": {
          "id:8": "Thaumcraft:ItemLootBag",
          "Count:3": 1,
          "Damage:2": 1,
          "OreDict:8": ""
        }
      }
    },
    "1:10": {
      "rewardID:8": "bq_standard:item",
      "index:3": 1,
      "rewards:9": {
        "0:10": {
          "id:8": "dreamcraft:item.CoinDarkWizardI",
          "Count:3": 5,
          "Damage:2": 0,
          "OreDict:8": ""
        }
      }
    }
  }
}