{
  "questIDHigh:4": 0,
  "preRequisites:9": {
    "0:10": {
      "questIDHigh:4": 0,
      "questIDLow:4": 879
    }
  },
  "questIDLow:4": 877,
  "properties:10": {
    "betterquesting:10": {
      "snd_complete:8": "random.levelup",
      "taskLogic:8": "AND",
      "partySingleReward:1": 0,
      "visibility:8": "NORMAL",
      "isMain:1": 0,
      "simultaneous:1": 0,
      "icon:10": {
        "id:8": "Thaumcraft:WandCasting",
        "Count:3": 1,
        "tag:10": {
          "cap:8": "iron",
          "rod:8": "greatwood",
          "sceptre:4": 1
        },
        "Damage:2": 4,
        "OreDict:8": ""
      },
      "snd_update:8": "random.levelup",
      "repeatTime:3": -1,
      "globalShare:1": 1,
      "questLogic:8": "AND",
      "repeat_relative:1": 1,
      "name:8": "Scepter With 75 Vis Capacity",
      "isGlobal:1": 0,
      "lockedProgress:1": 0,
      "autoClaim:1": 0,
      "isSilent:1": 0,
      "desc:8": "A scepter is crafted from a wand core, a primal charm, three wand caps, a twilight forest monster mob drop, and some screws. Any sort of core or cap may be used, but the caps must match each other. A scepter cannot hold a focus, but holds 150 percent as much vis as a wand with the same core, and gives an additional 10 percent discount for costs, beyond any discounts from its caps or the user\u0027s worn equipment. "
    }
  },
  "tasks:9": {
    "0:10": {
      "partialMatch:1": 1,
      "autoConsume:1": 0,
      "groupDetect:1": 0,
      "ignoreNBT:1": 1,
      "index:3": 0,
      "consume:1": 0,
      "requiredItems:9": {
        "0:10": {
          "id:8": "Thaumcraft:ItemResource",
          "Count:3": 1,
          "Damage:2": 15,
          "OreDict:8": ""
        },
        "1:10": {
          "id:8": "Thaumcraft:WandRod",
          "Count:3": 1,
          "Damage:2": 0,
          "OreDict:8": ""
        },
        "2:10": {
          "id:8": "dreamcraft:item.LichBone",
          "Count:3": 2,
          "Damage:2": 0,
          "OreDict:8": ""
        },
        "3:10": {
          "id:8": "gregtech:gt.metaitem.01",
          "Count:3": 2,
          "Damage:2": 27306,
          "OreDict:8": ""
        }
      },
      "taskID:8": "bq_standard:retrieval"
    }
  },
  "rewards:9": {
    "0:10": {
      "rewardID:8": "bq_standard:item",
      "index:3": 0,
      "rewards:9": {
        "0:10": {
          "id:8": "Thaumcraft:ItemResource",
          "Count:3": 1,
          "Damage:2": 15,
          "OreDict:8": ""
        },
        "1:10": {
          "id:8": "Thaumcraft:ItemLootBag",
          "Count:3": 1,
          "Damage:2": 1,
          "OreDict:8": ""
        }
      }
    },
    "1:10": {
      "rewardID:8": "bq_standard:item",
      "index:3": 1,
      "rewards:9": {
        "0:10": {
          "id:8": "dreamcraft:item.CoinDarkWizardI",
          "Count:3": 5,
          "Damage:2": 0,
          "OreDict:8": ""
        }
      }
    }
  }
}