{
  "questIDHigh:4": 0,
  "preRequisites:9": {
    "0:10": {
      "questIDHigh:4": 0,
      "questIDLow:4": 1106
    },
    "1:10": {
      "questIDHigh:4": 0,
      "questIDLow:4": 986
    },
    "2:10": {
      "questIDHigh:4": 0,
      "questIDLow:4": 1102
    }
  },
  "questIDLow:4": 1105,
  "properties:10": {
    "betterquesting:10": {
      "snd_complete:8": "random.levelup",
      "taskLogic:8": "AND",
      "partySingleReward:1": 0,
      "visibility:8": "NORMAL",
      "isMain:1": 0,
      "simultaneous:1": 0,
      "icon:10": {
        "id:8": "ExtraUtilities:divisionSigil",
        "Count:3": 1,
        "tag:10": {
          "stable:4": 1
        },
        "Damage:2": 0,
        "OreDict:8": ""
      },
      "snd_update:8": "random.levelup",
      "repeatTime:3": -1,
      "globalShare:1": 1,
      "questLogic:8": "AND",
      "repeat_relative:1": 1,
      "name:8": "Stable Division Sigil",
      "isGlobal:1": 0,
      "lockedProgress:1": 0,
      "autoClaim:1": 0,
      "isSilent:1": 0,
      "desc:8": "The second ritual will not be as easy as the first one. After this ritual your sigil will be stable enough to make stable unstable ingots which will not explode, and will no longer take durability damage.\n\nThis ritual needs to be performed in The End dimension. The ritual is performed by placing a Beacon in the center of a flat area of at least 11x11, not necessarily End Stone. Then place a chest in each of the cardinal directions leaving 4 spaces empty between the chest and the Beacon. In each chest insert these specific contents:\n\nNorth: iron ingot, gold ingot and the other things listed in the task.\nSouth: The different Ore Blocks and the other things listed in the task.\nEast: The potions.\nWest: The Music disks.\n\nA spiral pattern of Redstone and String is then laid out around the beacon. At any time, Shift+Right-clicking the Beacon with an Activated Division Sigil in hand will show the building progress of the ritual.\n\nFinally, kill an Iron Golem while it stands within the ritual area to activate the process. If it works, there will be an explosion that destroys the beacon and chests, while every Enderman in the End vanishes. During the ritual, throngs of aggresive mobs imbued with Haste will begin spawning and attacking the Player who needs to kill 100 of them to complete the ritual. If the Player dies or leaves the dimension, the ritual will fail and will have to be started over. Once enough mobs have been killed, the first activated Sigil in the inventory will stabilize. The Pseudo-Inversion Sigil can be used an unlimited number of times, and dividing an Iron Ingot by Diamond will produce Mobius \"Unstable-Stable\" Ingot which does not explode, can be produced in any crafting interface and will stack up to 64."
    }
  },
  "tasks:9": {
    "0:10": {
      "partialMatch:1": 1,
      "autoConsume:1": 0,
      "groupDetect:1": 0,
      "ignoreNBT:1": 0,
      "index:3": 0,
      "consume:1": 0,
      "requiredItems:9": {
        "0:10": {
          "id:8": "minecraft:beacon",
          "Count:3": 1,
          "Damage:2": 0,
          "OreDict:8": ""
        }
      },
      "taskID:8": "bq_standard:optional_retrieval"
    },
    "1:10": {
      "partialMatch:1": 1,
      "autoConsume:1": 0,
      "groupDetect:1": 0,
      "ignoreNBT:1": 0,
      "index:3": 1,
      "consume:1": 0,
      "requiredItems:9": {
        "0:10": {
          "id:8": "minecraft:chest",
          "Count:3": 4,
          "Damage:2": 0,
          "OreDict:8": ""
        },
        "1:10": {
          "id:8": "minecraft:redstone",
          "Count:3": 40,
          "Damage:2": 0,
          "OreDict:8": ""
        },
        "2:10": {
          "id:8": "minecraft:string",
          "Count:3": 40,
          "Damage:2": 0,
          "OreDict:8": ""
        }
      },
      "taskID:8": "bq_standard:optional_retrieval"
    },
    "2:10": {
      "partialMatch:1": 1,
      "autoConsume:1": 0,
      "groupDetect:1": 0,
      "ignoreNBT:1": 0,
      "index:3": 2,
      "consume:1": 0,
      "requiredItems:9": {
        "0:10": {
          "id:8": "minecraft:cooked_porkchop",
          "Count:3": 1,
          "Damage:2": 0,
          "OreDict:8": ""
        },
        "1:10": {
          "id:8": "minecraft:cooked_fished",
          "Count:3": 1,
          "Damage:2": 0,
          "OreDict:8": ""
        },
        "2:10": {
          "id:8": "minecraft:cooked_beef",
          "Count:3": 1,
          "Damage:2": 0,
          "OreDict:8": ""
        },
        "3:10": {
          "id:8": "minecraft:cooked_chicken",
          "Count:3": 1,
          "Damage:2": 0,
          "OreDict:8": ""
        },
        "4:10": {
          "id:8": "minecraft:dye",
          "Count:3": 1,
          "Damage:2": 2,
          "OreDict:8": ""
        },
        "5:10": {
          "id:8": "minecraft:baked_potato",
          "Count:3": 1,
          "Damage:2": 0,
          "OreDict:8": ""
        },
        "6:10": {
          "id:8": "minecraft:coal",
          "Count:3": 1,
          "Damage:2": 1,
          "OreDict:8": ""
        },
        "7:10": {
          "id:8": "minecraft:iron_ingot",
          "Count:3": 1,
          "Damage:2": 0,
          "OreDict:8": ""
        },
        "8:10": {
          "id:8": "minecraft:gold_ingot",
          "Count:3": 1,
          "Damage:2": 0,
          "OreDict:8": ""
        },
        "9:10": {
          "id:8": "minecraft:stone",
          "Count:3": 1,
          "Damage:2": 0,
          "OreDict:8": ""
        },
        "10:10": {
          "id:8": "minecraft:glass",
          "Count:3": 1,
          "Damage:2": 0,
          "OreDict:8": ""
        },
        "11:10": {
          "id:8": "minecraft:hardened_clay",
          "Count:3": 1,
          "Damage:2": 0,
          "OreDict:8": ""
        }
      },
      "taskID:8": "bq_standard:optional_retrieval"
    },
    "3:10": {
      "partialMatch:1": 1,
      "autoConsume:1": 0,
      "groupDetect:1": 0,
      "ignoreNBT:1": 0,
      "index:3": 3,
      "consume:1": 0,
      "requiredItems:9": {
        "0:10": {
          "id:8": "minecraft:dirt",
          "Count:3": 1,
          "Damage:2": 0,
          "OreDict:8": ""
        },
        "1:10": {
          "id:8": "minecraft:sand",
          "Count:3": 1,
          "Damage:2": 0,
          "OreDict:8": ""
        },
        "2:10": {
          "id:8": "minecraft:grass",
          "Count:3": 1,
          "Damage:2": 0,
          "OreDict:8": ""
        },
        "3:10": {
          "id:8": "minecraft:gravel",
          "Count:3": 1,
          "Damage:2": 0,
          "OreDict:8": ""
        },
        "4:10": {
          "id:8": "minecraft:clay",
          "Count:3": 1,
          "Damage:2": 0,
          "OreDict:8": ""
        },
        "5:10": {
          "id:8": "minecraft:obsidian",
          "Count:3": 1,
          "Damage:2": 0,
          "OreDict:8": ""
        },
        "6:10": {
          "id:8": "minecraft:coal_ore",
          "Count:3": 1,
          "Damage:2": 0,
          "OreDict:8": ""
        },
        "7:10": {
          "id:8": "minecraft:iron_ore",
          "Count:3": 1,
          "Damage:2": 0,
          "OreDict:8": ""
        },
        "8:10": {
          "id:8": "minecraft:gold_ore",
          "Count:3": 1,
          "Damage:2": 0,
          "OreDict:8": ""
        },
        "9:10": {
          "id:8": "minecraft:redstone_ore",
          "Count:3": 1,
          "Damage:2": 0,
          "OreDict:8": ""
        },
        "10:10": {
          "id:8": "minecraft:lapis_ore",
          "Count:3": 1,
          "Damage:2": 0,
          "OreDict:8": ""
        },
        "11:10": {
          "id:8": "minecraft:emerald_ore",
          "Count:3": 1,
          "Damage:2": 0,
          "OreDict:8": ""
        }
      },
      "taskID:8": "bq_standard:optional_retrieval"
    },
    "4:10": {
      "partialMatch:1": 1,
      "autoConsume:1": 0,
      "groupDetect:1": 0,
      "ignoreNBT:1": 0,
      "index:3": 4,
      "consume:1": 0,
      "requiredItems:9": {
        "0:10": {
          "id:8": "minecraft:record_cat",
          "Count:3": 1,
          "Damage:2": 0,
          "OreDict:8": ""
        },
        "1:10": {
          "id:8": "minecraft:record_blocks",
          "Count:3": 1,
          "Damage:2": 0,
          "OreDict:8": ""
        },
        "2:10": {
          "id:8": "minecraft:record_chirp",
          "Count:3": 1,
          "Damage:2": 0,
          "OreDict:8": ""
        },
        "3:10": {
          "id:8": "minecraft:record_far",
          "Count:3": 1,
          "Damage:2": 0,
          "OreDict:8": ""
        },
        "4:10": {
          "id:8": "minecraft:record_mall",
          "Count:3": 1,
          "Damage:2": 0,
          "OreDict:8": ""
        },
        "5:10": {
          "id:8": "minecraft:record_mellohi",
          "Count:3": 1,
          "Damage:2": 0,
          "OreDict:8": ""
        },
        "6:10": {
          "id:8": "minecraft:record_stal",
          "Count:3": 1,
          "Damage:2": 0,
          "OreDict:8": ""
        },
        "7:10": {
          "id:8": "minecraft:record_strad",
          "Count:3": 1,
          "Damage:2": 0,
          "OreDict:8": ""
        },
        "8:10": {
          "id:8": "minecraft:record_ward",
          "Count:3": 1,
          "Damage:2": 0,
          "OreDict:8": ""
        },
        "9:10": {
          "id:8": "minecraft:record_11",
          "Count:3": 1,
          "Damage:2": 0,
          "OreDict:8": ""
        },
        "10:10": {
          "id:8": "minecraft:record_wait",
          "Count:3": 1,
          "Damage:2": 0,
          "OreDict:8": ""
        },
        "11:10": {
          "id:8": "minecraft:record_13",
          "Count:3": 1,
          "Damage:2": 0,
          "OreDict:8": ""
        }
      },
      "taskID:8": "bq_standard:optional_retrieval"
    },
    "5:10": {
      "partialMatch:1": 1,
      "autoConsume:1": 0,
      "groupDetect:1": 0,
      "ignoreNBT:1": 0,
      "index:3": 5,
      "consume:1": 0,
      "requiredItems:9": {
        "0:10": {
          "id:8": "minecraft:potion",
          "Count:3": 1,
          "Damage:2": 8199,
          "OreDict:8": ""
        },
        "1:10": {
          "id:8": "minecraft:potion",
          "Count:3": 1,
          "Damage:2": 8200,
          "OreDict:8": ""
        },
        "2:10": {
          "id:8": "minecraft:potion",
          "Count:3": 1,
          "Damage:2": 8201,
          "OreDict:8": ""
        },
        "3:10": {
          "id:8": "minecraft:potion",
          "Count:3": 1,
          "Damage:2": 8202,
          "OreDict:8": ""
        },
        "4:10": {
          "id:8": "minecraft:potion",
          "Count:3": 1,
          "Damage:2": 8198,
          "OreDict:8": ""
        },
        "5:10": {
          "id:8": "minecraft:potion",
          "Count:3": 1,
          "Damage:2": 8203,
          "OreDict:8": ""
        },
        "6:10": {
          "id:8": "minecraft:potion",
          "Count:3": 1,
          "Damage:2": 8193,
          "OreDict:8": ""
        },
        "7:10": {
          "id:8": "minecraft:potion",
          "Count:3": 1,
          "Damage:2": 8194,
          "OreDict:8": ""
        },
        "8:10": {
          "id:8": "minecraft:potion",
          "Count:3": 1,
          "Damage:2": 8195,
          "OreDict:8": ""
        },
        "9:10": {
          "id:8": "minecraft:potion",
          "Count:3": 1,
          "Damage:2": 8196,
          "OreDict:8": ""
        },
        "10:10": {
          "id:8": "minecraft:potion",
          "Count:3": 1,
          "Damage:2": 8197,
          "OreDict:8": ""
        },
        "11:10": {
          "id:8": "minecraft:potion",
          "Count:3": 1,
          "Damage:2": 8205,
          "OreDict:8": ""
        }
      },
      "taskID:8": "bq_standard:optional_retrieval"
    },
    "6:10": {
      "partialMatch:1": 1,
      "autoConsume:1": 0,
      "groupDetect:1": 0,
      "ignoreNBT:1": 0,
      "index:3": 6,
      "consume:1": 0,
      "requiredItems:9": {
        "0:10": {
          "id:8": "minecraft:pumpkin",
          "Count:3": 1,
          "Damage:2": 0,
          "OreDict:8": ""
        },
        "1:10": {
          "id:8": "minecraft:iron_block",
          "Count:3": 4,
          "Damage:2": 0,
          "OreDict:8": ""
        }
      },
      "taskID:8": "bq_standard:optional_retrieval"
    },
    "7:10": {
      "visible:1": 0,
      "invert:1": 0,
      "range:3": -1,
      "index:3": 7,
      "structure:8": "",
      "hideInfo:1": 0,
      "posX:3": 0,
      "posY:3": 0,
      "posZ:3": 0,
      "biome:3": -1,
      "name:8": "The END",
      "dimension:3": 1,
      "taxiCabDist:1": 0,
      "taskID:8": "bq_standard:location"
    },
    "8:10": {
      "partialMatch:1": 1,
      "autoConsume:1": 0,
      "groupDetect:1": 0,
      "ignoreNBT:1": 0,
      "index:3": 8,
      "consume:1": 0,
      "requiredItems:9": {
        "0:10": {
          "id:8": "ExtraUtilities:divisionSigil",
          "Count:3": 1,
          "tag:10": {
            "stable:4": 1
          },
          "Damage:2": 0,
          "OreDict:8": ""
        }
      },
      "taskID:8": "bq_standard:retrieval"
    }
  },
  "rewards:9": {
    "0:10": {
      "rewardID:8": "bq_standard:item",
      "index:3": 0,
      "rewards:9": {
        "0:10": {
          "id:8": "minecraft:beacon",
          "Count:3": 1,
          "Damage:2": 0,
          "OreDict:8": ""
        },
        "1:10": {
          "id:8": "enhancedlootbags:lootbag",
          "Count:3": 1,
          "Damage:2": 11,
          "OreDict:8": ""
        },
        "2:10": {
          "id:8": "Thaumcraft:ItemLootBag",
          "Count:3": 1,
          "Damage:2": 1,
          "OreDict:8": ""
        }
      }
    },
    "1:10": {
      "rewardID:8": "bq_standard:item",
      "index:3": 1,
      "rewards:9": {
        "0:10": {
          "id:8": "dreamcraft:item.CoinSurvivorII",
          "Count:3": 1,
          "Damage:2": 0,
          "OreDict:8": ""
        },
        "1:10": {
          "id:8": "dreamcraft:item.CoinTechnicianII",
          "Count:3": 1,
          "Damage:2": 0,
          "OreDict:8": ""
        },
        "2:10": {
          "id:8": "dreamcraft:item.CoinDarkWizardII",
          "Count:3": 1,
          "Damage:2": 0,
          "OreDict:8": ""
        }
      }
    }
  }
}