{
  "questIDHigh:4": 0,
  "preRequisites:9": {
    "0:10": {
      "questIDHigh:4": 0,
      "questIDLow:4": 295
    }
  },
  "questIDLow:4": 296,
  "properties:10": {
    "betterquesting:10": {
      "snd_complete:8": "random.levelup",
      "taskLogic:8": "AND",
      "partySingleReward:1": 0,
      "visibility:8": "NORMAL",
      "isMain:1": 0,
      "simultaneous:1": 0,
      "icon:10": {
        "id:8": "Thaumcraft:ItemCrystalEssence",
        "Count:3": 1,
        "tag:10": {
          "Aspects:9": {
            "0:10": {
              "amount:4": 1,
              "key:8": "ordo"
            }
          }
        },
        "Damage:2": 0,
        "OreDict:8": ""
      },
      "snd_update:8": "random.levelup",
      "repeatTime:3": -1,
      "globalShare:1": 1,
      "questLogic:8": "AND",
      "repeat_relative:1": 1,
      "name:8": "The Basic Elements",
      "isGlobal:1": 0,
      "lockedProgress:1": 0,
      "autoClaim:1": 0,
      "isSilent:1": 0,
      "desc:8": "Of course you know where and how to get the basic essentia types. Right?"
    }
  },
  "tasks:9": {
    "0:10": {
      "partialMatch:1": 1,
      "autoConsume:1": 0,
      "groupDetect:1": 0,
      "ignoreNBT:1": 0,
      "index:3": 0,
      "consume:1": 0,
      "requiredItems:9": {
        "0:10": {
          "id:8": "Thaumcraft:ItemCrystalEssence",
          "Count:3": 1,
          "tag:10": {
            "Aspects:9": {
              "0:10": {
                "amount:4": 1,
                "key:8": "ordo"
              }
            }
          },
          "Damage:2": 0,
          "OreDict:8": ""
        },
        "1:10": {
          "id:8": "Thaumcraft:ItemCrystalEssence",
          "Count:3": 1,
          "tag:10": {
            "Aspects:9": {
              "0:10": {
                "amount:4": 1,
                "key:8": "aqua"
              }
            }
          },
          "Damage:2": 0,
          "OreDict:8": ""
        },
        "2:10": {
          "id:8": "Thaumcraft:ItemCrystalEssence",
          "Count:3": 1,
          "tag:10": {
            "Aspects:9": {
              "0:10": {
                "amount:4": 1,
                "key:8": "terra"
              }
            }
          },
          "Damage:2": 0,
          "OreDict:8": ""
        },
        "3:10": {
          "id:8": "Thaumcraft:ItemCrystalEssence",
          "Count:3": 1,
          "tag:10": {
            "Aspects:9": {
              "0:10": {
                "amount:4": 1,
                "key:8": "ignis"
              }
            }
          },
          "Damage:2": 0,
          "OreDict:8": ""
        },
        "4:10": {
          "id:8": "Thaumcraft:ItemCrystalEssence",
          "Count:3": 1,
          "tag:10": {
            "Aspects:9": {
              "0:10": {
                "amount:4": 1,
                "key:8": "aer"
              }
            }
          },
          "Damage:2": 0,
          "OreDict:8": ""
        },
        "5:10": {
          "id:8": "Thaumcraft:ItemCrystalEssence",
          "Count:3": 1,
          "tag:10": {
            "Aspects:9": {
              "0:10": {
                "amount:4": 1,
                "key:8": "perditio"
              }
            }
          },
          "Damage:2": 0,
          "OreDict:8": ""
        }
      },
      "taskID:8": "bq_standard:retrieval"
    },
    "1:10": {
      "partialMatch:1": 1,
      "autoConsume:1": 0,
      "groupDetect:1": 0,
      "ignoreNBT:1": 0,
      "index:3": 1,
      "consume:1": 0,
      "requiredItems:9": {
        "0:10": {
          "id:8": "Thaumcraft:ItemCrystalEssence",
          "Count:3": 1,
          "tag:10": {
            "Aspects:9": {
              "0:10": {
                "amount:4": 1,
                "key:8": "radio"
              }
            }
          },
          "Damage:2": 0,
          "OreDict:8": ""
        },
        "1:10": {
          "id:8": "Thaumcraft:ItemCrystalEssence",
          "Count:3": 1,
          "tag:10": {
            "Aspects:9": {
              "0:10": {
                "amount:4": 1,
                "key:8": "superbia"
              }
            }
          },
          "Damage:2": 0,
          "OreDict:8": ""
        },
        "2:10": {
          "id:8": "Thaumcraft:ItemCrystalEssence",
          "Count:3": 1,
          "tag:10": {
            "Aspects:9": {
              "0:10": {
                "amount:4": 1,
                "key:8": "alienis"
              }
            }
          },
          "Damage:2": 0,
          "OreDict:8": ""
        },
        "3:10": {
          "id:8": "Thaumcraft:ItemCrystalEssence",
          "Count:3": 1,
          "tag:10": {
            "Aspects:9": {
              "0:10": {
                "amount:4": 1,
                "key:8": "nebrisum"
              }
            }
          },
          "Damage:2": 0,
          "OreDict:8": ""
        },
        "4:10": {
          "id:8": "Thaumcraft:ItemCrystalEssence",
          "Count:3": 1,
          "tag:10": {
            "Aspects:9": {
              "0:10": {
                "amount:4": 1,
                "key:8": "strontio"
              }
            }
          },
          "Damage:2": 0,
          "OreDict:8": ""
        },
        "5:10": {
          "id:8": "Thaumcraft:ItemCrystalEssence",
          "Count:3": 1,
          "tag:10": {
            "Aspects:9": {
              "0:10": {
                "amount:4": 1,
                "key:8": "tempus"
              }
            }
          },
          "Damage:2": 0,
          "OreDict:8": ""
        },
        "6:10": {
          "id:8": "Thaumcraft:ItemCrystalEssence",
          "Count:3": 1,
          "tag:10": {
            "Aspects:9": {
              "0:10": {
                "amount:4": 1,
                "key:8": "luxuria"
              }
            }
          },
          "Damage:2": 0,
          "OreDict:8": ""
        }
      },
      "taskID:8": "bq_standard:retrieval"
    },
    "2:10": {
      "partialMatch:1": 1,
      "autoConsume:1": 0,
      "groupDetect:1": 0,
      "ignoreNBT:1": 0,
      "index:3": 2,
      "consume:1": 0,
      "requiredItems:9": {
        "0:10": {
          "id:8": "Thaumcraft:ItemCrystalEssence",
          "Count:3": 1,
          "tag:10": {
            "Aspects:9": {
              "0:10": {
                "amount:4": 1,
                "key:8": "ira"
              }
            }
          },
          "Damage:2": 0,
          "OreDict:8": ""
        },
        "1:10": {
          "id:8": "Thaumcraft:ItemCrystalEssence",
          "Count:3": 1,
          "tag:10": {
            "Aspects:9": {
              "0:10": {
                "amount:4": 1,
                "key:8": "spiritus"
              }
            }
          },
          "Damage:2": 0,
          "OreDict:8": ""
        },
        "2:10": {
          "id:8": "Thaumcraft:ItemCrystalEssence",
          "Count:3": 1,
          "tag:10": {
            "Aspects:9": {
              "0:10": {
                "amount:4": 1,
                "key:8": "mortuus"
              }
            }
          },
          "Damage:2": 0,
          "OreDict:8": ""
        },
        "3:10": {
          "id:8": "Thaumcraft:ItemCrystalEssence",
          "Count:3": 1,
          "tag:10": {
            "Aspects:9": {
              "0:10": {
                "amount:4": 1,
                "key:8": "venenum"
              }
            }
          },
          "Damage:2": 0,
          "OreDict:8": ""
        },
        "4:10": {
          "id:8": "Thaumcraft:ItemCrystalEssence",
          "Count:3": 1,
          "tag:10": {
            "Aspects:9": {
              "0:10": {
                "amount:4": 1,
                "key:8": "infernus"
              }
            }
          },
          "Damage:2": 0,
          "OreDict:8": ""
        },
        "5:10": {
          "id:8": "Thaumcraft:ItemCrystalEssence",
          "Count:3": 1,
          "tag:10": {
            "Aspects:9": {
              "0:10": {
                "amount:4": 1,
                "key:8": "tenebrae"
              }
            }
          },
          "Damage:2": 0,
          "OreDict:8": ""
        },
        "6:10": {
          "id:8": "Thaumcraft:ItemCrystalEssence",
          "Count:3": 1,
          "tag:10": {
            "Aspects:9": {
              "0:10": {
                "amount:4": 1,
                "key:8": "corpus"
              }
            }
          },
          "Damage:2": 0,
          "OreDict:8": ""
        },
        "7:10": {
          "id:8": "Thaumcraft:ItemCrystalEssence",
          "Count:3": 1,
          "tag:10": {
            "Aspects:9": {
              "0:10": {
                "amount:4": 1,
                "key:8": "exanimis"
              }
            }
          },
          "Damage:2": 0,
          "OreDict:8": ""
        }
      },
      "taskID:8": "bq_standard:retrieval"
    }
  },
  "rewards:9": {
    "0:10": {
      "rewardID:8": "bq_standard:choice",
      "index:3": 0,
      "choices:9": {
        "0:10": {
          "id:8": "Thaumcraft:ItemCrystalEssence",
          "Count:3": 32,
          "tag:10": {
            "Aspects:9": {
              "0:10": {
                "amount:4": 1,
                "key:8": "nebrisum"
              }
            }
          },
          "Damage:2": 0,
          "OreDict:8": ""
        },
        "1:10": {
          "id:8": "Thaumcraft:ItemCrystalEssence",
          "Count:3": 32,
          "tag:10": {
            "Aspects:9": {
              "0:10": {
                "amount:4": 1,
                "key:8": "superbia"
              }
            }
          },
          "Damage:2": 0,
          "OreDict:8": ""
        },
        "2:10": {
          "id:8": "Thaumcraft:ItemCrystalEssence",
          "Count:3": 32,
          "tag:10": {
            "Aspects:9": {
              "0:10": {
                "amount:4": 1,
                "key:8": "strontio"
              }
            }
          },
          "Damage:2": 0,
          "OreDict:8": ""
        },
        "3:10": {
          "id:8": "Thaumcraft:ItemCrystalEssence",
          "Count:3": 32,
          "tag:10": {
            "Aspects:9": {
              "0:10": {
                "amount:4": 1,
                "key:8": "luxuria"
              }
            }
          },
          "Damage:2": 0,
          "OreDict:8": ""
        }
      }
    },
    "1:10": {
      "rewardID:8": "bq_standard:item",
      "index:3": 1,
      "rewards:9": {
        "0:10": {
          "id:8": "dreamcraft:item.CoinDarkWizardI",
          "Count:3": 5,
          "Damage:2": 0,
          "OreDict:8": ""
        }
      }
    }
  }
}