{
  "questIDHigh:4": 0,
  "preRequisites:9": {
    "0:10": {
      "questIDHigh:4": 0,
      "questIDLow:4": 280
    }
  },
  "questIDLow:4": 279,
  "properties:10": {
    "betterquesting:10": {
      "snd_complete:8": "random.levelup",
      "taskLogic:8": "AND",
      "partySingleReward:1": 0,
      "visibility:8": "NORMAL",
      "isMain:1": 1,
      "simultaneous:1": 0,
      "icon:10": {
        "id:8": "Thaumcraft:blockLootCrate",
        "Count:3": 1,
        "Damage:2": 1,
        "OreDict:8": ""
      },
      "snd_update:8": "random.levelup",
      "repeatTime:3": -1,
      "globalShare:1": 1,
      "questLogic:8": "AND",
      "repeat_relative:1": 1,
      "name:8": "The Dark Realm",
      "isGlobal:1": 0,
      "lockedProgress:1": 0,
      "autoClaim:1": 0,
      "isSilent:1": 0,
      "desc:8": "We found the way... my precious. We found it! Only need 4 tasty eyes, and some magic to open the door. The secret door, they didn\u0027t see it. Hehehe! All the time. It was there... Aaaall the time!"
    }
  },
  "tasks:9": {
    "0:10": {
      "visible:1": 0,
      "invert:1": 0,
      "range:3": -1,
      "index:3": 0,
      "structure:8": "",
      "hideInfo:1": 0,
      "posX:3": 0,
      "posY:3": 0,
      "posZ:3": 0,
      "biome:3": -1,
      "name:8": "Visit \"Outer Lands\"",
      "dimension:3": 50,
      "taxiCabDist:1": 0,
      "taskID:8": "bq_standard:location"
    }
  },
  "rewards:9": {
    "0:10": {
      "rewardID:8": "bq_standard:item",
      "index:3": 0,
      "rewards:9": {
        "0:10": {
          "id:8": "enhancedlootbags:lootbag",
          "Count:3": 1,
          "Damage:2": 12,
          "OreDict:8": ""
        }
      }
    },
    "1:10": {
      "rewardID:8": "bq_standard:item",
      "index:3": 1,
      "rewards:9": {
        "0:10": {
          "id:8": "dreamcraft:item.CoinSurvivorII",
          "Count:3": 1,
          "Damage:2": 0,
          "OreDict:8": ""
        },
        "1:10": {
          "id:8": "dreamcraft:item.CoinAdventureII",
          "Count:3": 1,
          "Damage:2": 0,
          "OreDict:8": ""
        },
        "2:10": {
          "id:8": "dreamcraft:item.CoinDarkWizardII",
          "Count:3": 1,
          "Damage:2": 0,
          "OreDict:8": ""
        }
      }
    }
  }
}