{
  "questIDHigh:4": 0,
  "preRequisites:9": {
    "0:10": {
      "questIDHigh:4": 0,
      "questIDLow:4": 266
    }
  },
  "questIDLow:4": 2268,
  "properties:10": {
    "betterquesting:10": {
      "snd_complete:8": "random.levelup",
      "taskLogic:8": "AND",
      "partySingleReward:1": 0,
      "visibility:8": "NORMAL",
      "isMain:1": 0,
      "simultaneous:1": 0,
      "icon:10": {
        "id:8": "OpenBlocks:luggage",
        "Count:3": 1,
        "Damage:2": 0,
        "OreDict:8": ""
      },
      "snd_update:8": "random.levelup",
      "repeatTime:3": -1,
      "globalShare:1": 1,
      "questLogic:8": "AND",
      "repeat_relative:1": 1,
      "name:8": "Who Needs Friends?",
      "isGlobal:1": 0,
      "lockedProgress:1": 0,
      "autoClaim:1": 0,
      "isSilent:1": 0,
      "desc:8": "Luggage is better than a dumb old traveling trunk. It automatically picks up dropped items, saving you time while mining. It\u0027s near-invulnerable, including in lava. It will follow you like an eager puppy, to the ends of the earth - but you probably should pick her up before changing dimensions. A lightning strike can provide more room. Shift right-clicking will turn it back into an item without losing its contents. Look for her in the GTNH tab of the Thaumonomicon."
    }
  },
  "tasks:9": {
    "0:10": {
      "partialMatch:1": 1,
      "autoConsume:1": 0,
      "groupDetect:1": 0,
      "ignoreNBT:1": 0,
      "index:3": 0,
      "consume:1": 0,
      "requiredItems:9": {
        "0:10": {
          "id:8": "OpenBlocks:luggage",
          "Count:3": 1,
          "Damage:2": 0,
          "OreDict:8": ""
        }
      },
      "taskID:8": "bq_standard:retrieval"
    }
  },
  "rewards:9": {
    "0:10": {
      "rewardID:8": "bq_standard:item",
      "index:3": 0,
      "rewards:9": {
        "0:10": {
          "id:8": "enhancedlootbags:lootbag",
          "Count:3": 1,
          "tag:10": {
            "ench:9": {
              "0:10": {
                "lvl:4": 3,
                "id:4": 35
              }
            }
          },
          "Damage:2": 10,
          "OreDict:8": ""
        }
      }
    },
    "1:10": {
      "rewardID:8": "bq_standard:choice",
      "index:3": 1,
      "choices:9": {
        "0:10": {
          "id:8": "Thaumcraft:ItemGolemUpgrade",
          "Count:3": 1,
          "Damage:2": 0,
          "OreDict:8": ""
        },
        "1:10": {
          "id:8": "Thaumcraft:ItemGolemUpgrade",
          "Count:3": 1,
          "Damage:2": 1,
          "OreDict:8": ""
        },
        "2:10": {
          "id:8": "Thaumcraft:ItemGolemUpgrade",
          "Count:3": 1,
          "Damage:2": 2,
          "OreDict:8": ""
        },
        "3:10": {
          "id:8": "Thaumcraft:ItemGolemUpgrade",
          "Count:3": 1,
          "Damage:2": 3,
          "OreDict:8": ""
        },
        "4:10": {
          "id:8": "Thaumcraft:ItemGolemUpgrade",
          "Count:3": 1,
          "Damage:2": 4,
          "OreDict:8": ""
        },
        "5:10": {
          "id:8": "Thaumcraft:ItemGolemUpgrade",
          "Count:3": 1,
          "Damage:2": 5,
          "OreDict:8": ""
        }
      }
    }
  }
}