{
  "quests:9": {
    "0:10": {
      "questIDHigh:4": 0,
      "sizeX:3": 24,
      "x:3": 144,
      "y:3": 108,
      "questIDLow:4": 260,
      "sizeY:3": 24
    },
    "1:10": {
      "questIDHigh:4": 0,
      "sizeX:3": 24,
      "x:3": 552,
      "y:3": 108,
      "questIDLow:4": 261,
      "sizeY:3": 24
    },
    "2:10": {
      "questIDHigh:4": 0,
      "sizeX:3": 24,
      "x:3": 504,
      "y:3": 108,
      "questIDLow:4": 263,
      "sizeY:3": 24
    },
    "3:10": {
      "questIDHigh:4": 0,
      "sizeX:3": 24,
      "x:3": 312,
      "y:3": 108,
      "questIDLow:4": 265,
      "sizeY:3": 24
    },
    "4:10": {
      "questIDHigh:4": 0,
      "sizeX:3": 24,
      "x:3": 432,
      "y:3": 108,
      "questIDLow:4": 266,
      "sizeY:3": 24
    },
    "5:10": {
      "questIDHigh:4": 0,
      "sizeX:3": 24,
      "x:3": 144,
      "y:3": 252,
      "questIDLow:4": 272,
      "sizeY:3": 24
    },
    "6:10": {
      "questIDHigh:4": 0,
      "sizeX:3": 24,
      "x:3": 552,
      "y:3": 204,
      "questIDLow:4": 273,
      "sizeY:3": 24
    },
    "7:10": {
      "questIDHigh:4": 0,
      "sizeX:3": 24,
      "x:3": 552,
      "y:3": 156,
      "questIDLow:4": 274,
      "sizeY:3": 24
    },
    "8:10": {
      "questIDHigh:4": 0,
      "sizeX:3": 24,
      "x:3": 48,
      "y:3": 156,
      "questIDLow:4": 275,
      "sizeY:3": 24
    },
    "9:10": {
      "questIDHigh:4": 0,
      "sizeX:3": 24,
      "x:3": 48,
      "y:3": 108,
      "questIDLow:4": 276,
      "sizeY:3": 24
    },
    "10:10": {
      "questIDHigh:4": 0,
      "sizeX:3": 24,
      "x:3": 48,
      "y:3": 60,
      "questIDLow:4": 277,
      "sizeY:3": 24
    },
    "11:10": {
      "questIDHigh:4": 0,
      "sizeX:3": 24,
      "x:3": 96,
      "y:3": 156,
      "questIDLow:4": 278,
      "sizeY:3": 24
    },
    "12:10": {
      "questIDHigh:4": 0,
      "sizeX:3": 24,
      "x:3": 732,
      "y:3": 228,
      "questIDLow:4": 279,
      "sizeY:3": 24
    },
    "13:10": {
      "questIDHigh:4": 0,
      "sizeX:3": 24,
      "x:3": 648,
      "y:3": 228,
      "questIDLow:4": 280,
      "sizeY:3": 24
    },
    "14:10": {
      "questIDHigh:4": 0,
      "sizeX:3": 24,
      "x:3": 720,
      "y:3": 180,
      "questIDLow:4": 281,
      "sizeY:3": 24
    },
    "15:10": {
      "questIDHigh:4": 0,
      "sizeX:3": 24,
      "x:3": 660,
      "y:3": 180,
      "questIDLow:4": 282,
      "sizeY:3": 24
    },
    "16:10": {
      "questIDHigh:4": 0,
      "sizeX:3": 24,
      "x:3": 636,
      "y:3": 276,
      "questIDLow:4": 283,
      "sizeY:3": 24
    },
    "17:10": {
      "questIDHigh:4": 0,
      "sizeX:3": 24,
      "x:3": 744,
      "y:3": 276,
      "questIDLow:4": 284,
      "sizeY:3": 24
    },
    "18:10": {
      "questIDHigh:4": 0,
      "sizeX:3": 24,
      "x:3": 672,
      "y:3": 132,
      "questIDLow:4": 285,
      "sizeY:3": 24
    },
    "19:10": {
      "questIDHigh:4": 0,
      "sizeX:3": 24,
      "x:3": 708,
      "y:3": 132,
      "questIDLow:4": 286,
      "sizeY:3": 24
    },
    "20:10": {
      "questIDHigh:4": 0,
      "sizeX:3": 24,
      "x:3": 636,
      "y:3": 132,
      "questIDLow:4": 287,
      "sizeY:3": 24
    },
    "21:10": {
      "questIDHigh:4": 0,
      "sizeX:3": 24,
      "x:3": 708,
      "y:3": 84,
      "questIDLow:4": 288,
      "sizeY:3": 24
    },
    "22:10": {
      "questIDHigh:4": 0,
      "sizeX:3": 24,
      "x:3": 96,
      "y:3": 252,
      "questIDLow:4": 291,
      "sizeY:3": 24
    },
    "23:10": {
      "questIDHigh:4": 0,
      "sizeX:3": 24,
      "x:3": 48,
      "y:3": 252,
      "questIDLow:4": 292,
      "sizeY:3": 24
    },
    "24:10": {
      "questIDHigh:4": 0,
      "sizeX:3": 24,
      "x:3": 48,
      "y:3": 300,
      "questIDLow:4": 293,
      "sizeY:3": 24
    },
    "25:10": {
      "questIDHigh:4": 0,
      "sizeX:3": 24,
      "x:3": 0,
      "y:3": 300,
      "questIDLow:4": 294,
      "sizeY:3": 24
    },
    "26:10": {
      "questIDHigh:4": 0,
      "sizeX:3": 24,
      "x:3": 144,
      "y:3": 300,
      "questIDLow:4": 295,
      "sizeY:3": 24
    },
    "27:10": {
      "questIDHigh:4": 0,
      "sizeX:3": 24,
      "x:3": 144,
      "y:3": 348,
      "questIDLow:4": 296,
      "sizeY:3": 24
    },
    "28:10": {
      "questIDHigh:4": 0,
      "sizeX:3": 24,
      "x:3": 192,
      "y:3": 204,
      "questIDLow:4": 297,
      "sizeY:3": 24
    },
    "29:10": {
      "questIDHigh:4": 0,
      "sizeX:3": 24,
      "x:3": 240,
      "y:3": 252,
      "questIDLow:4": 298,
      "sizeY:3": 24
    },
    "30:10": {
      "questIDHigh:4": 0,
      "sizeX:3": 24,
      "x:3": 240,
      "y:3": 300,
      "questIDLow:4": 299,
      "sizeY:3": 24
    },
    "31:10": {
      "questIDHigh:4": 0,
      "sizeX:3": 24,
      "x:3": 192,
      "y:3": 348,
      "questIDLow:4": 300,
      "sizeY:3": 24
    },
    "32:10": {
      "questIDHigh:4": 0,
      "sizeX:3": 24,
      "x:3": 192,
      "y:3": 252,
      "questIDLow:4": 301,
      "sizeY:3": 24
    },
    "33:10": {
      "questIDHigh:4": 0,
      "sizeX:3": 24,
      "x:3": 192,
      "y:3": 60,
      "questIDLow:4": 302,
      "sizeY:3": 24
    },
    "34:10": {
      "questIDHigh:4": 0,
      "sizeX:3": 24,
      "x:3": 432,
      "y:3": 12,
      "questIDLow:4": 303,
      "sizeY:3": 24
    },
    "35:10": {
      "questIDHigh:4": 0,
      "sizeX:3": 24,
      "x:3": 432,
      "y:3": 60,
      "questIDLow:4": 304,
      "sizeY:3": 24
    },
    "36:10": {
      "questIDHigh:4": 0,
      "sizeX:3": 24,
      "x:3": 96,
      "y:3": 60,
      "questIDLow:4": 305,
      "sizeY:3": 24
    },
    "37:10": {
      "questIDHigh:4": 0,
      "sizeX:3": 24,
      "x:3": 192,
      "y:3": 12,
      "questIDLow:4": 306,
      "sizeY:3": 24
    },
    "38:10": {
      "questIDHigh:4": 0,
      "sizeX:3": 24,
      "x:3": 672,
      "y:3": 84,
      "questIDLow:4": 833,
      "sizeY:3": 24
    },
    "39:10": {
      "questIDHigh:4": 0,
      "sizeX:3": 24,
      "x:3": 336,
      "y:3": 12,
      "questIDLow:4": 877,
      "sizeY:3": 24
    },
    "40:10": {
      "questIDHigh:4": 0,
      "sizeX:3": 24,
      "x:3": 432,
      "y:3": 156,
      "questIDLow:4": 878,
      "sizeY:3": 24
    },
    "41:10": {
      "questIDHigh:4": 0,
      "sizeX:3": 24,
      "x:3": 312,
      "y:3": 60,
      "questIDLow:4": 879,
      "sizeY:3": 24
    },
    "42:10": {
      "questIDHigh:4": 0,
      "sizeX:3": 24,
      "x:3": 408,
      "y:3": 204,
      "questIDLow:4": 887,
      "sizeY:3": 24
    },
    "43:10": {
      "questIDHigh:4": 0,
      "sizeX:3": 24,
      "x:3": 144,
      "y:3": 60,
      "questIDLow:4": 1055,
      "sizeY:3": 24
    },
    "44:10": {
      "questIDHigh:4": 0,
      "sizeX:3": 24,
      "x:3": 96,
      "y:3": 12,
      "questIDLow:4": 1097,
      "sizeY:3": 24
    },
    "45:10": {
      "questIDHigh:4": 0,
      "sizeX:3": 24,
      "x:3": 144,
      "y:3": 12,
      "questIDLow:4": 1098,
      "sizeY:3": 24
    },
    "46:10": {
      "questIDHigh:4": 0,
      "sizeX:3": 24,
      "x:3": 48,
      "y:3": 12,
      "questIDLow:4": 1099,
      "sizeY:3": 24
    },
    "47:10": {
      "questIDHigh:4": 0,
      "sizeX:3": 24,
      "x:3": 240,
      "y:3": 60,
      "questIDLow:4": 1102,
      "sizeY:3": 24
    },
    "48:10": {
      "questIDHigh:4": 0,
      "sizeX:3": 24,
      "x:3": 240,
      "y:3": 12,
      "questIDLow:4": 1105,
      "sizeY:3": 24
    },
    "49:10": {
      "questIDHigh:4": 0,
      "sizeX:3": 24,
      "x:3": 456,
      "y:3": 204,
      "questIDLow:4": 1191,
      "sizeY:3": 24
    },
    "50:10": {
      "questIDHigh:4": 0,
      "sizeX:3": 24,
      "x:3": 0,
      "y:3": 156,
      "questIDLow:4": 1382,
      "sizeY:3": 24
    },
    "51:10": {
      "questIDHigh:4": 0,
      "sizeX:3": 24,
      "x:3": 0,
      "y:3": 108,
      "questIDLow:4": 1383,
      "sizeY:3": 24
    },
    "52:10": {
      "questIDHigh:4": 0,
      "sizeX:3": 24,
      "x:3": 0,
      "y:3": 204,
      "questIDLow:4": 1401,
      "sizeY:3": 24
    },
    "53:10": {
      "questIDHigh:4": 0,
      "sizeX:3": 24,
      "x:3": 504,
      "y:3": 156,
      "questIDLow:4": 1402,
      "sizeY:3": 24
    },
    "54:10": {
      "questIDHigh:4": 0,
      "sizeX:3": 24,
      "x:3": 0,
      "y:3": 12,
      "questIDLow:4": 1875,
      "sizeY:3": 24
    },
    "55:10": {
      "questIDHigh:4": 0,
      "sizeX:3": 24,
      "x:3": 240,
      "y:3": 156,
      "questIDLow:4": 1992,
      "sizeY:3": 24
    },
    "56:10": {
      "questIDHigh:4": 0,
      "sizeX:3": 24,
      "x:3": 288,
      "y:3": 156,
      "questIDLow:4": 1993,
      "sizeY:3": 24
    },
    "57:10": {
      "questIDHigh:4": 0,
      "sizeX:3": 24,
      "x:3": 288,
      "y:3": 204,
      "questIDLow:4": 1994,
      "sizeY:3": 24
    },
    "58:10": {
      "questIDHigh:4": 0,
      "sizeX:3": 24,
      "x:3": 480,
      "y:3": 60,
      "questIDLow:4": 2020,
      "sizeY:3": 24
    },
    "59:10": {
      "questIDHigh:4": 0,
      "sizeX:3": 24,
      "x:3": 528,
      "y:3": 60,
      "questIDLow:4": 2021,
      "sizeY:3": 24
    },
    "60:10": {
      "questIDHigh:4": 0,
      "sizeX:3": 24,
      "x:3": 480,
      "y:3": 12,
      "questIDLow:4": 2022,
      "sizeY:3": 24
    },
    "61:10": {
      "questIDHigh:4": 0,
      "sizeX:3": 24,
      "x:3": 48,
      "y:3": 204,
      "questIDLow:4": 2064,
      "sizeY:3": 24
    },
    "62:10": {
      "questIDHigh:4": 0,
      "sizeX:3": 24,
      "x:3": 384,
      "y:3": 12,
      "questIDLow:4": 2068,
      "sizeY:3": 24
    },
    "63:10": {
      "questIDHigh:4": 0,
      "sizeX:3": 24,
      "x:3": 0,
      "y:3": 252,
      "questIDLow:4": 2267,
      "sizeY:3": 24
    },
    "64:10": {
      "questIDHigh:4": 0,
      "sizeX:3": 24,
      "x:3": 384,
      "y:3": 156,
      "questIDLow:4": 2268,
      "sizeY:3": 24
    },
    "65:10": {
      "questIDHigh:4": 0,
      "sizeX:3": 24,
      "x:3": 288,
      "y:3": 12,
      "questIDLow:4": 2411,
      "sizeY:3": 24
    },
    "66:10": {
      "questIDHigh:4": 0,
      "sizeX:3": 24,
      "x:3": 612,
      "y:3": 228,
      "questIDLow:4": 2412,
      "sizeY:3": 24
    },
    "67:10": {
      "questIDHigh:4": 0,
      "sizeX:3": 24,
      "x:3": 636,
      "y:3": 84,
      "questIDLow:4": 2773,
      "sizeY:3": 24
    },
    "68:10": {
      "questIDHigh:4": 0,
      "sizeX:3": 24,
      "x:3": 240,
      "y:3": 204,
      "questIDLow:4": 2855,
      "sizeY:3": 24
    },
    "69:10": {
      "questIDHigh:4": 0,
      "sizeX:3": 24,
      "x:3": 192,
      "y:3": 156,
      "questIDLow:4": 2857,
      "sizeY:3": 24
    },
    "70:10": {
      "questIDHigh:4": 0,
      "sizeX:3": 24,
      "x:3": 372,
      "y:3": 108,
      "questIDLow:4": 3208,
      "sizeY:3": 24
    },
    "71:10": {
      "questIDHigh:4": 0,
      "sizeX:3": 24,
      "x:3": 0,
      "y:3": 348,
      "questIDLow:4": 3272,
      "sizeY:3": 24
    },
    "72:10": {
      "questIDHigh:4": 3208324850848318123,
      "sizeX:3": 24,
      "x:3": 96,
      "y:3": 300,
      "questIDLow:4": -8023933740364275001,
      "sizeY:3": 24
    }
  },
  "questLineIDLow:4": 23,
  "questLineIDHigh:4": 0,
  "properties:10": {
    "betterquesting:10": {
      "visibility:8": "UNLOCKED",
      "name:8": "Adept Thaumaturgy",
      "icon:10": {
        "id:8": "Thaumcraft:WandCasting",
        "Count:3": 1,
        "tag:10": {
          "aqua:3": 999999900,
          "terra:3": 999999900,
          "ignis:3": 999999900,
          "cap:8": "matrix",
          "rod:8": "infinity",
          "ordo:3": 999999900,
          "perditio:3": 999999900,
          "aer:3": 999999900
        },
        "Damage:2": 9000,
        "OreDict:8": ""
      },
      "bg_image:8": "",
      "bg_size:3": 256,
      "desc:8": "Warp included."
    }
  }
}