{
  "quests:9": {
    "0:10": {
      "questIDHigh:4": 0,
      "sizeX:3": 72,
      "x:3": 12,
      "y:3": 48,
      "questIDLow:4": 0,
      "sizeY:3": 72
    },
    "1:10": {
      "questIDHigh:4": 0,
      "sizeX:3": 24,
      "x:3": 132,
      "y:3": 72,
      "questIDLow:4": 1,
      "sizeY:3": 24
    },
    "2:10": {
      "questIDHigh:4": 0,
      "sizeX:3": 24,
      "x:3": 96,
      "y:3": 72,
      "questIDLow:4": 2,
      "sizeY:3": 24
    },
    "3:10": {
      "questIDHigh:4": 0,
      "sizeX:3": 48,
      "x:3": 336,
      "y:3": 60,
      "questIDLow:4": 3,
      "sizeY:3": 48
    },
    "4:10": {
      "questIDHigh:4": 0,
      "sizeX:3": 24,
      "x:3": 228,
      "y:3": 72,
      "questIDLow:4": 4,
      "sizeY:3": 24
    },
    "5:10": {
      "questIDHigh:4": 0,
      "sizeX:3": 48,
      "x:3": 264,
      "y:3": 60,
      "questIDLow:4": 5,
      "sizeY:3": 48
    },
    "6:10": {
      "questIDHigh:4": 0,
      "sizeX:3": 24,
      "x:3": 420,
      "y:3": 72,
      "questIDLow:4": 6,
      "sizeY:3": 24
    },
    "7:10": {
      "questIDHigh:4": 0,
      "sizeX:3": 48,
      "x:3": 492,
      "y:3": 60,
      "questIDLow:4": 7,
      "sizeY:3": 48
    },
    "8:10": {
      "questIDHigh:4": 0,
      "sizeX:3": 48,
      "x:3": 336,
      "y:3": 132,
      "questIDLow:4": 8,
      "sizeY:3": 48
    },
    "9:10": {
      "questIDHigh:4": 0,
      "sizeX:3": 48,
      "x:3": 336,
      "y:3": 204,
      "questIDLow:4": 9,
      "sizeY:3": 48
    },
    "10:10": {
      "questIDHigh:4": 0,
      "sizeX:3": 48,
      "x:3": 216,
      "y:3": 276,
      "questIDLow:4": 10,
      "sizeY:3": 48
    },
    "11:10": {
      "questIDHigh:4": 0,
      "sizeX:3": 48,
      "x:3": 264,
      "y:3": 168,
      "questIDLow:4": 11,
      "sizeY:3": 48
    },
    "12:10": {
      "questIDHigh:4": 0,
      "sizeX:3": 48,
      "x:3": 312,
      "y:3": 264,
      "questIDLow:4": 12,
      "sizeY:3": 48
    },
    "13:10": {
      "questIDHigh:4": 0,
      "sizeX:3": 72,
      "x:3": 480,
      "y:3": 324,
      "questIDLow:4": 13,
      "sizeY:3": 72
    },
    "14:10": {
      "questIDHigh:4": 0,
      "sizeX:3": 48,
      "x:3": 24,
      "y:3": 336,
      "questIDLow:4": 14,
      "sizeY:3": 48
    },
    "15:10": {
      "questIDHigh:4": 0,
      "sizeX:3": 24,
      "x:3": 576,
      "y:3": 348,
      "questIDLow:4": 396,
      "sizeY:3": 24
    },
    "16:10": {
      "questIDHigh:4": 0,
      "sizeX:3": 24,
      "x:3": 624,
      "y:3": 348,
      "questIDLow:4": 397,
      "sizeY:3": 24
    },
    "17:10": {
      "questIDHigh:4": 0,
      "sizeX:3": 24,
      "x:3": 228,
      "y:3": 108,
      "questIDLow:4": 440,
      "sizeY:3": 24
    },
    "18:10": {
      "questIDHigh:4": 0,
      "sizeX:3": 24,
      "x:3": 384,
      "y:3": 264,
      "questIDLow:4": 442,
      "sizeY:3": 24
    },
    "19:10": {
      "questIDHigh:4": 0,
      "sizeX:3": 48,
      "x:3": 408,
      "y:3": 204,
      "questIDLow:4": 444,
      "sizeY:3": 48
    },
    "20:10": {
      "questIDHigh:4": 0,
      "sizeX:3": 24,
      "x:3": 216,
      "y:3": 180,
      "questIDLow:4": 446,
      "sizeY:3": 24
    },
    "21:10": {
      "questIDHigh:4": 0,
      "sizeX:3": 24,
      "x:3": 180,
      "y:3": 180,
      "questIDLow:4": 448,
      "sizeY:3": 24
    },
    "22:10": {
      "questIDHigh:4": 0,
      "sizeX:3": 24,
      "x:3": 216,
      "y:3": 144,
      "questIDLow:4": 450,
      "sizeY:3": 24
    },
    "23:10": {
      "questIDHigh:4": 0,
      "sizeX:3": 24,
      "x:3": 420,
      "y:3": 120,
      "questIDLow:4": 469,
      "sizeY:3": 24
    },
    "24:10": {
      "questIDHigh:4": 0,
      "sizeX:3": 24,
      "x:3": 456,
      "y:3": 120,
      "questIDLow:4": 470,
      "sizeY:3": 24
    },
    "25:10": {
      "questIDHigh:4": 0,
      "sizeX:3": 24,
      "x:3": 420,
      "y:3": 264,
      "questIDLow:4": 471,
      "sizeY:3": 24
    },
    "26:10": {
      "questIDHigh:4": 0,
      "sizeX:3": 24,
      "x:3": 420,
      "y:3": 24,
      "questIDLow:4": 484,
      "sizeY:3": 24
    },
    "27:10": {
      "questIDHigh:4": 0,
      "sizeX:3": 24,
      "x:3": 324,
      "y:3": 24,
      "questIDLow:4": 865,
      "sizeY:3": 24
    },
    "28:10": {
      "questIDHigh:4": 0,
      "sizeX:3": 24,
      "x:3": 372,
      "y:3": 24,
      "questIDLow:4": 946,
      "sizeY:3": 24
    },
    "29:10": {
      "questIDHigh:4": 0,
      "sizeX:3": 48,
      "x:3": 168,
      "y:3": 60,
      "questIDLow:4": 1204,
      "sizeY:3": 48
    },
    "30:10": {
      "questIDHigh:4": 0,
      "sizeX:3": 24,
      "x:3": 180,
      "y:3": 288,
      "questIDLow:4": 1475,
      "sizeY:3": 24
    },
    "31:10": {
      "questIDHigh:4": 0,
      "sizeX:3": 24,
      "x:3": 180,
      "y:3": 24,
      "questIDLow:4": 1495,
      "sizeY:3": 24
    },
    "32:10": {
      "questIDHigh:4": 0,
      "sizeX:3": 24,
      "x:3": 36,
      "y:3": 144,
      "questIDLow:4": 1500,
      "sizeY:3": 24
    },
    "33:10": {
      "questIDHigh:4": 0,
      "sizeX:3": 24,
      "x:3": 0,
      "y:3": 144,
      "questIDLow:4": 1501,
      "sizeY:3": 24
    },
    "34:10": {
      "questIDHigh:4": 0,
      "sizeX:3": 24,
      "x:3": 0,
      "y:3": 0,
      "questIDLow:4": 1834,
      "sizeY:3": 24
    },
    "35:10": {
      "questIDHigh:4": 0,
      "sizeX:3": 24,
      "x:3": 216,
      "y:3": 228,
      "questIDLow:4": 1841,
      "sizeY:3": 24
    },
    "36:10": {
      "questIDHigh:4": 0,
      "sizeX:3": 24,
      "x:3": 180,
      "y:3": 228,
      "questIDLow:4": 1842,
      "sizeY:3": 24
    },
    "37:10": {
      "questIDHigh:4": 0,
      "sizeX:3": 24,
      "x:3": 144,
      "y:3": 228,
      "questIDLow:4": 1843,
      "sizeY:3": 24
    },
    "38:10": {
      "questIDHigh:4": 0,
      "sizeX:3": 24,
      "x:3": 108,
      "y:3": 228,
      "questIDLow:4": 1844,
      "sizeY:3": 24
    },
    "39:10": {
      "questIDHigh:4": 0,
      "sizeX:3": 24,
      "x:3": 144,
      "y:3": 264,
      "questIDLow:4": 1845,
      "sizeY:3": 24
    },
    "40:10": {
      "questIDHigh:4": 0,
      "sizeX:3": 24,
      "x:3": 276,
      "y:3": 24,
      "questIDLow:4": 1849,
      "sizeY:3": 24
    },
    "41:10": {
      "questIDHigh:4": 0,
      "sizeX:3": 24,
      "x:3": 420,
      "y:3": 156,
      "questIDLow:4": 1856,
      "sizeY:3": 24
    },
    "42:10": {
      "questIDHigh:4": 0,
      "sizeX:3": 24,
      "x:3": 72,
      "y:3": 0,
      "questIDLow:4": 2145,
      "sizeY:3": 24
    },
    "43:10": {
      "questIDHigh:4": 0,
      "sizeX:3": 24,
      "x:3": 36,
      "y:3": 0,
      "questIDLow:4": 2406,
      "sizeY:3": 24
    },
    "44:10": {
      "questIDHigh:4": 0,
      "sizeX:3": 24,
      "x:3": 72,
      "y:3": 144,
      "questIDLow:4": 2874,
      "sizeY:3": 24
    }
  },
  "questLineIDLow:4": 0,
  "questLineIDHigh:4": 0,
  "properties:10": {
    "betterquesting:10": {
      "visibility:8": "NORMAL",
      "name:8": "And So, It Begins",
      "icon:10": {
        "id:8": "minecraft:bed",
        "Count:3": 1,
        "Damage:2": 0,
        "OreDict:8": ""
      },
      "bg_image:8": "",
      "bg_size:3": 256,
      "desc:8": "The very first tier, tier zero. This chapter will introduce you to the basic mechanics of this modpack. Mods covered: Vanilla, Pam\u0027s Harvestcraft."
    }
  }
}