{
  "quests:9": {
    "0:10": {
      "questIDHigh:4": -8429760131991254228,
      "sizeX:3": 24,
      "x:3": 780,
      "y:3": 384,
      "questIDLow:4": -9071312821552184337,
      "sizeY:3": 24
    },
    "1:10": {
      "questIDHigh:4": -7327942342666337744,
      "sizeX:3": 24,
      "x:3": 0,
      "y:3": 144,
      "questIDLow:4": -4762456525753574104,
      "sizeY:3": 24
    },
    "2:10": {
      "questIDHigh:4": -7285184593146002354,
      "sizeX:3": 48,
      "x:3": 828,
      "y:3": 408,
      "questIDLow:4": -7970087171322955045,
      "sizeY:3": 48
    },
    "3:10": {
      "questIDHigh:4": -6127592698954038432,
      "sizeX:3": 24,
      "x:3": 36,
      "y:3": 72,
      "questIDLow:4": -5092663277638354864,
      "sizeY:3": 24
    },
    "4:10": {
      "questIDHigh:4": -5580929755334229399,
      "sizeX:3": 24,
      "x:3": 72,
      "y:3": 72,
      "questIDLow:4": -6652765312740277196,
      "sizeY:3": 24
    },
    "5:10": {
      "questIDHigh:4": -5520063088147411523,
      "sizeX:3": 24,
      "x:3": 636,
      "y:3": 384,
      "questIDLow:4": -7584910742716174902,
      "sizeY:3": 24
    },
    "6:10": {
      "questIDHigh:4": -5385642512831591674,
      "sizeX:3": 24,
      "x:3": 672,
      "y:3": 384,
      "questIDLow:4": -6699349212107946035,
      "sizeY:3": 24
    },
    "7:10": {
      "questIDHigh:4": -3865909675079480350,
      "sizeX:3": 48,
      "x:3": 828,
      "y:3": 240,
      "questIDLow:4": -7095756151271155560,
      "sizeY:3": 48
    },
    "8:10": {
      "questIDHigh:4": -3757804415663717874,
      "sizeX:3": 48,
      "x:3": 828,
      "y:3": 336,
      "questIDLow:4": -6766405517321273132,
      "sizeY:3": 48
    },
    "9:10": {
      "questIDHigh:4": -3147624397681180429,
      "sizeX:3": 24,
      "x:3": 72,
      "y:3": 36,
      "questIDLow:4": -4618074744092982901,
      "sizeY:3": 24
    },
    "10:10": {
      "questIDHigh:4": -2121010054702348431,
      "sizeX:3": 24,
      "x:3": 36,
      "y:3": 36,
      "questIDLow:4": -5429883527448864555,
      "sizeY:3": 24
    },
    "11:10": {
      "questIDHigh:4": -1952656661982133357,
      "sizeX:3": 24,
      "x:3": 252,
      "y:3": 252,
      "questIDLow:4": -5638703973738633044,
      "sizeY:3": 24
    },
    "12:10": {
      "questIDHigh:4": -1948611701130182253,
      "sizeX:3": 24,
      "x:3": 780,
      "y:3": 252,
      "questIDLow:4": -8598630939261560940,
      "sizeY:3": 24
    },
    "13:10": {
      "questIDHigh:4": -538841647945201560,
      "sizeX:3": 24,
      "x:3": 672,
      "y:3": 348,
      "questIDLow:4": -5461816394932849813,
      "sizeY:3": 24
    },
    "14:10": {
      "questIDHigh:4": -166326957975844254,
      "sizeX:3": 24,
      "x:3": 36,
      "y:3": 144,
      "questIDLow:4": -5839827992902048320,
      "sizeY:3": 24
    },
    "15:10": {
      "questIDHigh:4": 0,
      "sizeX:3": 24,
      "x:3": 324,
      "y:3": 180,
      "questIDLow:4": 178,
      "sizeY:3": 24
    },
    "16:10": {
      "questIDHigh:4": 0,
      "sizeX:3": 24,
      "x:3": 324,
      "y:3": 144,
      "questIDLow:4": 179,
      "sizeY:3": 24
    },
    "17:10": {
      "questIDHigh:4": 0,
      "sizeX:3": 24,
      "x:3": 528,
      "y:3": 108,
      "questIDLow:4": 180,
      "sizeY:3": 24
    },
    "18:10": {
      "questIDHigh:4": 0,
      "sizeX:3": 24,
      "x:3": 180,
      "y:3": 144,
      "questIDLow:4": 181,
      "sizeY:3": 24
    },
    "19:10": {
      "questIDHigh:4": 0,
      "sizeX:3": 24,
      "x:3": 108,
      "y:3": 180,
      "questIDLow:4": 182,
      "sizeY:3": 24
    },
    "20:10": {
      "questIDHigh:4": 0,
      "sizeX:3": 24,
      "x:3": 324,
      "y:3": 216,
      "questIDLow:4": 183,
      "sizeY:3": 24
    },
    "21:10": {
      "questIDHigh:4": 0,
      "sizeX:3": 24,
      "x:3": 252,
      "y:3": 144,
      "questIDLow:4": 184,
      "sizeY:3": 24
    },
    "22:10": {
      "questIDHigh:4": 0,
      "sizeX:3": 24,
      "x:3": 216,
      "y:3": 72,
      "questIDLow:4": 185,
      "sizeY:3": 24
    },
    "23:10": {
      "questIDHigh:4": 0,
      "sizeX:3": 24,
      "x:3": 144,
      "y:3": 108,
      "questIDLow:4": 203,
      "sizeY:3": 24
    },
    "24:10": {
      "questIDHigh:4": 0,
      "sizeX:3": 24,
      "x:3": 72,
      "y:3": 360,
      "questIDLow:4": 365,
      "sizeY:3": 24
    },
    "25:10": {
      "questIDHigh:4": 0,
      "sizeX:3": 24,
      "x:3": 492,
      "y:3": 108,
      "questIDLow:4": 374,
      "sizeY:3": 24
    },
    "26:10": {
      "questIDHigh:4": 0,
      "sizeX:3": 24,
      "x:3": 528,
      "y:3": 216,
      "questIDLow:4": 392,
      "sizeY:3": 24
    },
    "27:10": {
      "questIDHigh:4": 0,
      "sizeX:3": 24,
      "x:3": 492,
      "y:3": 216,
      "questIDLow:4": 393,
      "sizeY:3": 24
    },
    "28:10": {
      "questIDHigh:4": 0,
      "sizeX:3": 48,
      "x:3": 828,
      "y:3": 132,
      "questIDLow:4": 466,
      "sizeY:3": 48
    },
    "29:10": {
      "questIDHigh:4": 0,
      "sizeX:3": 48,
      "x:3": 912,
      "y:3": 132,
      "questIDLow:4": 468,
      "sizeY:3": 48
    },
    "30:10": {
      "questIDHigh:4": 0,
      "sizeX:3": 24,
      "x:3": 528,
      "y:3": 144,
      "questIDLow:4": 1253,
      "sizeY:3": 24
    },
    "31:10": {
      "questIDHigh:4": 0,
      "sizeX:3": 24,
      "x:3": 528,
      "y:3": 180,
      "questIDLow:4": 1254,
      "sizeY:3": 24
    },
    "32:10": {
      "questIDHigh:4": 0,
      "sizeX:3": 24,
      "x:3": 564,
      "y:3": 108,
      "questIDLow:4": 1255,
      "sizeY:3": 24
    },
    "33:10": {
      "questIDHigh:4": 0,
      "sizeX:3": 24,
      "x:3": 564,
      "y:3": 144,
      "questIDLow:4": 1256,
      "sizeY:3": 24
    },
    "34:10": {
      "questIDHigh:4": 0,
      "sizeX:3": 24,
      "x:3": 564,
      "y:3": 180,
      "questIDLow:4": 1257,
      "sizeY:3": 24
    },
    "35:10": {
      "questIDHigh:4": 0,
      "sizeX:3": 24,
      "x:3": 252,
      "y:3": 324,
      "questIDLow:4": 1258,
      "sizeY:3": 24
    },
    "36:10": {
      "questIDHigh:4": 0,
      "sizeX:3": 24,
      "x:3": 36,
      "y:3": 252,
      "questIDLow:4": 1259,
      "sizeY:3": 24
    },
    "37:10": {
      "questIDHigh:4": 0,
      "sizeX:3": 24,
      "x:3": 420,
      "y:3": 216,
      "questIDLow:4": 1260,
      "sizeY:3": 24
    },
    "38:10": {
      "questIDHigh:4": 0,
      "sizeX:3": 24,
      "x:3": 180,
      "y:3": 108,
      "questIDLow:4": 1290,
      "sizeY:3": 24
    },
    "39:10": {
      "questIDHigh:4": 0,
      "sizeX:3": 24,
      "x:3": 180,
      "y:3": 216,
      "questIDLow:4": 1291,
      "sizeY:3": 24
    },
    "40:10": {
      "questIDHigh:4": 0,
      "sizeX:3": 24,
      "x:3": 288,
      "y:3": 216,
      "questIDLow:4": 1292,
      "sizeY:3": 24
    },
    "41:10": {
      "questIDHigh:4": 0,
      "sizeX:3": 24,
      "x:3": 216,
      "y:3": 180,
      "questIDLow:4": 1294,
      "sizeY:3": 24
    },
    "42:10": {
      "questIDHigh:4": 0,
      "sizeX:3": 24,
      "x:3": 216,
      "y:3": 216,
      "questIDLow:4": 1295,
      "sizeY:3": 24
    },
    "43:10": {
      "questIDHigh:4": 0,
      "sizeX:3": 24,
      "x:3": 180,
      "y:3": 180,
      "questIDLow:4": 1296,
      "sizeY:3": 24
    },
    "44:10": {
      "questIDHigh:4": 0,
      "sizeX:3": 24,
      "x:3": 252,
      "y:3": 288,
      "questIDLow:4": 1298,
      "sizeY:3": 24
    },
    "45:10": {
      "questIDHigh:4": 0,
      "sizeX:3": 24,
      "x:3": 180,
      "y:3": 252,
      "questIDLow:4": 1299,
      "sizeY:3": 24
    },
    "46:10": {
      "questIDHigh:4": 0,
      "sizeX:3": 24,
      "x:3": 180,
      "y:3": 288,
      "questIDLow:4": 1300,
      "sizeY:3": 24
    },
    "47:10": {
      "questIDHigh:4": 0,
      "sizeX:3": 24,
      "x:3": 108,
      "y:3": 216,
      "questIDLow:4": 1301,
      "sizeY:3": 24
    },
    "48:10": {
      "questIDHigh:4": 0,
      "sizeX:3": 24,
      "x:3": 72,
      "y:3": 180,
      "questIDLow:4": 1302,
      "sizeY:3": 24
    },
    "49:10": {
      "questIDHigh:4": 0,
      "sizeX:3": 24,
      "x:3": 36,
      "y:3": 108,
      "questIDLow:4": 1303,
      "sizeY:3": 24
    },
    "50:10": {
      "questIDHigh:4": 0,
      "sizeX:3": 24,
      "x:3": 0,
      "y:3": 108,
      "questIDLow:4": 1304,
      "sizeY:3": 24
    },
    "51:10": {
      "questIDHigh:4": 0,
      "sizeX:3": 24,
      "x:3": 36,
      "y:3": 180,
      "questIDLow:4": 1305,
      "sizeY:3": 24
    },
    "52:10": {
      "questIDHigh:4": 0,
      "sizeX:3": 24,
      "x:3": 72,
      "y:3": 252,
      "questIDLow:4": 1306,
      "sizeY:3": 24
    },
    "53:10": {
      "questIDHigh:4": 0,
      "sizeX:3": 24,
      "x:3": 72,
      "y:3": 216,
      "questIDLow:4": 1308,
      "sizeY:3": 24
    },
    "54:10": {
      "questIDHigh:4": 0,
      "sizeX:3": 24,
      "x:3": 36,
      "y:3": 216,
      "questIDLow:4": 1309,
      "sizeY:3": 24
    },
    "55:10": {
      "questIDHigh:4": 0,
      "sizeX:3": 24,
      "x:3": 384,
      "y:3": 108,
      "questIDLow:4": 1310,
      "sizeY:3": 24
    },
    "56:10": {
      "questIDHigh:4": 0,
      "sizeX:3": 24,
      "x:3": 384,
      "y:3": 144,
      "questIDLow:4": 1311,
      "sizeY:3": 24
    },
    "57:10": {
      "questIDHigh:4": 0,
      "sizeX:3": 24,
      "x:3": 384,
      "y:3": 180,
      "questIDLow:4": 1312,
      "sizeY:3": 24
    },
    "58:10": {
      "questIDHigh:4": 0,
      "sizeX:3": 24,
      "x:3": 420,
      "y:3": 108,
      "questIDLow:4": 1313,
      "sizeY:3": 24
    },
    "59:10": {
      "questIDHigh:4": 0,
      "sizeX:3": 24,
      "x:3": 420,
      "y:3": 144,
      "questIDLow:4": 1314,
      "sizeY:3": 24
    },
    "60:10": {
      "questIDHigh:4": 0,
      "sizeX:3": 24,
      "x:3": 420,
      "y:3": 180,
      "questIDLow:4": 1315,
      "sizeY:3": 24
    },
    "61:10": {
      "questIDHigh:4": 0,
      "sizeX:3": 24,
      "x:3": 456,
      "y:3": 108,
      "questIDLow:4": 1316,
      "sizeY:3": 24
    },
    "62:10": {
      "questIDHigh:4": 0,
      "sizeX:3": 24,
      "x:3": 456,
      "y:3": 144,
      "questIDLow:4": 1317,
      "sizeY:3": 24
    },
    "63:10": {
      "questIDHigh:4": 0,
      "sizeX:3": 24,
      "x:3": 456,
      "y:3": 180,
      "questIDLow:4": 1318,
      "sizeY:3": 24
    },
    "64:10": {
      "questIDHigh:4": 0,
      "sizeX:3": 24,
      "x:3": 492,
      "y:3": 144,
      "questIDLow:4": 1319,
      "sizeY:3": 24
    },
    "65:10": {
      "questIDHigh:4": 0,
      "sizeX:3": 24,
      "x:3": 456,
      "y:3": 216,
      "questIDLow:4": 1326,
      "sizeY:3": 24
    },
    "66:10": {
      "questIDHigh:4": 0,
      "sizeX:3": 24,
      "x:3": 180,
      "y:3": 0,
      "questIDLow:4": 1327,
      "sizeY:3": 24
    },
    "67:10": {
      "questIDHigh:4": 0,
      "sizeX:3": 24,
      "x:3": 180,
      "y:3": 36,
      "questIDLow:4": 1328,
      "sizeY:3": 24
    },
    "68:10": {
      "questIDHigh:4": 0,
      "sizeX:3": 24,
      "x:3": 216,
      "y:3": 324,
      "questIDLow:4": 1329,
      "sizeY:3": 24
    },
    "69:10": {
      "questIDHigh:4": 0,
      "sizeX:3": 24,
      "x:3": 72,
      "y:3": 288,
      "questIDLow:4": 1330,
      "sizeY:3": 24
    },
    "70:10": {
      "questIDHigh:4": 0,
      "sizeX:3": 24,
      "x:3": 108,
      "y:3": 108,
      "questIDLow:4": 1331,
      "sizeY:3": 24
    },
    "71:10": {
      "questIDHigh:4": 0,
      "sizeX:3": 24,
      "x:3": 252,
      "y:3": 108,
      "questIDLow:4": 2119,
      "sizeY:3": 24
    },
    "72:10": {
      "questIDHigh:4": 0,
      "sizeX:3": 24,
      "x:3": 252,
      "y:3": 72,
      "questIDLow:4": 2120,
      "sizeY:3": 24
    },
    "73:10": {
      "questIDHigh:4": 0,
      "sizeX:3": 24,
      "x:3": 144,
      "y:3": 144,
      "questIDLow:4": 2136,
      "sizeY:3": 24
    },
    "74:10": {
      "questIDHigh:4": 0,
      "sizeX:3": 24,
      "x:3": 324,
      "y:3": 252,
      "questIDLow:4": 2137,
      "sizeY:3": 24
    },
    "75:10": {
      "questIDHigh:4": 0,
      "sizeX:3": 24,
      "x:3": 600,
      "y:3": 144,
      "questIDLow:4": 2463,
      "sizeY:3": 24
    },
    "76:10": {
      "questIDHigh:4": 0,
      "sizeX:3": 24,
      "x:3": 636,
      "y:3": 144,
      "questIDLow:4": 2464,
      "sizeY:3": 24
    },
    "77:10": {
      "questIDHigh:4": 0,
      "sizeX:3": 24,
      "x:3": 672,
      "y:3": 144,
      "questIDLow:4": 2465,
      "sizeY:3": 24
    },
    "78:10": {
      "questIDHigh:4": 0,
      "sizeX:3": 24,
      "x:3": 744,
      "y:3": 144,
      "questIDLow:4": 2466,
      "sizeY:3": 24
    },
    "79:10": {
      "questIDHigh:4": 0,
      "sizeX:3": 24,
      "x:3": 780,
      "y:3": 144,
      "questIDLow:4": 2467,
      "sizeY:3": 24
    },
    "80:10": {
      "questIDHigh:4": 0,
      "sizeX:3": 24,
      "x:3": 636,
      "y:3": 108,
      "questIDLow:4": 2468,
      "sizeY:3": 24
    },
    "81:10": {
      "questIDHigh:4": 0,
      "sizeX:3": 24,
      "x:3": 672,
      "y:3": 108,
      "questIDLow:4": 2469,
      "sizeY:3": 24
    },
    "82:10": {
      "questIDHigh:4": 0,
      "sizeX:3": 24,
      "x:3": 744,
      "y:3": 108,
      "questIDLow:4": 2470,
      "sizeY:3": 24
    },
    "83:10": {
      "questIDHigh:4": 0,
      "sizeX:3": 24,
      "x:3": 780,
      "y:3": 108,
      "questIDLow:4": 2471,
      "sizeY:3": 24
    },
    "84:10": {
      "questIDHigh:4": 0,
      "sizeX:3": 24,
      "x:3": 636,
      "y:3": 180,
      "questIDLow:4": 2472,
      "sizeY:3": 24
    },
    "85:10": {
      "questIDHigh:4": 0,
      "sizeX:3": 24,
      "x:3": 672,
      "y:3": 180,
      "questIDLow:4": 2473,
      "sizeY:3": 24
    },
    "86:10": {
      "questIDHigh:4": 0,
      "sizeX:3": 24,
      "x:3": 744,
      "y:3": 180,
      "questIDLow:4": 2474,
      "sizeY:3": 24
    },
    "87:10": {
      "questIDHigh:4": 0,
      "sizeX:3": 24,
      "x:3": 780,
      "y:3": 180,
      "questIDLow:4": 2475,
      "sizeY:3": 24
    },
    "88:10": {
      "questIDHigh:4": 0,
      "sizeX:3": 24,
      "x:3": 708,
      "y:3": 144,
      "questIDLow:4": 2476,
      "sizeY:3": 24
    },
    "89:10": {
      "questIDHigh:4": 0,
      "sizeX:3": 24,
      "x:3": 384,
      "y:3": 252,
      "questIDLow:4": 2477,
      "sizeY:3": 24
    },
    "90:10": {
      "questIDHigh:4": 0,
      "sizeX:3": 24,
      "x:3": 420,
      "y:3": 252,
      "questIDLow:4": 2478,
      "sizeY:3": 24
    },
    "91:10": {
      "questIDHigh:4": 0,
      "sizeX:3": 24,
      "x:3": 456,
      "y:3": 252,
      "questIDLow:4": 2479,
      "sizeY:3": 24
    },
    "92:10": {
      "questIDHigh:4": 0,
      "sizeX:3": 24,
      "x:3": 528,
      "y:3": 252,
      "questIDLow:4": 2480,
      "sizeY:3": 24
    },
    "93:10": {
      "questIDHigh:4": 0,
      "sizeX:3": 24,
      "x:3": 564,
      "y:3": 252,
      "questIDLow:4": 2481,
      "sizeY:3": 24
    },
    "94:10": {
      "questIDHigh:4": 0,
      "sizeX:3": 24,
      "x:3": 420,
      "y:3": 288,
      "questIDLow:4": 2482,
      "sizeY:3": 24
    },
    "95:10": {
      "questIDHigh:4": 0,
      "sizeX:3": 24,
      "x:3": 456,
      "y:3": 288,
      "questIDLow:4": 2483,
      "sizeY:3": 24
    },
    "96:10": {
      "questIDHigh:4": 0,
      "sizeX:3": 24,
      "x:3": 528,
      "y:3": 288,
      "questIDLow:4": 2484,
      "sizeY:3": 24
    },
    "97:10": {
      "questIDHigh:4": 0,
      "sizeX:3": 24,
      "x:3": 564,
      "y:3": 288,
      "questIDLow:4": 2485,
      "sizeY:3": 24
    },
    "98:10": {
      "questIDHigh:4": 0,
      "sizeX:3": 24,
      "x:3": 600,
      "y:3": 108,
      "questIDLow:4": 2487,
      "sizeY:3": 24
    },
    "99:10": {
      "questIDHigh:4": 0,
      "sizeX:3": 24,
      "x:3": 600,
      "y:3": 252,
      "questIDLow:4": 2488,
      "sizeY:3": 24
    },
    "100:10": {
      "questIDHigh:4": 0,
      "sizeX:3": 24,
      "x:3": 636,
      "y:3": 252,
      "questIDLow:4": 2489,
      "sizeY:3": 24
    },
    "101:10": {
      "questIDHigh:4": 0,
      "sizeX:3": 24,
      "x:3": 672,
      "y:3": 252,
      "questIDLow:4": 2490,
      "sizeY:3": 24
    },
    "102:10": {
      "questIDHigh:4": 0,
      "sizeX:3": 24,
      "x:3": 744,
      "y:3": 252,
      "questIDLow:4": 2491,
      "sizeY:3": 24
    },
    "103:10": {
      "questIDHigh:4": 0,
      "sizeX:3": 24,
      "x:3": 636,
      "y:3": 288,
      "questIDLow:4": 2492,
      "sizeY:3": 24
    },
    "104:10": {
      "questIDHigh:4": 0,
      "sizeX:3": 24,
      "x:3": 672,
      "y:3": 288,
      "questIDLow:4": 2493,
      "sizeY:3": 24
    },
    "105:10": {
      "questIDHigh:4": 0,
      "sizeX:3": 24,
      "x:3": 744,
      "y:3": 288,
      "questIDLow:4": 2494,
      "sizeY:3": 24
    },
    "106:10": {
      "questIDHigh:4": 0,
      "sizeX:3": 24,
      "x:3": 384,
      "y:3": 348,
      "questIDLow:4": 2495,
      "sizeY:3": 24
    },
    "107:10": {
      "questIDHigh:4": 0,
      "sizeX:3": 24,
      "x:3": 384,
      "y:3": 384,
      "questIDLow:4": 2496,
      "sizeY:3": 24
    },
    "108:10": {
      "questIDHigh:4": 0,
      "sizeX:3": 24,
      "x:3": 420,
      "y:3": 348,
      "questIDLow:4": 2497,
      "sizeY:3": 24
    },
    "109:10": {
      "questIDHigh:4": 0,
      "sizeX:3": 24,
      "x:3": 456,
      "y:3": 348,
      "questIDLow:4": 2498,
      "sizeY:3": 24
    },
    "110:10": {
      "questIDHigh:4": 0,
      "sizeX:3": 24,
      "x:3": 528,
      "y:3": 348,
      "questIDLow:4": 2499,
      "sizeY:3": 24
    },
    "111:10": {
      "questIDHigh:4": 0,
      "sizeX:3": 24,
      "x:3": 564,
      "y:3": 348,
      "questIDLow:4": 2500,
      "sizeY:3": 24
    },
    "112:10": {
      "questIDHigh:4": 0,
      "sizeX:3": 24,
      "x:3": 420,
      "y:3": 384,
      "questIDLow:4": 2501,
      "sizeY:3": 24
    },
    "113:10": {
      "questIDHigh:4": 0,
      "sizeX:3": 24,
      "x:3": 456,
      "y:3": 384,
      "questIDLow:4": 2502,
      "sizeY:3": 24
    },
    "114:10": {
      "questIDHigh:4": 0,
      "sizeX:3": 24,
      "x:3": 528,
      "y:3": 384,
      "questIDLow:4": 2503,
      "sizeY:3": 24
    },
    "115:10": {
      "questIDHigh:4": 0,
      "sizeX:3": 24,
      "x:3": 564,
      "y:3": 384,
      "questIDLow:4": 2504,
      "sizeY:3": 24
    },
    "116:10": {
      "questIDHigh:4": 0,
      "sizeX:3": 24,
      "x:3": 384,
      "y:3": 36,
      "questIDLow:4": 2505,
      "sizeY:3": 24
    },
    "117:10": {
      "questIDHigh:4": 0,
      "sizeX:3": 24,
      "x:3": 420,
      "y:3": 36,
      "questIDLow:4": 2506,
      "sizeY:3": 24
    },
    "118:10": {
      "questIDHigh:4": 0,
      "sizeX:3": 24,
      "x:3": 456,
      "y:3": 36,
      "questIDLow:4": 2507,
      "sizeY:3": 24
    },
    "119:10": {
      "questIDHigh:4": 0,
      "sizeX:3": 24,
      "x:3": 492,
      "y:3": 36,
      "questIDLow:4": 2508,
      "sizeY:3": 24
    },
    "120:10": {
      "questIDHigh:4": 0,
      "sizeX:3": 24,
      "x:3": 420,
      "y:3": 72,
      "questIDLow:4": 2509,
      "sizeY:3": 24
    },
    "121:10": {
      "questIDHigh:4": 0,
      "sizeX:3": 24,
      "x:3": 456,
      "y:3": 72,
      "questIDLow:4": 2510,
      "sizeY:3": 24
    },
    "122:10": {
      "questIDHigh:4": 0,
      "sizeX:3": 24,
      "x:3": 492,
      "y:3": 72,
      "questIDLow:4": 2511,
      "sizeY:3": 24
    },
    "123:10": {
      "questIDHigh:4": 0,
      "sizeX:3": 24,
      "x:3": 108,
      "y:3": 324,
      "questIDLow:4": 2512,
      "sizeY:3": 24
    },
    "124:10": {
      "questIDHigh:4": 0,
      "sizeX:3": 24,
      "x:3": 0,
      "y:3": 252,
      "questIDLow:4": 2513,
      "sizeY:3": 24
    },
    "125:10": {
      "questIDHigh:4": 0,
      "sizeX:3": 24,
      "x:3": 0,
      "y:3": 216,
      "questIDLow:4": 2514,
      "sizeY:3": 24
    },
    "126:10": {
      "questIDHigh:4": 0,
      "sizeX:3": 24,
      "x:3": 0,
      "y:3": 180,
      "questIDLow:4": 2515,
      "sizeY:3": 24
    },
    "127:10": {
      "questIDHigh:4": 0,
      "sizeX:3": 24,
      "x:3": -36,
      "y:3": 108,
      "questIDLow:4": 2516,
      "sizeY:3": 24
    },
    "128:10": {
      "questIDHigh:4": 0,
      "sizeX:3": 24,
      "x:3": 216,
      "y:3": 108,
      "questIDLow:4": 2517,
      "sizeY:3": 24
    },
    "129:10": {
      "questIDHigh:4": 0,
      "sizeX:3": 24,
      "x:3": 216,
      "y:3": 36,
      "questIDLow:4": 2518,
      "sizeY:3": 24
    },
    "130:10": {
      "questIDHigh:4": 0,
      "sizeX:3": 24,
      "x:3": 180,
      "y:3": 72,
      "questIDLow:4": 2519,
      "sizeY:3": 24
    },
    "131:10": {
      "questIDHigh:4": 0,
      "sizeX:3": 24,
      "x:3": 144,
      "y:3": 0,
      "questIDLow:4": 2520,
      "sizeY:3": 24
    },
    "132:10": {
      "questIDHigh:4": 0,
      "sizeX:3": 24,
      "x:3": 216,
      "y:3": 0,
      "questIDLow:4": 2521,
      "sizeY:3": 24
    },
    "133:10": {
      "questIDHigh:4": 0,
      "sizeX:3": 24,
      "x:3": 144,
      "y:3": 72,
      "questIDLow:4": 2522,
      "sizeY:3": 24
    },
    "134:10": {
      "questIDHigh:4": 0,
      "sizeX:3": 24,
      "x:3": 288,
      "y:3": 108,
      "questIDLow:4": 2523,
      "sizeY:3": 24
    },
    "135:10": {
      "questIDHigh:4": 0,
      "sizeX:3": 24,
      "x:3": 144,
      "y:3": 36,
      "questIDLow:4": 2524,
      "sizeY:3": 24
    },
    "136:10": {
      "questIDHigh:4": 0,
      "sizeX:3": 24,
      "x:3": 288,
      "y:3": 72,
      "questIDLow:4": 2525,
      "sizeY:3": 24
    },
    "137:10": {
      "questIDHigh:4": 0,
      "sizeX:3": 24,
      "x:3": 324,
      "y:3": 72,
      "questIDLow:4": 2526,
      "sizeY:3": 24
    },
    "138:10": {
      "questIDHigh:4": 0,
      "sizeX:3": 24,
      "x:3": 108,
      "y:3": 36,
      "questIDLow:4": 2527,
      "sizeY:3": 24
    },
    "139:10": {
      "questIDHigh:4": 0,
      "sizeX:3": 24,
      "x:3": 216,
      "y:3": 252,
      "questIDLow:4": 2528,
      "sizeY:3": 24
    },
    "140:10": {
      "questIDHigh:4": 0,
      "sizeX:3": 24,
      "x:3": 384,
      "y:3": 72,
      "questIDLow:4": 2529,
      "sizeY:3": 24
    },
    "141:10": {
      "questIDHigh:4": 0,
      "sizeX:3": 24,
      "x:3": 288,
      "y:3": 180,
      "questIDLow:4": 2530,
      "sizeY:3": 24
    },
    "142:10": {
      "questIDHigh:4": 0,
      "sizeX:3": 24,
      "x:3": 288,
      "y:3": 144,
      "questIDLow:4": 2531,
      "sizeY:3": 24
    },
    "143:10": {
      "questIDHigh:4": 0,
      "sizeX:3": 24,
      "x:3": 144,
      "y:3": 252,
      "questIDLow:4": 2532,
      "sizeY:3": 24
    },
    "144:10": {
      "questIDHigh:4": 0,
      "sizeX:3": 24,
      "x:3": 108,
      "y:3": 144,
      "questIDLow:4": 2534,
      "sizeY:3": 24
    },
    "145:10": {
      "questIDHigh:4": 0,
      "sizeX:3": 24,
      "x:3": 324,
      "y:3": 288,
      "questIDLow:4": 2535,
      "sizeY:3": 24
    },
    "146:10": {
      "questIDHigh:4": 0,
      "sizeX:3": 24,
      "x:3": 324,
      "y:3": 324,
      "questIDLow:4": 2536,
      "sizeY:3": 24
    },
    "147:10": {
      "questIDHigh:4": 0,
      "sizeX:3": 24,
      "x:3": 252,
      "y:3": 216,
      "questIDLow:4": 2537,
      "sizeY:3": 24
    },
    "148:10": {
      "questIDHigh:4": 0,
      "sizeX:3": 24,
      "x:3": 288,
      "y:3": 252,
      "questIDLow:4": 2538,
      "sizeY:3": 24
    },
    "149:10": {
      "questIDHigh:4": 0,
      "sizeX:3": 24,
      "x:3": 288,
      "y:3": 288,
      "questIDLow:4": 2539,
      "sizeY:3": 24
    },
    "150:10": {
      "questIDHigh:4": 0,
      "sizeX:3": 24,
      "x:3": 144,
      "y:3": 180,
      "questIDLow:4": 2540,
      "sizeY:3": 24
    },
    "151:10": {
      "questIDHigh:4": 0,
      "sizeX:3": 24,
      "x:3": 180,
      "y:3": 324,
      "questIDLow:4": 2542,
      "sizeY:3": 24
    },
    "152:10": {
      "questIDHigh:4": 0,
      "sizeX:3": 24,
      "x:3": 180,
      "y:3": 360,
      "questIDLow:4": 2543,
      "sizeY:3": 24
    },
    "153:10": {
      "questIDHigh:4": 0,
      "sizeX:3": 24,
      "x:3": 324,
      "y:3": 108,
      "questIDLow:4": 2544,
      "sizeY:3": 24
    },
    "154:10": {
      "questIDHigh:4": 0,
      "sizeX:3": 24,
      "x:3": 72,
      "y:3": 324,
      "questIDLow:4": 2545,
      "sizeY:3": 24
    },
    "155:10": {
      "questIDHigh:4": 0,
      "sizeX:3": 24,
      "x:3": 144,
      "y:3": 360,
      "questIDLow:4": 2546,
      "sizeY:3": 24
    },
    "156:10": {
      "questIDHigh:4": 0,
      "sizeX:3": 24,
      "x:3": 144,
      "y:3": 324,
      "questIDLow:4": 2547,
      "sizeY:3": 24
    },
    "157:10": {
      "questIDHigh:4": 0,
      "sizeX:3": 24,
      "x:3": 288,
      "y:3": 324,
      "questIDLow:4": 2548,
      "sizeY:3": 24
    },
    "158:10": {
      "questIDHigh:4": 0,
      "sizeX:3": 24,
      "x:3": 108,
      "y:3": 360,
      "questIDLow:4": 2549,
      "sizeY:3": 24
    },
    "159:10": {
      "questIDHigh:4": 0,
      "sizeX:3": 24,
      "x:3": 252,
      "y:3": 180,
      "questIDLow:4": 2753,
      "sizeY:3": 24
    },
    "160:10": {
      "questIDHigh:4": 0,
      "sizeX:3": 24,
      "x:3": 0,
      "y:3": 72,
      "questIDLow:4": 2754,
      "sizeY:3": 24
    },
    "161:10": {
      "questIDHigh:4": 0,
      "sizeX:3": 24,
      "x:3": 384,
      "y:3": 216,
      "questIDLow:4": 2755,
      "sizeY:3": 24
    },
    "162:10": {
      "questIDHigh:4": 0,
      "sizeX:3": 24,
      "x:3": 108,
      "y:3": 72,
      "questIDLow:4": 2756,
      "sizeY:3": 24
    },
    "163:10": {
      "questIDHigh:4": 0,
      "sizeX:3": 24,
      "x:3": 72,
      "y:3": 108,
      "questIDLow:4": 2877,
      "sizeY:3": 24
    },
    "164:10": {
      "questIDHigh:4": 0,
      "sizeX:3": 24,
      "x:3": 384,
      "y:3": 288,
      "questIDLow:4": 3250,
      "sizeY:3": 24
    },
    "165:10": {
      "questIDHigh:4": 1988409501110781230,
      "sizeX:3": 24,
      "x:3": 744,
      "y:3": 384,
      "questIDLow:4": -6004958964934582288,
      "sizeY:3": 24
    },
    "166:10": {
      "questIDHigh:4": 2731689745124969882,
      "sizeX:3": 24,
      "x:3": 780,
      "y:3": 348,
      "questIDLow:4": -4696434011398522032,
      "sizeY:3": 24
    },
    "167:10": {
      "questIDHigh:4": 3502119978825698735,
      "sizeX:3": 24,
      "x:3": 780,
      "y:3": 288,
      "questIDLow:4": -5536293655471471866,
      "sizeY:3": 24
    },
    "168:10": {
      "questIDHigh:4": 4272594415765376592,
      "sizeX:3": 48,
      "x:3": 912,
      "y:3": 336,
      "questIDLow:4": -7226135969109944920,
      "sizeY:3": 48
    },
    "169:10": {
      "questIDHigh:4": 4638636323379825267,
      "sizeX:3": 48,
      "x:3": 912,
      "y:3": 240,
      "questIDLow:4": -7261779885652482879,
      "sizeY:3": 48
    },
    "170:10": {
      "questIDHigh:4": 4646742205941107312,
      "sizeX:3": 24,
      "x:3": 744,
      "y:3": 348,
      "questIDLow:4": -7214976492058174101,
      "sizeY:3": 24
    },
    "171:10": {
      "questIDHigh:4": 5202090901729395487,
      "sizeX:3": 48,
      "x:3": 912,
      "y:3": 408,
      "questIDLow:4": -7143266453897023303,
      "sizeY:3": 48
    },
    "172:10": {
      "questIDHigh:4": 6493401897881190932,
      "sizeX:3": 24,
      "x:3": 636,
      "y:3": 348,
      "questIDLow:4": -4728780650118080217,
      "sizeY:3": 24
    },
    "173:10": {
      "questIDHigh:4": 8088831382591653628,
      "sizeX:3": 24,
      "x:3": 0,
      "y:3": 36,
      "questIDLow:4": -6007564242168652354,
      "sizeY:3": 24
    }
  },
  "questLineIDLow:4": 35,
  "questLineIDHigh:4": 0,
  "properties:10": {
    "betterquesting:10": {
      "visibility:8": "UNLOCKED",
      "name:8": "Applied Energistics",
      "icon:10": {
        "id:8": "appliedenergistics2:item.ItemBasicStorageCell.64k",
        "Count:3": 1,
        "tag:10": {},
        "Damage:2": 0,
        "OreDict:8": ""
      },
      "bg_image:8": "",
      "bg_size:3": 256,
      "desc:8": "AE2 focuses on creating a compact, easily accessible, considerably extendible storage system called an ME Network. You can use it to autocraft items as well, and if you want to finish the pack, you will."
    }
  }
}