{
  "quests:9": {
    "0:10": {
      "questIDHigh:4": 0,
      "sizeX:3": 24,
      "x:3": 384,
      "y:3": 492,
      "questIDLow:4": 308,
      "sizeY:3": 24
    },
    "1:10": {
      "questIDHigh:4": 0,
      "sizeX:3": 24,
      "x:3": 192,
      "y:3": 588,
      "questIDLow:4": 350,
      "sizeY:3": 24
    },
    "2:10": {
      "questIDHigh:4": 0,
      "sizeX:3": 24,
      "x:3": 96,
      "y:3": 540,
      "questIDLow:4": 351,
      "sizeY:3": 24
    },
    "3:10": {
      "questIDHigh:4": 0,
      "sizeX:3": 24,
      "x:3": 96,
      "y:3": 588,
      "questIDLow:4": 352,
      "sizeY:3": 24
    },
    "4:10": {
      "questIDHigh:4": 0,
      "sizeX:3": 24,
      "x:3": 144,
      "y:3": 588,
      "questIDLow:4": 353,
      "sizeY:3": 24
    },
    "5:10": {
      "questIDHigh:4": 0,
      "sizeX:3": 24,
      "x:3": 480,
      "y:3": 540,
      "questIDLow:4": 354,
      "sizeY:3": 24
    },
    "6:10": {
      "questIDHigh:4": 0,
      "sizeX:3": 48,
      "x:3": 252,
      "y:3": 624,
      "questIDLow:4": 355,
      "sizeY:3": 48
    },
    "7:10": {
      "questIDHigh:4": 0,
      "sizeX:3": 24,
      "x:3": 384,
      "y:3": 444,
      "questIDLow:4": 356,
      "sizeY:3": 24
    },
    "8:10": {
      "questIDHigh:4": 0,
      "sizeX:3": 24,
      "x:3": 336,
      "y:3": 540,
      "questIDLow:4": 357,
      "sizeY:3": 24
    },
    "9:10": {
      "questIDHigh:4": 0,
      "sizeX:3": 48,
      "x:3": 180,
      "y:3": 516,
      "questIDLow:4": 358,
      "sizeY:3": 48
    },
    "10:10": {
      "questIDHigh:4": 0,
      "sizeX:3": 24,
      "x:3": 384,
      "y:3": 588,
      "questIDLow:4": 359,
      "sizeY:3": 24
    },
    "11:10": {
      "questIDHigh:4": 0,
      "sizeX:3": 24,
      "x:3": 384,
      "y:3": 540,
      "questIDLow:4": 360,
      "sizeY:3": 24
    },
    "12:10": {
      "questIDHigh:4": 0,
      "sizeX:3": 24,
      "x:3": 336,
      "y:3": 588,
      "questIDLow:4": 361,
      "sizeY:3": 24
    },
    "13:10": {
      "questIDHigh:4": 0,
      "sizeX:3": 24,
      "x:3": 336,
      "y:3": 636,
      "questIDLow:4": 362,
      "sizeY:3": 24
    },
    "14:10": {
      "questIDHigh:4": 0,
      "sizeX:3": 48,
      "x:3": 564,
      "y:3": 528,
      "questIDLow:4": 363,
      "sizeY:3": 48
    },
    "15:10": {
      "questIDHigh:4": 0,
      "sizeX:3": 24,
      "x:3": 816,
      "y:3": 96,
      "questIDLow:4": 364,
      "sizeY:3": 24
    },
    "16:10": {
      "questIDHigh:4": 0,
      "sizeX:3": 24,
      "x:3": 816,
      "y:3": 144,
      "questIDLow:4": 366,
      "sizeY:3": 24
    },
    "17:10": {
      "questIDHigh:4": 0,
      "sizeX:3": 24,
      "x:3": 816,
      "y:3": 192,
      "questIDLow:4": 367,
      "sizeY:3": 24
    },
    "18:10": {
      "questIDHigh:4": 0,
      "sizeX:3": 24,
      "x:3": 816,
      "y:3": 240,
      "questIDLow:4": 368,
      "sizeY:3": 24
    },
    "19:10": {
      "questIDHigh:4": 0,
      "sizeX:3": 24,
      "x:3": 816,
      "y:3": 288,
      "questIDLow:4": 369,
      "sizeY:3": 24
    },
    "20:10": {
      "questIDHigh:4": 0,
      "sizeX:3": 24,
      "x:3": 624,
      "y:3": 384,
      "questIDLow:4": 370,
      "sizeY:3": 24
    },
    "21:10": {
      "questIDHigh:4": 0,
      "sizeX:3": 24,
      "x:3": 624,
      "y:3": 432,
      "questIDLow:4": 371,
      "sizeY:3": 24
    },
    "22:10": {
      "questIDHigh:4": 0,
      "sizeX:3": 24,
      "x:3": 624,
      "y:3": 480,
      "questIDLow:4": 372,
      "sizeY:3": 24
    },
    "23:10": {
      "questIDHigh:4": 0,
      "sizeX:3": 48,
      "x:3": 732,
      "y:3": 444,
      "questIDLow:4": 390,
      "sizeY:3": 48
    },
    "24:10": {
      "questIDHigh:4": 0,
      "sizeX:3": 24,
      "x:3": 744,
      "y:3": 384,
      "questIDLow:4": 391,
      "sizeY:3": 24
    },
    "25:10": {
      "questIDHigh:4": 0,
      "sizeX:3": 24,
      "x:3": 192,
      "y:3": 684,
      "questIDLow:4": 395,
      "sizeY:3": 24
    },
    "26:10": {
      "questIDHigh:4": 0,
      "sizeX:3": 24,
      "x:3": 816,
      "y:3": 384,
      "questIDLow:4": 777,
      "sizeY:3": 24
    },
    "27:10": {
      "questIDHigh:4": 0,
      "sizeX:3": 48,
      "x:3": 804,
      "y:3": 444,
      "questIDLow:4": 804,
      "sizeY:3": 48
    },
    "28:10": {
      "questIDHigh:4": 0,
      "sizeX:3": 24,
      "x:3": 48,
      "y:3": 0,
      "questIDLow:4": 1116,
      "sizeY:3": 24
    },
    "29:10": {
      "questIDHigh:4": 0,
      "sizeX:3": 24,
      "x:3": 0,
      "y:3": 0,
      "questIDLow:4": 1117,
      "sizeY:3": 24
    },
    "30:10": {
      "questIDHigh:4": 0,
      "sizeX:3": 24,
      "x:3": 96,
      "y:3": 48,
      "questIDLow:4": 1118,
      "sizeY:3": 24
    },
    "31:10": {
      "questIDHigh:4": 0,
      "sizeX:3": 24,
      "x:3": 96,
      "y:3": 84,
      "questIDLow:4": 1119,
      "sizeY:3": 24
    },
    "32:10": {
      "questIDHigh:4": 0,
      "sizeX:3": 24,
      "x:3": 144,
      "y:3": 48,
      "questIDLow:4": 1120,
      "sizeY:3": 24
    },
    "33:10": {
      "questIDHigh:4": 0,
      "sizeX:3": 24,
      "x:3": 192,
      "y:3": 48,
      "questIDLow:4": 1121,
      "sizeY:3": 24
    },
    "34:10": {
      "questIDHigh:4": 0,
      "sizeX:3": 24,
      "x:3": 240,
      "y:3": 48,
      "questIDLow:4": 1122,
      "sizeY:3": 24
    },
    "35:10": {
      "questIDHigh:4": 0,
      "sizeX:3": 24,
      "x:3": 1104,
      "y:3": 48,
      "questIDLow:4": 2153,
      "sizeY:3": 24
    },
    "36:10": {
      "questIDHigh:4": 0,
      "sizeX:3": 24,
      "x:3": 1104,
      "y:3": 0,
      "questIDLow:4": 2154,
      "sizeY:3": 24
    },
    "37:10": {
      "questIDHigh:4": 0,
      "sizeX:3": 24,
      "x:3": 1152,
      "y:3": 48,
      "questIDLow:4": 2155,
      "sizeY:3": 24
    },
    "38:10": {
      "questIDHigh:4": 0,
      "sizeX:3": 24,
      "x:3": 96,
      "y:3": 0,
      "questIDLow:4": 2156,
      "sizeY:3": 24
    },
    "39:10": {
      "questIDHigh:4": 0,
      "sizeX:3": 24,
      "x:3": 144,
      "y:3": 0,
      "questIDLow:4": 2157,
      "sizeY:3": 24
    },
    "40:10": {
      "questIDHigh:4": 0,
      "sizeX:3": 24,
      "x:3": 1152,
      "y:3": 0,
      "questIDLow:4": 2158,
      "sizeY:3": 24
    },
    "41:10": {
      "questIDHigh:4": 0,
      "sizeX:3": 24,
      "x:3": 240,
      "y:3": 156,
      "questIDLow:4": 2162,
      "sizeY:3": 24
    },
    "42:10": {
      "questIDHigh:4": 0,
      "sizeX:3": 24,
      "x:3": 192,
      "y:3": 108,
      "questIDLow:4": 2163,
      "sizeY:3": 24
    },
    "43:10": {
      "questIDHigh:4": 0,
      "sizeX:3": 24,
      "x:3": 192,
      "y:3": 0,
      "questIDLow:4": 2164,
      "sizeY:3": 24
    },
    "44:10": {
      "questIDHigh:4": 0,
      "sizeX:3": 24,
      "x:3": 960,
      "y:3": 144,
      "questIDLow:4": 2165,
      "sizeY:3": 24
    },
    "45:10": {
      "questIDHigh:4": 0,
      "sizeX:3": 24,
      "x:3": 960,
      "y:3": 192,
      "questIDLow:4": 2166,
      "sizeY:3": 24
    },
    "46:10": {
      "questIDHigh:4": 0,
      "sizeX:3": 24,
      "x:3": 960,
      "y:3": 240,
      "questIDLow:4": 2167,
      "sizeY:3": 24
    },
    "47:10": {
      "questIDHigh:4": 0,
      "sizeX:3": 24,
      "x:3": 192,
      "y:3": 204,
      "questIDLow:4": 2168,
      "sizeY:3": 24
    },
    "48:10": {
      "questIDHigh:4": 0,
      "sizeX:3": 24,
      "x:3": 192,
      "y:3": 156,
      "questIDLow:4": 2169,
      "sizeY:3": 24
    },
    "49:10": {
      "questIDHigh:4": 0,
      "sizeX:3": 24,
      "x:3": 144,
      "y:3": 108,
      "questIDLow:4": 2170,
      "sizeY:3": 24
    },
    "50:10": {
      "questIDHigh:4": 0,
      "sizeX:3": 24,
      "x:3": 1200,
      "y:3": 48,
      "questIDLow:4": 2171,
      "sizeY:3": 24
    },
    "51:10": {
      "questIDHigh:4": 0,
      "sizeX:3": 24,
      "x:3": 192,
      "y:3": 348,
      "questIDLow:4": 2172,
      "sizeY:3": 24
    },
    "52:10": {
      "questIDHigh:4": 0,
      "sizeX:3": 24,
      "x:3": 144,
      "y:3": 348,
      "questIDLow:4": 2173,
      "sizeY:3": 24
    },
    "53:10": {
      "questIDHigh:4": 0,
      "sizeX:3": 24,
      "x:3": 144,
      "y:3": 300,
      "questIDLow:4": 2174,
      "sizeY:3": 24
    },
    "54:10": {
      "questIDHigh:4": 0,
      "sizeX:3": 24,
      "x:3": 96,
      "y:3": 300,
      "questIDLow:4": 2175,
      "sizeY:3": 24
    },
    "55:10": {
      "questIDHigh:4": 0,
      "sizeX:3": 24,
      "x:3": 192,
      "y:3": 252,
      "questIDLow:4": 2176,
      "sizeY:3": 24
    },
    "56:10": {
      "questIDHigh:4": 0,
      "sizeX:3": 24,
      "x:3": 96,
      "y:3": 156,
      "questIDLow:4": 2177,
      "sizeY:3": 24
    },
    "57:10": {
      "questIDHigh:4": 0,
      "sizeX:3": 24,
      "x:3": 144,
      "y:3": 156,
      "questIDLow:4": 2178,
      "sizeY:3": 24
    },
    "58:10": {
      "questIDHigh:4": 0,
      "sizeX:3": 24,
      "x:3": 96,
      "y:3": 252,
      "questIDLow:4": 2179,
      "sizeY:3": 24
    },
    "59:10": {
      "questIDHigh:4": 0,
      "sizeX:3": 24,
      "x:3": 96,
      "y:3": 204,
      "questIDLow:4": 2180,
      "sizeY:3": 24
    },
    "60:10": {
      "questIDHigh:4": 0,
      "sizeX:3": 24,
      "x:3": 144,
      "y:3": 204,
      "questIDLow:4": 2181,
      "sizeY:3": 24
    },
    "61:10": {
      "questIDHigh:4": 0,
      "sizeX:3": 24,
      "x:3": 480,
      "y:3": 444,
      "questIDLow:4": 2182,
      "sizeY:3": 24
    },
    "62:10": {
      "questIDHigh:4": 0,
      "sizeX:3": 24,
      "x:3": 432,
      "y:3": 444,
      "questIDLow:4": 2183,
      "sizeY:3": 24
    },
    "63:10": {
      "questIDHigh:4": 0,
      "sizeX:3": 24,
      "x:3": 240,
      "y:3": 252,
      "questIDLow:4": 2184,
      "sizeY:3": 24
    },
    "64:10": {
      "questIDHigh:4": 0,
      "sizeX:3": 24,
      "x:3": 48,
      "y:3": 252,
      "questIDLow:4": 2185,
      "sizeY:3": 24
    },
    "65:10": {
      "questIDHigh:4": 0,
      "sizeX:3": 24,
      "x:3": 480,
      "y:3": 492,
      "questIDLow:4": 2186,
      "sizeY:3": 24
    },
    "66:10": {
      "questIDHigh:4": 0,
      "sizeX:3": 24,
      "x:3": 432,
      "y:3": 492,
      "questIDLow:4": 2187,
      "sizeY:3": 24
    },
    "67:10": {
      "questIDHigh:4": 0,
      "sizeX:3": 24,
      "x:3": 528,
      "y:3": 492,
      "questIDLow:4": 2188,
      "sizeY:3": 24
    },
    "68:10": {
      "questIDHigh:4": 0,
      "sizeX:3": 24,
      "x:3": 528,
      "y:3": 444,
      "questIDLow:4": 2189,
      "sizeY:3": 24
    },
    "69:10": {
      "questIDHigh:4": 0,
      "sizeX:3": 24,
      "x:3": 1116,
      "y:3": 144,
      "questIDLow:4": 2190,
      "sizeY:3": 24
    },
    "70:10": {
      "questIDHigh:4": 0,
      "sizeX:3": 24,
      "x:3": 192,
      "y:3": 300,
      "questIDLow:4": 2191,
      "sizeY:3": 24
    },
    "71:10": {
      "questIDHigh:4": 0,
      "sizeX:3": 24,
      "x:3": 240,
      "y:3": 108,
      "questIDLow:4": 2192,
      "sizeY:3": 24
    },
    "72:10": {
      "questIDHigh:4": 0,
      "sizeX:3": 24,
      "x:3": 288,
      "y:3": 156,
      "questIDLow:4": 2193,
      "sizeY:3": 24
    },
    "73:10": {
      "questIDHigh:4": 0,
      "sizeX:3": 24,
      "x:3": 240,
      "y:3": 204,
      "questIDLow:4": 2194,
      "sizeY:3": 24
    },
    "74:10": {
      "questIDHigh:4": 0,
      "sizeX:3": 24,
      "x:3": 288,
      "y:3": 204,
      "questIDLow:4": 2195,
      "sizeY:3": 24
    },
    "75:10": {
      "questIDHigh:4": 0,
      "sizeX:3": 24,
      "x:3": 672,
      "y:3": 384,
      "questIDLow:4": 2196,
      "sizeY:3": 24
    },
    "76:10": {
      "questIDHigh:4": 0,
      "sizeX:3": 24,
      "x:3": 672,
      "y:3": 432,
      "questIDLow:4": 2197,
      "sizeY:3": 24
    },
    "77:10": {
      "questIDHigh:4": 0,
      "sizeX:3": 24,
      "x:3": 288,
      "y:3": 252,
      "questIDLow:4": 2198,
      "sizeY:3": 24
    },
    "78:10": {
      "questIDHigh:4": 0,
      "sizeX:3": 24,
      "x:3": 144,
      "y:3": 396,
      "questIDLow:4": 2199,
      "sizeY:3": 24
    },
    "79:10": {
      "questIDHigh:4": 0,
      "sizeX:3": 24,
      "x:3": 144,
      "y:3": 444,
      "questIDLow:4": 2200,
      "sizeY:3": 24
    },
    "80:10": {
      "questIDHigh:4": 0,
      "sizeX:3": 24,
      "x:3": 240,
      "y:3": 300,
      "questIDLow:4": 2201,
      "sizeY:3": 24
    },
    "81:10": {
      "questIDHigh:4": 0,
      "sizeX:3": 24,
      "x:3": 240,
      "y:3": 348,
      "questIDLow:4": 2202,
      "sizeY:3": 24
    },
    "82:10": {
      "questIDHigh:4": 0,
      "sizeX:3": 24,
      "x:3": 240,
      "y:3": 396,
      "questIDLow:4": 2203,
      "sizeY:3": 24
    },
    "83:10": {
      "questIDHigh:4": 0,
      "sizeX:3": 48,
      "x:3": 252,
      "y:3": 444,
      "questIDLow:4": 2204,
      "sizeY:3": 48
    },
    "84:10": {
      "questIDHigh:4": 0,
      "sizeX:3": 48,
      "x:3": 252,
      "y:3": 516,
      "questIDLow:4": 2205,
      "sizeY:3": 48
    },
    "85:10": {
      "questIDHigh:4": 0,
      "sizeX:3": 24,
      "x:3": 288,
      "y:3": 396,
      "questIDLow:4": 2206,
      "sizeY:3": 24
    },
    "86:10": {
      "questIDHigh:4": 0,
      "sizeX:3": 24,
      "x:3": 288,
      "y:3": 348,
      "questIDLow:4": 2207,
      "sizeY:3": 24
    },
    "87:10": {
      "questIDHigh:4": 0,
      "sizeX:3": 24,
      "x:3": 288,
      "y:3": 300,
      "questIDLow:4": 2208,
      "sizeY:3": 24
    },
    "88:10": {
      "questIDHigh:4": 0,
      "sizeX:3": 24,
      "x:3": 0,
      "y:3": 48,
      "questIDLow:4": 2209,
      "sizeY:3": 24
    },
    "89:10": {
      "questIDHigh:4": 0,
      "sizeX:3": 24,
      "x:3": 48,
      "y:3": 48,
      "questIDLow:4": 2211,
      "sizeY:3": 24
    },
    "90:10": {
      "questIDHigh:4": 0,
      "sizeX:3": 24,
      "x:3": 384,
      "y:3": 192,
      "questIDLow:4": 2212,
      "sizeY:3": 24
    },
    "91:10": {
      "questIDHigh:4": 0,
      "sizeX:3": 24,
      "x:3": 384,
      "y:3": 48,
      "questIDLow:4": 2213,
      "sizeY:3": 24
    },
    "92:10": {
      "questIDHigh:4": 0,
      "sizeX:3": 24,
      "x:3": 432,
      "y:3": 144,
      "questIDLow:4": 2214,
      "sizeY:3": 24
    },
    "93:10": {
      "questIDHigh:4": 0,
      "sizeX:3": 24,
      "x:3": 432,
      "y:3": 96,
      "questIDLow:4": 2215,
      "sizeY:3": 24
    },
    "94:10": {
      "questIDHigh:4": 0,
      "sizeX:3": 24,
      "x:3": 432,
      "y:3": 48,
      "questIDLow:4": 2216,
      "sizeY:3": 24
    },
    "95:10": {
      "questIDHigh:4": 0,
      "sizeX:3": 24,
      "x:3": 384,
      "y:3": 144,
      "questIDLow:4": 2217,
      "sizeY:3": 24
    },
    "96:10": {
      "questIDHigh:4": 0,
      "sizeX:3": 24,
      "x:3": 384,
      "y:3": 96,
      "questIDLow:4": 2218,
      "sizeY:3": 24
    },
    "97:10": {
      "questIDHigh:4": 0,
      "sizeX:3": 24,
      "x:3": 480,
      "y:3": 192,
      "questIDLow:4": 2219,
      "sizeY:3": 24
    },
    "98:10": {
      "questIDHigh:4": 0,
      "sizeX:3": 24,
      "x:3": 624,
      "y:3": 336,
      "questIDLow:4": 2220,
      "sizeY:3": 24
    },
    "99:10": {
      "questIDHigh:4": 0,
      "sizeX:3": 24,
      "x:3": 576,
      "y:3": 240,
      "questIDLow:4": 2221,
      "sizeY:3": 24
    },
    "100:10": {
      "questIDHigh:4": 0,
      "sizeX:3": 24,
      "x:3": 576,
      "y:3": 96,
      "questIDLow:4": 2222,
      "sizeY:3": 24
    },
    "101:10": {
      "questIDHigh:4": 0,
      "sizeX:3": 24,
      "x:3": 576,
      "y:3": 288,
      "questIDLow:4": 2223,
      "sizeY:3": 24
    },
    "102:10": {
      "questIDHigh:4": 0,
      "sizeX:3": 24,
      "x:3": 624,
      "y:3": 288,
      "questIDLow:4": 2224,
      "sizeY:3": 24
    },
    "103:10": {
      "questIDHigh:4": 0,
      "sizeX:3": 24,
      "x:3": 624,
      "y:3": 96,
      "questIDLow:4": 2225,
      "sizeY:3": 24
    },
    "104:10": {
      "questIDHigh:4": 0,
      "sizeX:3": 24,
      "x:3": 624,
      "y:3": 240,
      "questIDLow:4": 2226,
      "sizeY:3": 24
    },
    "105:10": {
      "questIDHigh:4": 0,
      "sizeX:3": 24,
      "x:3": 576,
      "y:3": 336,
      "questIDLow:4": 2227,
      "sizeY:3": 24
    },
    "106:10": {
      "questIDHigh:4": 0,
      "sizeX:3": 24,
      "x:3": 576,
      "y:3": 48,
      "questIDLow:4": 2228,
      "sizeY:3": 24
    },
    "107:10": {
      "questIDHigh:4": 0,
      "sizeX:3": 24,
      "x:3": 624,
      "y:3": 48,
      "questIDLow:4": 2229,
      "sizeY:3": 24
    },
    "108:10": {
      "questIDHigh:4": 0,
      "sizeX:3": 24,
      "x:3": 672,
      "y:3": 48,
      "questIDLow:4": 2230,
      "sizeY:3": 24
    },
    "109:10": {
      "questIDHigh:4": 0,
      "sizeX:3": 24,
      "x:3": 528,
      "y:3": 48,
      "questIDLow:4": 2231,
      "sizeY:3": 24
    },
    "110:10": {
      "questIDHigh:4": 0,
      "sizeX:3": 24,
      "x:3": 384,
      "y:3": 240,
      "questIDLow:4": 2232,
      "sizeY:3": 24
    },
    "111:10": {
      "questIDHigh:4": 0,
      "sizeX:3": 24,
      "x:3": 480,
      "y:3": 0,
      "questIDLow:4": 2233,
      "sizeY:3": 24
    },
    "112:10": {
      "questIDHigh:4": 0,
      "sizeX:3": 24,
      "x:3": 528,
      "y:3": 0,
      "questIDLow:4": 2234,
      "sizeY:3": 24
    },
    "113:10": {
      "questIDHigh:4": 0,
      "sizeX:3": 48,
      "x:3": 576,
      "y:3": -12,
      "questIDLow:4": 2235,
      "sizeY:3": 48
    },
    "114:10": {
      "questIDHigh:4": 0,
      "sizeX:3": 24,
      "x:3": 672,
      "y:3": 192,
      "questIDLow:4": 2236,
      "sizeY:3": 24
    },
    "115:10": {
      "questIDHigh:4": 0,
      "sizeX:3": 24,
      "x:3": 624,
      "y:3": 192,
      "questIDLow:4": 2237,
      "sizeY:3": 24
    },
    "116:10": {
      "questIDHigh:4": 0,
      "sizeX:3": 24,
      "x:3": 672,
      "y:3": 240,
      "questIDLow:4": 2238,
      "sizeY:3": 24
    },
    "117:10": {
      "questIDHigh:4": 0,
      "sizeX:3": 24,
      "x:3": 432,
      "y:3": 288,
      "questIDLow:4": 2239,
      "sizeY:3": 24
    },
    "118:10": {
      "questIDHigh:4": 0,
      "sizeX:3": 24,
      "x:3": 432,
      "y:3": 336,
      "questIDLow:4": 2240,
      "sizeY:3": 24
    },
    "119:10": {
      "questIDHigh:4": 0,
      "sizeX:3": 24,
      "x:3": 672,
      "y:3": 288,
      "questIDLow:4": 2241,
      "sizeY:3": 24
    },
    "120:10": {
      "questIDHigh:4": 0,
      "sizeX:3": 48,
      "x:3": 732,
      "y:3": 276,
      "questIDLow:4": 2242,
      "sizeY:3": 48
    },
    "121:10": {
      "questIDHigh:4": 0,
      "sizeX:3": 24,
      "x:3": 48,
      "y:3": 540,
      "questIDLow:4": 2243,
      "sizeY:3": 24
    },
    "122:10": {
      "questIDHigh:4": 0,
      "sizeX:3": 24,
      "x:3": 576,
      "y:3": 144,
      "questIDLow:4": 2244,
      "sizeY:3": 24
    },
    "123:10": {
      "questIDHigh:4": 0,
      "sizeX:3": 24,
      "x:3": 624,
      "y:3": 144,
      "questIDLow:4": 2245,
      "sizeY:3": 24
    },
    "124:10": {
      "questIDHigh:4": 0,
      "sizeX:3": 24,
      "x:3": 672,
      "y:3": 144,
      "questIDLow:4": 2246,
      "sizeY:3": 24
    },
    "125:10": {
      "questIDHigh:4": 0,
      "sizeX:3": 48,
      "x:3": 732,
      "y:3": 156,
      "questIDLow:4": 2247,
      "sizeY:3": 48
    },
    "126:10": {
      "questIDHigh:4": 0,
      "sizeX:3": 24,
      "x:3": 720,
      "y:3": 96,
      "questIDLow:4": 2248,
      "sizeY:3": 24
    },
    "127:10": {
      "questIDHigh:4": 0,
      "sizeX:3": 24,
      "x:3": 720,
      "y:3": 48,
      "questIDLow:4": 2249,
      "sizeY:3": 24
    },
    "128:10": {
      "questIDHigh:4": 0,
      "sizeX:3": 24,
      "x:3": 720,
      "y:3": 0,
      "questIDLow:4": 2250,
      "sizeY:3": 24
    },
    "129:10": {
      "questIDHigh:4": 0,
      "sizeX:3": 24,
      "x:3": 1008,
      "y:3": 144,
      "questIDLow:4": 2251,
      "sizeY:3": 24
    },
    "130:10": {
      "questIDHigh:4": 0,
      "sizeX:3": 24,
      "x:3": 1008,
      "y:3": 192,
      "questIDLow:4": 2252,
      "sizeY:3": 24
    },
    "131:10": {
      "questIDHigh:4": 0,
      "sizeX:3": 24,
      "x:3": 672,
      "y:3": 480,
      "questIDLow:4": 2254,
      "sizeY:3": 24
    },
    "132:10": {
      "questIDHigh:4": 0,
      "sizeX:3": 24,
      "x:3": 240,
      "y:3": 0,
      "questIDLow:4": 2258,
      "sizeY:3": 24
    },
    "133:10": {
      "questIDHigh:4": 0,
      "sizeX:3": 24,
      "x:3": 1008,
      "y:3": 96,
      "questIDLow:4": 2269,
      "sizeY:3": 24
    },
    "134:10": {
      "questIDHigh:4": 0,
      "sizeX:3": 24,
      "x:3": 960,
      "y:3": 48,
      "questIDLow:4": 2270,
      "sizeY:3": 24
    },
    "135:10": {
      "questIDHigh:4": 0,
      "sizeX:3": 24,
      "x:3": 1008,
      "y:3": 0,
      "questIDLow:4": 2271,
      "sizeY:3": 24
    },
    "136:10": {
      "questIDHigh:4": 0,
      "sizeX:3": 24,
      "x:3": 960,
      "y:3": 0,
      "questIDLow:4": 2272,
      "sizeY:3": 24
    },
    "137:10": {
      "questIDHigh:4": 0,
      "sizeX:3": 24,
      "x:3": 1056,
      "y:3": 0,
      "questIDLow:4": 2273,
      "sizeY:3": 24
    },
    "138:10": {
      "questIDHigh:4": 0,
      "sizeX:3": 24,
      "x:3": 480,
      "y:3": 336,
      "questIDLow:4": 2274,
      "sizeY:3": 24
    },
    "139:10": {
      "questIDHigh:4": 0,
      "sizeX:3": 24,
      "x:3": 480,
      "y:3": 288,
      "questIDLow:4": 2275,
      "sizeY:3": 24
    },
    "140:10": {
      "questIDHigh:4": 0,
      "sizeX:3": 24,
      "x:3": 528,
      "y:3": 336,
      "questIDLow:4": 2276,
      "sizeY:3": 24
    },
    "141:10": {
      "questIDHigh:4": 0,
      "sizeX:3": 24,
      "x:3": 864,
      "y:3": 192,
      "questIDLow:4": 2277,
      "sizeY:3": 24
    },
    "142:10": {
      "questIDHigh:4": 0,
      "sizeX:3": 24,
      "x:3": 864,
      "y:3": 144,
      "questIDLow:4": 2278,
      "sizeY:3": 24
    },
    "143:10": {
      "questIDHigh:4": 0,
      "sizeX:3": 24,
      "x:3": 864,
      "y:3": 96,
      "questIDLow:4": 2279,
      "sizeY:3": 24
    },
    "144:10": {
      "questIDHigh:4": 0,
      "sizeX:3": 24,
      "x:3": 864,
      "y:3": 48,
      "questIDLow:4": 2280,
      "sizeY:3": 24
    },
    "145:10": {
      "questIDHigh:4": 0,
      "sizeX:3": 24,
      "x:3": 864,
      "y:3": 0,
      "questIDLow:4": 2281,
      "sizeY:3": 24
    },
    "146:10": {
      "questIDHigh:4": 0,
      "sizeX:3": 24,
      "x:3": 816,
      "y:3": 0,
      "questIDLow:4": 2282,
      "sizeY:3": 24
    },
    "147:10": {
      "questIDHigh:4": 0,
      "sizeX:3": 24,
      "x:3": 912,
      "y:3": 48,
      "questIDLow:4": 2283,
      "sizeY:3": 24
    },
    "148:10": {
      "questIDHigh:4": 0,
      "sizeX:3": 24,
      "x:3": 912,
      "y:3": 0,
      "questIDLow:4": 2284,
      "sizeY:3": 24
    },
    "149:10": {
      "questIDHigh:4": 0,
      "sizeX:3": 24,
      "x:3": 912,
      "y:3": 144,
      "questIDLow:4": 2285,
      "sizeY:3": 24
    },
    "150:10": {
      "questIDHigh:4": 0,
      "sizeX:3": 24,
      "x:3": 432,
      "y:3": 384,
      "questIDLow:4": 2287,
      "sizeY:3": 24
    },
    "151:10": {
      "questIDHigh:4": 0,
      "sizeX:3": 24,
      "x:3": 384,
      "y:3": 384,
      "questIDLow:4": 2288,
      "sizeY:3": 24
    },
    "152:10": {
      "questIDHigh:4": 0,
      "sizeX:3": 24,
      "x:3": 480,
      "y:3": 384,
      "questIDLow:4": 2289,
      "sizeY:3": 24
    },
    "153:10": {
      "questIDHigh:4": 0,
      "sizeX:3": 24,
      "x:3": 1056,
      "y:3": 240,
      "questIDLow:4": 2290,
      "sizeY:3": 24
    },
    "154:10": {
      "questIDHigh:4": 0,
      "sizeX:3": 24,
      "x:3": 1056,
      "y:3": 192,
      "questIDLow:4": 2291,
      "sizeY:3": 24
    },
    "155:10": {
      "questIDHigh:4": 0,
      "sizeX:3": 24,
      "x:3": 1056,
      "y:3": 144,
      "questIDLow:4": 2292,
      "sizeY:3": 24
    },
    "156:10": {
      "questIDHigh:4": 0,
      "sizeX:3": 48,
      "x:3": 36,
      "y:3": 612,
      "questIDLow:4": 3238,
      "sizeY:3": 48
    },
    "157:10": {
      "questIDHigh:4": 0,
      "sizeX:3": 24,
      "x:3": 144,
      "y:3": 540,
      "questIDLow:4": 3286,
      "sizeY:3": 24
    },
    "158:10": {
      "questIDHigh:4": 0,
      "sizeX:3": 48,
      "x:3": 636,
      "y:3": 528,
      "questIDLow:4": 3297,
      "sizeY:3": 48
    },
    "159:10": {
      "questIDHigh:4": 0,
      "sizeX:3": 48,
      "x:3": 708,
      "y:3": 528,
      "questIDLow:4": 3298,
      "sizeY:3": 48
    }
  },
  "questLineIDLow:4": 19,
  "questLineIDHigh:4": 0,
  "properties:10": {
    "betterquesting:10": {
      "visibility:8": "UNLOCKED",
      "name:8": "Be(e) Breeding",
      "icon:10": {
        "id:8": "Forestry:beeQueenGE",
        "Count:3": 1,
        "tag:10": {
          "MaxH:3": 40,
          "Mate:10": {
            "Chromosomes:9": {
              "0:10": {
                "UID1:8": "forestry.speciesIndustrious",
                "UID0:8": "forestry.speciesIndustrious",
                "Slot:1": 0
              },
              "1:10": {
                "UID1:8": "forestry.speedSlower",
                "UID0:8": "forestry.speedSlower",
                "Slot:1": 1
              },
              "2:10": {
                "UID1:8": "forestry.lifespanNormal",
                "UID0:8": "forestry.lifespanNormal",
                "Slot:1": 2
              },
              "3:10": {
                "UID1:8": "forestry.fertilityNormal",
                "UID0:8": "forestry.fertilityNormal",
                "Slot:1": 3
              },
              "4:10": {
                "UID1:8": "forestry.toleranceNone",
                "UID0:8": "forestry.toleranceNone",
                "Slot:1": 4
              },
              "5:10": {
                "UID1:8": "forestry.boolFalse",
                "UID0:8": "forestry.boolFalse",
                "Slot:1": 5
              },
              "6:10": {
                "UID1:8": "forestry.toleranceNone",
                "UID0:8": "forestry.toleranceNone",
                "Slot:1": 7
              },
              "7:10": {
                "UID1:8": "forestry.boolFalse",
                "UID0:8": "forestry.boolFalse",
                "Slot:1": 8
              },
              "8:10": {
                "UID1:8": "forestry.boolFalse",
                "UID0:8": "forestry.boolFalse",
                "Slot:1": 9
              },
              "9:10": {
                "UID1:8": "forestry.flowersVanilla",
                "UID0:8": "forestry.flowersVanilla",
                "Slot:1": 10
              },
              "10:10": {
                "UID1:8": "forestry.floweringFast",
                "UID0:8": "forestry.floweringFast",
                "Slot:1": 11
              },
              "11:10": {
                "UID1:8": "forestry.territoryAverage",
                "UID0:8": "forestry.territoryAverage",
                "Slot:1": 12
              },
              "12:10": {
                "UID1:8": "forestry.effectNone",
                "UID0:8": "forestry.effectNone",
                "Slot:1": 13
              }
            }
          },
          "Health:3": 40,
          "IsAnalyzed:1": 1,
          "Genome:10": {
            "Chromosomes:9": {
              "0:10": {
                "UID1:8": "forestry.speciesIndustrious",
                "UID0:8": "forestry.speciesIndustrious",
                "Slot:1": 0
              },
              "1:10": {
                "UID1:8": "forestry.speedSlower",
                "UID0:8": "forestry.speedSlower",
                "Slot:1": 1
              },
              "2:10": {
                "UID1:8": "forestry.lifespanNormal",
                "UID0:8": "forestry.lifespanNormal",
                "Slot:1": 2
              },
              "3:10": {
                "UID1:8": "forestry.fertilityNormal",
                "UID0:8": "forestry.fertilityNormal",
                "Slot:1": 3
              },
              "4:10": {
                "UID1:8": "forestry.toleranceNone",
                "UID0:8": "forestry.toleranceNone",
                "Slot:1": 4
              },
              "5:10": {
                "UID1:8": "forestry.boolFalse",
                "UID0:8": "forestry.boolFalse",
                "Slot:1": 5
              },
              "6:10": {
                "UID1:8": "forestry.toleranceNone",
                "UID0:8": "forestry.toleranceNone",
                "Slot:1": 7
              },
              "7:10": {
                "UID1:8": "forestry.boolFalse",
                "UID0:8": "forestry.boolFalse",
                "Slot:1": 8
              },
              "8:10": {
                "UID1:8": "forestry.boolFalse",
                "UID0:8": "forestry.boolFalse",
                "Slot:1": 9
              },
              "9:10": {
                "UID1:8": "forestry.flowersVanilla",
                "UID0:8": "forestry.flowersVanilla",
                "Slot:1": 10
              },
              "10:10": {
                "UID1:8": "forestry.floweringFast",
                "UID0:8": "forestry.floweringFast",
                "Slot:1": 11
              },
              "11:10": {
                "UID1:8": "forestry.territoryAverage",
                "UID0:8": "forestry.territoryAverage",
                "Slot:1": 12
              },
              "12:10": {
                "UID1:8": "forestry.effectNone",
                "UID0:8": "forestry.effectNone",
                "Slot:1": 13
              }
            }
          }
        },
        "Damage:2": 0,
        "OreDict:8": ""
      },
      "bg_image:8": "",
      "bg_size:3": 256,
      "desc:8": "Breeding Bees for Better Bling (experimental, may cause honey leakage)"
    }
  }
}