{
  "quests:9": {
    "0:10": {
      "questIDHigh:4": 0,
      "sizeX:3": 48,
      "x:3": 504,
      "y:3": -48,
      "questIDLow:4": 3092,
      "sizeY:3": 48
    },
    "1:10": {
      "questIDHigh:4": 0,
      "sizeX:3": 24,
      "x:3": 648,
      "y:3": -252,
      "questIDLow:4": 3093,
      "sizeY:3": 24
    },
    "2:10": {
      "questIDHigh:4": 0,
      "sizeX:3": 24,
      "x:3": 672,
      "y:3": -300,
      "questIDLow:4": 3094,
      "sizeY:3": 24
    },
    "3:10": {
      "questIDHigh:4": 0,
      "sizeX:3": 24,
      "x:3": 528,
      "y:3": -96,
      "questIDLow:4": 3095,
      "sizeY:3": 24
    },
    "4:10": {
      "questIDHigh:4": 0,
      "sizeX:3": 24,
      "x:3": 564,
      "y:3": -144,
      "questIDLow:4": 3096,
      "sizeY:3": 24
    },
    "5:10": {
      "questIDHigh:4": 0,
      "sizeX:3": 24,
      "x:3": 588,
      "y:3": -180,
      "questIDLow:4": 3097,
      "sizeY:3": 24
    },
    "6:10": {
      "questIDHigh:4": 0,
      "sizeX:3": 48,
      "x:3": 504,
      "y:3": -300,
      "questIDLow:4": 3098,
      "sizeY:3": 48
    },
    "7:10": {
      "questIDHigh:4": 0,
      "sizeX:3": 48,
      "x:3": 588,
      "y:3": -300,
      "questIDLow:4": 3099,
      "sizeY:3": 48
    },
    "8:10": {
      "questIDHigh:4": 0,
      "sizeX:3": 24,
      "x:3": 624,
      "y:3": -360,
      "questIDLow:4": 3100,
      "sizeY:3": 24
    },
    "9:10": {
      "questIDHigh:4": 0,
      "sizeX:3": 24,
      "x:3": 576,
      "y:3": -372,
      "questIDLow:4": 3101,
      "sizeY:3": 24
    },
    "10:10": {
      "questIDHigh:4": 0,
      "sizeX:3": 24,
      "x:3": 624,
      "y:3": -420,
      "questIDLow:4": 3102,
      "sizeY:3": 24
    },
    "11:10": {
      "questIDHigh:4": 0,
      "sizeX:3": 24,
      "x:3": 468,
      "y:3": -348,
      "questIDLow:4": 3103,
      "sizeY:3": 24
    },
    "12:10": {
      "questIDHigh:4": 0,
      "sizeX:3": 24,
      "x:3": 528,
      "y:3": -360,
      "questIDLow:4": 3104,
      "sizeY:3": 24
    },
    "13:10": {
      "questIDHigh:4": 0,
      "sizeX:3": 24,
      "x:3": 420,
      "y:3": -336,
      "questIDLow:4": 3105,
      "sizeY:3": 24
    },
    "14:10": {
      "questIDHigh:4": 0,
      "sizeX:3": 24,
      "x:3": 480,
      "y:3": -396,
      "questIDLow:4": 3106,
      "sizeY:3": 24
    },
    "15:10": {
      "questIDHigh:4": 0,
      "sizeX:3": 48,
      "x:3": 636,
      "y:3": -492,
      "questIDLow:4": 3107,
      "sizeY:3": 48
    },
    "16:10": {
      "questIDHigh:4": 0,
      "sizeX:3": 48,
      "x:3": 456,
      "y:3": -528,
      "questIDLow:4": 3108,
      "sizeY:3": 48
    },
    "17:10": {
      "questIDHigh:4": 0,
      "sizeX:3": 48,
      "x:3": 312,
      "y:3": -552,
      "questIDLow:4": 3109,
      "sizeY:3": 48
    },
    "18:10": {
      "questIDHigh:4": 0,
      "sizeX:3": 24,
      "x:3": 468,
      "y:3": -588,
      "questIDLow:4": 3110,
      "sizeY:3": 24
    },
    "19:10": {
      "questIDHigh:4": 0,
      "sizeX:3": 24,
      "x:3": 516,
      "y:3": -624,
      "questIDLow:4": 3111,
      "sizeY:3": 24
    },
    "20:10": {
      "questIDHigh:4": 0,
      "sizeX:3": 24,
      "x:3": 516,
      "y:3": -564,
      "questIDLow:4": 3112,
      "sizeY:3": 24
    },
    "21:10": {
      "questIDHigh:4": 0,
      "sizeX:3": 24,
      "x:3": 420,
      "y:3": -564,
      "questIDLow:4": 3113,
      "sizeY:3": 24
    },
    "22:10": {
      "questIDHigh:4": 0,
      "sizeX:3": 24,
      "x:3": 468,
      "y:3": -648,
      "questIDLow:4": 3114,
      "sizeY:3": 24
    },
    "23:10": {
      "questIDHigh:4": 0,
      "sizeX:3": 24,
      "x:3": 420,
      "y:3": -672,
      "questIDLow:4": 3115,
      "sizeY:3": 24
    },
    "24:10": {
      "questIDHigh:4": 0,
      "sizeX:3": 24,
      "x:3": 456,
      "y:3": -708,
      "questIDLow:4": 3116,
      "sizeY:3": 24
    },
    "25:10": {
      "questIDHigh:4": 0,
      "sizeX:3": 24,
      "x:3": 576,
      "y:3": -228,
      "questIDLow:4": 3117,
      "sizeY:3": 24
    },
    "26:10": {
      "questIDHigh:4": 0,
      "sizeX:3": 24,
      "x:3": 624,
      "y:3": -552,
      "questIDLow:4": 3118,
      "sizeY:3": 24
    },
    "27:10": {
      "questIDHigh:4": 0,
      "sizeX:3": 24,
      "x:3": 684,
      "y:3": -540,
      "questIDLow:4": 3119,
      "sizeY:3": 24
    },
    "28:10": {
      "questIDHigh:4": 0,
      "sizeX:3": 24,
      "x:3": 660,
      "y:3": -600,
      "questIDLow:4": 3120,
      "sizeY:3": 24
    },
    "29:10": {
      "questIDHigh:4": 0,
      "sizeX:3": 24,
      "x:3": 324,
      "y:3": -612,
      "questIDLow:4": 3121,
      "sizeY:3": 24
    },
    "30:10": {
      "questIDHigh:4": 0,
      "sizeX:3": 24,
      "x:3": 276,
      "y:3": -660,
      "questIDLow:4": 3122,
      "sizeY:3": 24
    },
    "31:10": {
      "questIDHigh:4": 0,
      "sizeX:3": 24,
      "x:3": 324,
      "y:3": -708,
      "questIDLow:4": 3123,
      "sizeY:3": 24
    },
    "32:10": {
      "questIDHigh:4": 0,
      "sizeX:3": 24,
      "x:3": 360,
      "y:3": -660,
      "questIDLow:4": 3124,
      "sizeY:3": 24
    },
    "33:10": {
      "questIDHigh:4": 0,
      "sizeX:3": 24,
      "x:3": 252,
      "y:3": -600,
      "questIDLow:4": 3125,
      "sizeY:3": 24
    },
    "34:10": {
      "questIDHigh:4": 0,
      "sizeX:3": 24,
      "x:3": 672,
      "y:3": -384,
      "questIDLow:4": 3126,
      "sizeY:3": 24
    },
    "35:10": {
      "questIDHigh:4": 0,
      "sizeX:3": 48,
      "x:3": 528,
      "y:3": -708,
      "questIDLow:4": 3127,
      "sizeY:3": 48
    },
    "36:10": {
      "questIDHigh:4": 0,
      "sizeX:3": 48,
      "x:3": 684,
      "y:3": -672,
      "questIDLow:4": 3128,
      "sizeY:3": 48
    },
    "37:10": {
      "questIDHigh:4": 0,
      "sizeX:3": 24,
      "x:3": 600,
      "y:3": -744,
      "questIDLow:4": 3129,
      "sizeY:3": 24
    },
    "38:10": {
      "questIDHigh:4": 0,
      "sizeX:3": 24,
      "x:3": 528,
      "y:3": -768,
      "questIDLow:4": 3130,
      "sizeY:3": 24
    },
    "39:10": {
      "questIDHigh:4": 0,
      "sizeX:3": 24,
      "x:3": 492,
      "y:3": -804,
      "questIDLow:4": 3131,
      "sizeY:3": 24
    },
    "40:10": {
      "questIDHigh:4": 0,
      "sizeX:3": 24,
      "x:3": 444,
      "y:3": -840,
      "questIDLow:4": 3132,
      "sizeY:3": 24
    },
    "41:10": {
      "questIDHigh:4": 0,
      "sizeX:3": 24,
      "x:3": 540,
      "y:3": -852,
      "questIDLow:4": 3133,
      "sizeY:3": 24
    },
    "42:10": {
      "questIDHigh:4": 0,
      "sizeX:3": 24,
      "x:3": 672,
      "y:3": -732,
      "questIDLow:4": 3134,
      "sizeY:3": 24
    },
    "43:10": {
      "questIDHigh:4": 0,
      "sizeX:3": 24,
      "x:3": 732,
      "y:3": -732,
      "questIDLow:4": 3135,
      "sizeY:3": 24
    },
    "44:10": {
      "questIDHigh:4": 0,
      "sizeX:3": 24,
      "x:3": 708,
      "y:3": -792,
      "questIDLow:4": 3136,
      "sizeY:3": 24
    },
    "45:10": {
      "questIDHigh:4": 0,
      "sizeX:3": 48,
      "x:3": 492,
      "y:3": -936,
      "questIDLow:4": 3137,
      "sizeY:3": 48
    },
    "46:10": {
      "questIDHigh:4": 0,
      "sizeX:3": 48,
      "x:3": 732,
      "y:3": -876,
      "questIDLow:4": 3138,
      "sizeY:3": 48
    },
    "47:10": {
      "questIDHigh:4": 0,
      "sizeX:3": 24,
      "x:3": 780,
      "y:3": -924,
      "questIDLow:4": 3139,
      "sizeY:3": 24
    },
    "48:10": {
      "questIDHigh:4": 0,
      "sizeX:3": 24,
      "x:3": 468,
      "y:3": -984,
      "questIDLow:4": 3140,
      "sizeY:3": 24
    },
    "49:10": {
      "questIDHigh:4": 0,
      "sizeX:3": 24,
      "x:3": 468,
      "y:3": -456,
      "questIDLow:4": 3141,
      "sizeY:3": 24
    }
  },
  "questLineIDLow:4": 21,
  "questLineIDHigh:4": 0,
  "properties:10": {
    "betterquesting:10": {
      "visibility:8": "UNLOCKED",
      "name:8": "Bio for the Masses",
      "icon:10": {
        "id:8": "gregtech:gt.metaitem.02",
        "Count:3": 1,
        "Damage:2": 32557,
        "OreDict:8": ""
      },
      "bg_image:8": "",
      "bg_size:3": 256,
      "desc:8": "Questline about powergen that comes from plants and trees."
    }
  }
}