{
  "quests:9": {
    "0:10": {
      "questIDHigh:4": -7660780356659165676,
      "sizeX:3": 24,
      "x:3": 252,
      "y:3": 108,
      "questIDLow:4": -8603019334928181566,
      "sizeY:3": 24
    },
    "1:10": {
      "questIDHigh:4": 0,
      "sizeX:3": 24,
      "x:3": 36,
      "y:3": 0,
      "questIDLow:4": 872,
      "sizeY:3": 24
    },
    "2:10": {
      "questIDHigh:4": 0,
      "sizeX:3": 24,
      "x:3": 0,
      "y:3": 0,
      "questIDLow:4": 873,
      "sizeY:3": 24
    },
    "3:10": {
      "questIDHigh:4": 0,
      "sizeX:3": 24,
      "x:3": 252,
      "y:3": 0,
      "questIDLow:4": 880,
      "sizeY:3": 24
    },
    "4:10": {
      "questIDHigh:4": 0,
      "sizeX:3": 24,
      "x:3": 396,
      "y:3": 0,
      "questIDLow:4": 881,
      "sizeY:3": 24
    },
    "5:10": {
      "questIDHigh:4": 0,
      "sizeX:3": 24,
      "x:3": 468,
      "y:3": 0,
      "questIDLow:4": 882,
      "sizeY:3": 24
    },
    "6:10": {
      "questIDHigh:4": 0,
      "sizeX:3": 24,
      "x:3": 432,
      "y:3": 0,
      "questIDLow:4": 883,
      "sizeY:3": 24
    },
    "7:10": {
      "questIDHigh:4": 0,
      "sizeX:3": 24,
      "x:3": 288,
      "y:3": 0,
      "questIDLow:4": 884,
      "sizeY:3": 24
    },
    "8:10": {
      "questIDHigh:4": 0,
      "sizeX:3": 24,
      "x:3": 324,
      "y:3": 0,
      "questIDLow:4": 885,
      "sizeY:3": 24
    },
    "9:10": {
      "questIDHigh:4": 0,
      "sizeX:3": 24,
      "x:3": 504,
      "y:3": 0,
      "questIDLow:4": 886,
      "sizeY:3": 24
    },
    "10:10": {
      "questIDHigh:4": 0,
      "sizeX:3": 24,
      "x:3": 360,
      "y:3": 0,
      "questIDLow:4": 888,
      "sizeY:3": 24
    },
    "11:10": {
      "questIDHigh:4": 0,
      "sizeX:3": 24,
      "x:3": 108,
      "y:3": 0,
      "questIDLow:4": 949,
      "sizeY:3": 24
    },
    "12:10": {
      "questIDHigh:4": 0,
      "sizeX:3": 24,
      "x:3": 216,
      "y:3": 108,
      "questIDLow:4": 950,
      "sizeY:3": 24
    },
    "13:10": {
      "questIDHigh:4": 0,
      "sizeX:3": 24,
      "x:3": 72,
      "y:3": 72,
      "questIDLow:4": 955,
      "sizeY:3": 24
    },
    "14:10": {
      "questIDHigh:4": 0,
      "sizeX:3": 24,
      "x:3": 180,
      "y:3": 144,
      "questIDLow:4": 956,
      "sizeY:3": 24
    },
    "15:10": {
      "questIDHigh:4": 0,
      "sizeX:3": 24,
      "x:3": 72,
      "y:3": 144,
      "questIDLow:4": 957,
      "sizeY:3": 24
    },
    "16:10": {
      "questIDHigh:4": 0,
      "sizeX:3": 24,
      "x:3": 144,
      "y:3": 144,
      "questIDLow:4": 958,
      "sizeY:3": 24
    },
    "17:10": {
      "questIDHigh:4": 0,
      "sizeX:3": 24,
      "x:3": 108,
      "y:3": 144,
      "questIDLow:4": 959,
      "sizeY:3": 24
    },
    "18:10": {
      "questIDHigh:4": 0,
      "sizeX:3": 24,
      "x:3": 216,
      "y:3": 144,
      "questIDLow:4": 960,
      "sizeY:3": 24
    },
    "19:10": {
      "questIDHigh:4": 0,
      "sizeX:3": 24,
      "x:3": 252,
      "y:3": 144,
      "questIDLow:4": 961,
      "sizeY:3": 24
    },
    "20:10": {
      "questIDHigh:4": 0,
      "sizeX:3": 24,
      "x:3": 288,
      "y:3": 144,
      "questIDLow:4": 963,
      "sizeY:3": 24
    },
    "21:10": {
      "questIDHigh:4": 0,
      "sizeX:3": 24,
      "x:3": 288,
      "y:3": 180,
      "questIDLow:4": 964,
      "sizeY:3": 24
    },
    "22:10": {
      "questIDHigh:4": 0,
      "sizeX:3": 24,
      "x:3": 360,
      "y:3": 108,
      "questIDLow:4": 965,
      "sizeY:3": 24
    },
    "23:10": {
      "questIDHigh:4": 0,
      "sizeX:3": 24,
      "x:3": 360,
      "y:3": 144,
      "questIDLow:4": 966,
      "sizeY:3": 24
    },
    "24:10": {
      "questIDHigh:4": 0,
      "sizeX:3": 24,
      "x:3": 360,
      "y:3": 180,
      "questIDLow:4": 967,
      "sizeY:3": 24
    },
    "25:10": {
      "questIDHigh:4": 0,
      "sizeX:3": 24,
      "x:3": 324,
      "y:3": 108,
      "questIDLow:4": 968,
      "sizeY:3": 24
    },
    "26:10": {
      "questIDHigh:4": 0,
      "sizeX:3": 24,
      "x:3": 360,
      "y:3": 216,
      "questIDLow:4": 969,
      "sizeY:3": 24
    },
    "27:10": {
      "questIDHigh:4": 0,
      "sizeX:3": 24,
      "x:3": 324,
      "y:3": 144,
      "questIDLow:4": 970,
      "sizeY:3": 24
    },
    "28:10": {
      "questIDHigh:4": 0,
      "sizeX:3": 24,
      "x:3": 324,
      "y:3": 180,
      "questIDLow:4": 971,
      "sizeY:3": 24
    },
    "29:10": {
      "questIDHigh:4": 0,
      "sizeX:3": 24,
      "x:3": 576,
      "y:3": 72,
      "questIDLow:4": 972,
      "sizeY:3": 24
    },
    "30:10": {
      "questIDHigh:4": 0,
      "sizeX:3": 24,
      "x:3": 504,
      "y:3": 72,
      "questIDLow:4": 973,
      "sizeY:3": 24
    },
    "31:10": {
      "questIDHigh:4": 0,
      "sizeX:3": 24,
      "x:3": 576,
      "y:3": 180,
      "questIDLow:4": 974,
      "sizeY:3": 24
    },
    "32:10": {
      "questIDHigh:4": 0,
      "sizeX:3": 24,
      "x:3": 540,
      "y:3": 180,
      "questIDLow:4": 975,
      "sizeY:3": 24
    },
    "33:10": {
      "questIDHigh:4": 0,
      "sizeX:3": 24,
      "x:3": 504,
      "y:3": 180,
      "questIDLow:4": 976,
      "sizeY:3": 24
    },
    "34:10": {
      "questIDHigh:4": 0,
      "sizeX:3": 24,
      "x:3": 540,
      "y:3": 144,
      "questIDLow:4": 977,
      "sizeY:3": 24
    },
    "35:10": {
      "questIDHigh:4": 0,
      "sizeX:3": 24,
      "x:3": 540,
      "y:3": 108,
      "questIDLow:4": 978,
      "sizeY:3": 24
    },
    "36:10": {
      "questIDHigh:4": 0,
      "sizeX:3": 24,
      "x:3": 540,
      "y:3": 72,
      "questIDLow:4": 979,
      "sizeY:3": 24
    },
    "37:10": {
      "questIDHigh:4": 0,
      "sizeX:3": 24,
      "x:3": 504,
      "y:3": 108,
      "questIDLow:4": 980,
      "sizeY:3": 24
    },
    "38:10": {
      "questIDHigh:4": 0,
      "sizeX:3": 24,
      "x:3": 504,
      "y:3": 144,
      "questIDLow:4": 981,
      "sizeY:3": 24
    },
    "39:10": {
      "questIDHigh:4": 0,
      "sizeX:3": 24,
      "x:3": 612,
      "y:3": 108,
      "questIDLow:4": 982,
      "sizeY:3": 24
    },
    "40:10": {
      "questIDHigh:4": 0,
      "sizeX:3": 24,
      "x:3": 288,
      "y:3": 252,
      "questIDLow:4": 983,
      "sizeY:3": 24
    },
    "41:10": {
      "questIDHigh:4": 0,
      "sizeX:3": 24,
      "x:3": 72,
      "y:3": 0,
      "questIDLow:4": 984,
      "sizeY:3": 24
    },
    "42:10": {
      "questIDHigh:4": 0,
      "sizeX:3": 24,
      "x:3": 72,
      "y:3": 180,
      "questIDLow:4": 1022,
      "sizeY:3": 24
    },
    "43:10": {
      "questIDHigh:4": 0,
      "sizeX:3": 24,
      "x:3": 108,
      "y:3": 180,
      "questIDLow:4": 1023,
      "sizeY:3": 24
    },
    "44:10": {
      "questIDHigh:4": 0,
      "sizeX:3": 24,
      "x:3": 144,
      "y:3": 180,
      "questIDLow:4": 1024,
      "sizeY:3": 24
    },
    "45:10": {
      "questIDHigh:4": 0,
      "sizeX:3": 24,
      "x:3": 180,
      "y:3": 180,
      "questIDLow:4": 1025,
      "sizeY:3": 24
    },
    "46:10": {
      "questIDHigh:4": 0,
      "sizeX:3": 24,
      "x:3": 216,
      "y:3": 180,
      "questIDLow:4": 1026,
      "sizeY:3": 24
    },
    "47:10": {
      "questIDHigh:4": 0,
      "sizeX:3": 24,
      "x:3": 252,
      "y:3": 180,
      "questIDLow:4": 1027,
      "sizeY:3": 24
    },
    "48:10": {
      "questIDHigh:4": 0,
      "sizeX:3": 24,
      "x:3": 108,
      "y:3": 36,
      "questIDLow:4": 1028,
      "sizeY:3": 24
    },
    "49:10": {
      "questIDHigh:4": 0,
      "sizeX:3": 24,
      "x:3": 72,
      "y:3": 216,
      "questIDLow:4": 1029,
      "sizeY:3": 24
    },
    "50:10": {
      "questIDHigh:4": 0,
      "sizeX:3": 24,
      "x:3": 108,
      "y:3": 216,
      "questIDLow:4": 1030,
      "sizeY:3": 24
    },
    "51:10": {
      "questIDHigh:4": 0,
      "sizeX:3": 24,
      "x:3": 144,
      "y:3": 216,
      "questIDLow:4": 1031,
      "sizeY:3": 24
    },
    "52:10": {
      "questIDHigh:4": 0,
      "sizeX:3": 24,
      "x:3": 180,
      "y:3": 216,
      "questIDLow:4": 1032,
      "sizeY:3": 24
    },
    "53:10": {
      "questIDHigh:4": 0,
      "sizeX:3": 24,
      "x:3": 216,
      "y:3": 216,
      "questIDLow:4": 1033,
      "sizeY:3": 24
    },
    "54:10": {
      "questIDHigh:4": 0,
      "sizeX:3": 24,
      "x:3": 252,
      "y:3": 216,
      "questIDLow:4": 1034,
      "sizeY:3": 24
    },
    "55:10": {
      "questIDHigh:4": 0,
      "sizeX:3": 24,
      "x:3": 288,
      "y:3": 216,
      "questIDLow:4": 1036,
      "sizeY:3": 24
    },
    "56:10": {
      "questIDHigh:4": 0,
      "sizeX:3": 24,
      "x:3": 324,
      "y:3": 216,
      "questIDLow:4": 1037,
      "sizeY:3": 24
    },
    "57:10": {
      "questIDHigh:4": 0,
      "sizeX:3": 24,
      "x:3": 396,
      "y:3": 144,
      "questIDLow:4": 1038,
      "sizeY:3": 24
    },
    "58:10": {
      "questIDHigh:4": 0,
      "sizeX:3": 24,
      "x:3": 396,
      "y:3": 180,
      "questIDLow:4": 1039,
      "sizeY:3": 24
    },
    "59:10": {
      "questIDHigh:4": 0,
      "sizeX:3": 24,
      "x:3": 396,
      "y:3": 216,
      "questIDLow:4": 1040,
      "sizeY:3": 24
    },
    "60:10": {
      "questIDHigh:4": 0,
      "sizeX:3": 24,
      "x:3": 396,
      "y:3": 108,
      "questIDLow:4": 1041,
      "sizeY:3": 24
    },
    "61:10": {
      "questIDHigh:4": 0,
      "sizeX:3": 24,
      "x:3": 216,
      "y:3": 252,
      "questIDLow:4": 1042,
      "sizeY:3": 24
    },
    "62:10": {
      "questIDHigh:4": 0,
      "sizeX:3": 24,
      "x:3": 612,
      "y:3": 72,
      "questIDLow:4": 1043,
      "sizeY:3": 24
    },
    "63:10": {
      "questIDHigh:4": 0,
      "sizeX:3": 24,
      "x:3": 504,
      "y:3": 216,
      "questIDLow:4": 1044,
      "sizeY:3": 24
    },
    "64:10": {
      "questIDHigh:4": 0,
      "sizeX:3": 24,
      "x:3": 540,
      "y:3": 216,
      "questIDLow:4": 1045,
      "sizeY:3": 24
    },
    "65:10": {
      "questIDHigh:4": 0,
      "sizeX:3": 24,
      "x:3": 576,
      "y:3": 0,
      "questIDLow:4": 1046,
      "sizeY:3": 24
    },
    "66:10": {
      "questIDHigh:4": 0,
      "sizeX:3": 24,
      "x:3": 36,
      "y:3": 288,
      "questIDLow:4": 1047,
      "sizeY:3": 24
    },
    "67:10": {
      "questIDHigh:4": 0,
      "sizeX:3": 24,
      "x:3": 72,
      "y:3": 360,
      "questIDLow:4": 1048,
      "sizeY:3": 24
    },
    "68:10": {
      "questIDHigh:4": 0,
      "sizeX:3": 24,
      "x:3": 108,
      "y:3": 360,
      "questIDLow:4": 1049,
      "sizeY:3": 24
    },
    "69:10": {
      "questIDHigh:4": 0,
      "sizeX:3": 24,
      "x:3": 0,
      "y:3": 324,
      "questIDLow:4": 1050,
      "sizeY:3": 24
    },
    "70:10": {
      "questIDHigh:4": 0,
      "sizeX:3": 24,
      "x:3": 0,
      "y:3": 360,
      "questIDLow:4": 1051,
      "sizeY:3": 24
    },
    "71:10": {
      "questIDHigh:4": 0,
      "sizeX:3": 24,
      "x:3": 36,
      "y:3": 252,
      "questIDLow:4": 1052,
      "sizeY:3": 24
    },
    "72:10": {
      "questIDHigh:4": 0,
      "sizeX:3": 24,
      "x:3": 144,
      "y:3": 360,
      "questIDLow:4": 1053,
      "sizeY:3": 24
    },
    "73:10": {
      "questIDHigh:4": 0,
      "sizeX:3": 24,
      "x:3": 180,
      "y:3": 360,
      "questIDLow:4": 1054,
      "sizeY:3": 24
    },
    "74:10": {
      "questIDHigh:4": 0,
      "sizeX:3": 24,
      "x:3": 72,
      "y:3": 288,
      "questIDLow:4": 1056,
      "sizeY:3": 24
    },
    "75:10": {
      "questIDHigh:4": 0,
      "sizeX:3": 24,
      "x:3": 108,
      "y:3": 288,
      "questIDLow:4": 1057,
      "sizeY:3": 24
    },
    "76:10": {
      "questIDHigh:4": 0,
      "sizeX:3": 24,
      "x:3": 144,
      "y:3": 288,
      "questIDLow:4": 1058,
      "sizeY:3": 24
    },
    "77:10": {
      "questIDHigh:4": 0,
      "sizeX:3": 24,
      "x:3": 180,
      "y:3": 288,
      "questIDLow:4": 1059,
      "sizeY:3": 24
    },
    "78:10": {
      "questIDHigh:4": 0,
      "sizeX:3": 24,
      "x:3": 216,
      "y:3": 288,
      "questIDLow:4": 1060,
      "sizeY:3": 24
    },
    "79:10": {
      "questIDHigh:4": 0,
      "sizeX:3": 24,
      "x:3": 36,
      "y:3": 324,
      "questIDLow:4": 1061,
      "sizeY:3": 24
    },
    "80:10": {
      "questIDHigh:4": 0,
      "sizeX:3": 24,
      "x:3": 72,
      "y:3": 324,
      "questIDLow:4": 1062,
      "sizeY:3": 24
    },
    "81:10": {
      "questIDHigh:4": 0,
      "sizeX:3": 24,
      "x:3": 36,
      "y:3": 360,
      "questIDLow:4": 1063,
      "sizeY:3": 24
    },
    "82:10": {
      "questIDHigh:4": 0,
      "sizeX:3": 24,
      "x:3": 108,
      "y:3": 324,
      "questIDLow:4": 1064,
      "sizeY:3": 24
    },
    "83:10": {
      "questIDHigh:4": 0,
      "sizeX:3": 24,
      "x:3": 144,
      "y:3": 324,
      "questIDLow:4": 1065,
      "sizeY:3": 24
    },
    "84:10": {
      "questIDHigh:4": 0,
      "sizeX:3": 24,
      "x:3": 180,
      "y:3": 324,
      "questIDLow:4": 1066,
      "sizeY:3": 24
    },
    "85:10": {
      "questIDHigh:4": 0,
      "sizeX:3": 24,
      "x:3": 144,
      "y:3": 0,
      "questIDLow:4": 1069,
      "sizeY:3": 24
    },
    "86:10": {
      "questIDHigh:4": 0,
      "sizeX:3": 24,
      "x:3": 252,
      "y:3": 36,
      "questIDLow:4": 1073,
      "sizeY:3": 24
    },
    "87:10": {
      "questIDHigh:4": 0,
      "sizeX:3": 24,
      "x:3": 288,
      "y:3": 36,
      "questIDLow:4": 1074,
      "sizeY:3": 24
    },
    "88:10": {
      "questIDHigh:4": 0,
      "sizeX:3": 24,
      "x:3": 324,
      "y:3": 36,
      "questIDLow:4": 1075,
      "sizeY:3": 24
    },
    "89:10": {
      "questIDHigh:4": 0,
      "sizeX:3": 24,
      "x:3": 360,
      "y:3": 36,
      "questIDLow:4": 1076,
      "sizeY:3": 24
    },
    "90:10": {
      "questIDHigh:4": 0,
      "sizeX:3": 24,
      "x:3": 396,
      "y:3": 36,
      "questIDLow:4": 1077,
      "sizeY:3": 24
    },
    "91:10": {
      "questIDHigh:4": 0,
      "sizeX:3": 24,
      "x:3": 432,
      "y:3": 36,
      "questIDLow:4": 1078,
      "sizeY:3": 24
    },
    "92:10": {
      "questIDHigh:4": 0,
      "sizeX:3": 24,
      "x:3": 468,
      "y:3": 36,
      "questIDLow:4": 1079,
      "sizeY:3": 24
    },
    "93:10": {
      "questIDHigh:4": 0,
      "sizeX:3": 24,
      "x:3": 504,
      "y:3": 36,
      "questIDLow:4": 1080,
      "sizeY:3": 24
    },
    "94:10": {
      "questIDHigh:4": 0,
      "sizeX:3": 24,
      "x:3": 0,
      "y:3": 108,
      "questIDLow:4": 1161,
      "sizeY:3": 24
    },
    "95:10": {
      "questIDHigh:4": 0,
      "sizeX:3": 24,
      "x:3": 0,
      "y:3": 144,
      "questIDLow:4": 1162,
      "sizeY:3": 24
    },
    "96:10": {
      "questIDHigh:4": 0,
      "sizeX:3": 24,
      "x:3": 36,
      "y:3": 144,
      "questIDLow:4": 1163,
      "sizeY:3": 24
    },
    "97:10": {
      "questIDHigh:4": 0,
      "sizeX:3": 24,
      "x:3": 468,
      "y:3": 144,
      "questIDLow:4": 1165,
      "sizeY:3": 24
    },
    "98:10": {
      "questIDHigh:4": 0,
      "sizeX:3": 24,
      "x:3": 360,
      "y:3": 324,
      "questIDLow:4": 1169,
      "sizeY:3": 24
    },
    "99:10": {
      "questIDHigh:4": 0,
      "sizeX:3": 24,
      "x:3": 396,
      "y:3": 324,
      "questIDLow:4": 1170,
      "sizeY:3": 24
    },
    "100:10": {
      "questIDHigh:4": 0,
      "sizeX:3": 24,
      "x:3": 468,
      "y:3": 108,
      "questIDLow:4": 1171,
      "sizeY:3": 24
    },
    "101:10": {
      "questIDHigh:4": 0,
      "sizeX:3": 24,
      "x:3": 432,
      "y:3": 108,
      "questIDLow:4": 1173,
      "sizeY:3": 24
    },
    "102:10": {
      "questIDHigh:4": 0,
      "sizeX:3": 24,
      "x:3": 432,
      "y:3": 144,
      "questIDLow:4": 1174,
      "sizeY:3": 24
    },
    "103:10": {
      "questIDHigh:4": 0,
      "sizeX:3": 24,
      "x:3": 432,
      "y:3": 180,
      "questIDLow:4": 1175,
      "sizeY:3": 24
    },
    "104:10": {
      "questIDHigh:4": 0,
      "sizeX:3": 24,
      "x:3": 432,
      "y:3": 216,
      "questIDLow:4": 1176,
      "sizeY:3": 24
    },
    "105:10": {
      "questIDHigh:4": 0,
      "sizeX:3": 24,
      "x:3": 144,
      "y:3": 108,
      "questIDLow:4": 1192,
      "sizeY:3": 24
    },
    "106:10": {
      "questIDHigh:4": 0,
      "sizeX:3": 24,
      "x:3": 180,
      "y:3": 108,
      "questIDLow:4": 1193,
      "sizeY:3": 24
    },
    "107:10": {
      "questIDHigh:4": 0,
      "sizeX:3": 24,
      "x:3": 108,
      "y:3": 108,
      "questIDLow:4": 1194,
      "sizeY:3": 24
    },
    "108:10": {
      "questIDHigh:4": 0,
      "sizeX:3": 24,
      "x:3": 72,
      "y:3": 108,
      "questIDLow:4": 1195,
      "sizeY:3": 24
    },
    "109:10": {
      "questIDHigh:4": 0,
      "sizeX:3": 24,
      "x:3": 36,
      "y:3": 108,
      "questIDLow:4": 1196,
      "sizeY:3": 24
    },
    "110:10": {
      "questIDHigh:4": 0,
      "sizeX:3": 24,
      "x:3": 576,
      "y:3": 108,
      "questIDLow:4": 1206,
      "sizeY:3": 24
    },
    "111:10": {
      "questIDHigh:4": 0,
      "sizeX:3": 24,
      "x:3": 576,
      "y:3": 144,
      "questIDLow:4": 1207,
      "sizeY:3": 24
    },
    "112:10": {
      "questIDHigh:4": 0,
      "sizeX:3": 24,
      "x:3": 432,
      "y:3": 324,
      "questIDLow:4": 1287,
      "sizeY:3": 24
    },
    "113:10": {
      "questIDHigh:4": 0,
      "sizeX:3": 24,
      "x:3": 216,
      "y:3": 324,
      "questIDLow:4": 1297,
      "sizeY:3": 24
    },
    "114:10": {
      "questIDHigh:4": 0,
      "sizeX:3": 24,
      "x:3": 216,
      "y:3": 360,
      "questIDLow:4": 1307,
      "sizeY:3": 24
    },
    "115:10": {
      "questIDHigh:4": 0,
      "sizeX:3": 24,
      "x:3": 180,
      "y:3": 252,
      "questIDLow:4": 1366,
      "sizeY:3": 24
    },
    "116:10": {
      "questIDHigh:4": 0,
      "sizeX:3": 24,
      "x:3": 252,
      "y:3": 252,
      "questIDLow:4": 1425,
      "sizeY:3": 24
    },
    "117:10": {
      "questIDHigh:4": 0,
      "sizeX:3": 24,
      "x:3": 324,
      "y:3": 252,
      "questIDLow:4": 1438,
      "sizeY:3": 24
    },
    "118:10": {
      "questIDHigh:4": 0,
      "sizeX:3": 24,
      "x:3": 360,
      "y:3": 252,
      "questIDLow:4": 1455,
      "sizeY:3": 24
    },
    "119:10": {
      "questIDHigh:4": 0,
      "sizeX:3": 24,
      "x:3": 468,
      "y:3": 216,
      "questIDLow:4": 1479,
      "sizeY:3": 24
    },
    "120:10": {
      "questIDHigh:4": 0,
      "sizeX:3": 24,
      "x:3": 324,
      "y:3": 72,
      "questIDLow:4": 1523,
      "sizeY:3": 24
    },
    "121:10": {
      "questIDHigh:4": 0,
      "sizeX:3": 24,
      "x:3": 0,
      "y:3": 216,
      "questIDLow:4": 1608,
      "sizeY:3": 24
    },
    "122:10": {
      "questIDHigh:4": 0,
      "sizeX:3": 24,
      "x:3": 0,
      "y:3": 252,
      "questIDLow:4": 1609,
      "sizeY:3": 24
    },
    "123:10": {
      "questIDHigh:4": 0,
      "sizeX:3": 24,
      "x:3": 36,
      "y:3": 180,
      "questIDLow:4": 1610,
      "sizeY:3": 24
    },
    "124:10": {
      "questIDHigh:4": 0,
      "sizeX:3": 24,
      "x:3": 36,
      "y:3": 216,
      "questIDLow:4": 1611,
      "sizeY:3": 24
    },
    "125:10": {
      "questIDHigh:4": 0,
      "sizeX:3": 24,
      "x:3": 0,
      "y:3": 288,
      "questIDLow:4": 1616,
      "sizeY:3": 24
    },
    "126:10": {
      "questIDHigh:4": 0,
      "sizeX:3": 24,
      "x:3": 0,
      "y:3": 180,
      "questIDLow:4": 1618,
      "sizeY:3": 24
    },
    "127:10": {
      "questIDHigh:4": 0,
      "sizeX:3": 24,
      "x:3": 468,
      "y:3": 180,
      "questIDLow:4": 1619,
      "sizeY:3": 24
    },
    "128:10": {
      "questIDHigh:4": 0,
      "sizeX:3": 24,
      "x:3": 180,
      "y:3": 72,
      "questIDLow:4": 1644,
      "sizeY:3": 24
    },
    "129:10": {
      "questIDHigh:4": 0,
      "sizeX:3": 24,
      "x:3": 180,
      "y:3": 0,
      "questIDLow:4": 1780,
      "sizeY:3": 24
    },
    "130:10": {
      "questIDHigh:4": 0,
      "sizeX:3": 24,
      "x:3": 540,
      "y:3": 0,
      "questIDLow:4": 1816,
      "sizeY:3": 24
    },
    "131:10": {
      "questIDHigh:4": 0,
      "sizeX:3": 24,
      "x:3": 36,
      "y:3": 36,
      "questIDLow:4": 1859,
      "sizeY:3": 24
    },
    "132:10": {
      "questIDHigh:4": 0,
      "sizeX:3": 24,
      "x:3": 0,
      "y:3": 36,
      "questIDLow:4": 1860,
      "sizeY:3": 24
    },
    "133:10": {
      "questIDHigh:4": 0,
      "sizeX:3": 24,
      "x:3": 72,
      "y:3": 36,
      "questIDLow:4": 1861,
      "sizeY:3": 24
    },
    "134:10": {
      "questIDHigh:4": 0,
      "sizeX:3": 24,
      "x:3": 216,
      "y:3": 36,
      "questIDLow:4": 1881,
      "sizeY:3": 24
    },
    "135:10": {
      "questIDHigh:4": 0,
      "sizeX:3": 24,
      "x:3": 216,
      "y:3": 0,
      "questIDLow:4": 1882,
      "sizeY:3": 24
    },
    "136:10": {
      "questIDHigh:4": 0,
      "sizeX:3": 24,
      "x:3": 0,
      "y:3": 72,
      "questIDLow:4": 1883,
      "sizeY:3": 24
    },
    "137:10": {
      "questIDHigh:4": 0,
      "sizeX:3": 24,
      "x:3": 468,
      "y:3": 72,
      "questIDLow:4": 1884,
      "sizeY:3": 24
    },
    "138:10": {
      "questIDHigh:4": 0,
      "sizeX:3": 24,
      "x:3": 108,
      "y:3": 72,
      "questIDLow:4": 1885,
      "sizeY:3": 24
    },
    "139:10": {
      "questIDHigh:4": 0,
      "sizeX:3": 24,
      "x:3": 144,
      "y:3": 72,
      "questIDLow:4": 1886,
      "sizeY:3": 24
    },
    "140:10": {
      "questIDHigh:4": 0,
      "sizeX:3": 24,
      "x:3": 432,
      "y:3": 72,
      "questIDLow:4": 1889,
      "sizeY:3": 24
    },
    "141:10": {
      "questIDHigh:4": 0,
      "sizeX:3": 24,
      "x:3": 612,
      "y:3": 144,
      "questIDLow:4": 1892,
      "sizeY:3": 24
    },
    "142:10": {
      "questIDHigh:4": 0,
      "sizeX:3": 24,
      "x:3": 576,
      "y:3": 36,
      "questIDLow:4": 1895,
      "sizeY:3": 24
    },
    "143:10": {
      "questIDHigh:4": 0,
      "sizeX:3": 24,
      "x:3": 36,
      "y:3": 72,
      "questIDLow:4": 1934,
      "sizeY:3": 24
    },
    "144:10": {
      "questIDHigh:4": 0,
      "sizeX:3": 24,
      "x:3": 72,
      "y:3": 252,
      "questIDLow:4": 2080,
      "sizeY:3": 24
    },
    "145:10": {
      "questIDHigh:4": 0,
      "sizeX:3": 24,
      "x:3": 612,
      "y:3": 0,
      "questIDLow:4": 2151,
      "sizeY:3": 24
    },
    "146:10": {
      "questIDHigh:4": 0,
      "sizeX:3": 24,
      "x:3": 612,
      "y:3": 36,
      "questIDLow:4": 2152,
      "sizeY:3": 24
    },
    "147:10": {
      "questIDHigh:4": 0,
      "sizeX:3": 24,
      "x:3": 504,
      "y:3": 288,
      "questIDLow:4": 2345,
      "sizeY:3": 24
    },
    "148:10": {
      "questIDHigh:4": 0,
      "sizeX:3": 24,
      "x:3": 252,
      "y:3": 72,
      "questIDLow:4": 2386,
      "sizeY:3": 24
    },
    "149:10": {
      "questIDHigh:4": 0,
      "sizeX:3": 24,
      "x:3": 396,
      "y:3": 288,
      "questIDLow:4": 2388,
      "sizeY:3": 24
    },
    "150:10": {
      "questIDHigh:4": 0,
      "sizeX:3": 24,
      "x:3": 432,
      "y:3": 288,
      "questIDLow:4": 2392,
      "sizeY:3": 24
    },
    "151:10": {
      "questIDHigh:4": 0,
      "sizeX:3": 24,
      "x:3": 144,
      "y:3": 252,
      "questIDLow:4": 2400,
      "sizeY:3": 24
    },
    "152:10": {
      "questIDHigh:4": 0,
      "sizeX:3": 24,
      "x:3": 108,
      "y:3": 252,
      "questIDLow:4": 2401,
      "sizeY:3": 24
    },
    "153:10": {
      "questIDHigh:4": 0,
      "sizeX:3": 24,
      "x:3": 540,
      "y:3": 288,
      "questIDLow:4": 2427,
      "sizeY:3": 24
    },
    "154:10": {
      "questIDHigh:4": 0,
      "sizeX:3": 24,
      "x:3": 576,
      "y:3": 288,
      "questIDLow:4": 2428,
      "sizeY:3": 24
    },
    "155:10": {
      "questIDHigh:4": 0,
      "sizeX:3": 24,
      "x:3": 612,
      "y:3": 288,
      "questIDLow:4": 2429,
      "sizeY:3": 24
    },
    "156:10": {
      "questIDHigh:4": 0,
      "sizeX:3": 24,
      "x:3": 504,
      "y:3": 324,
      "questIDLow:4": 2430,
      "sizeY:3": 24
    },
    "157:10": {
      "questIDHigh:4": 0,
      "sizeX:3": 24,
      "x:3": 540,
      "y:3": 324,
      "questIDLow:4": 2431,
      "sizeY:3": 24
    },
    "158:10": {
      "questIDHigh:4": 0,
      "sizeX:3": 24,
      "x:3": 576,
      "y:3": 324,
      "questIDLow:4": 2432,
      "sizeY:3": 24
    },
    "159:10": {
      "questIDHigh:4": 0,
      "sizeX:3": 24,
      "x:3": 612,
      "y:3": 324,
      "questIDLow:4": 2433,
      "sizeY:3": 24
    },
    "160:10": {
      "questIDHigh:4": 0,
      "sizeX:3": 24,
      "x:3": 504,
      "y:3": 360,
      "questIDLow:4": 2434,
      "sizeY:3": 24
    },
    "161:10": {
      "questIDHigh:4": 0,
      "sizeX:3": 24,
      "x:3": 540,
      "y:3": 360,
      "questIDLow:4": 2435,
      "sizeY:3": 24
    },
    "162:10": {
      "questIDHigh:4": 0,
      "sizeX:3": 24,
      "x:3": 576,
      "y:3": 360,
      "questIDLow:4": 2436,
      "sizeY:3": 24
    },
    "163:10": {
      "questIDHigh:4": 0,
      "sizeX:3": 24,
      "x:3": 360,
      "y:3": 72,
      "questIDLow:4": 2438,
      "sizeY:3": 24
    },
    "164:10": {
      "questIDHigh:4": 0,
      "sizeX:3": 24,
      "x:3": 144,
      "y:3": 36,
      "questIDLow:4": 2550,
      "sizeY:3": 24
    },
    "165:10": {
      "questIDHigh:4": 0,
      "sizeX:3": 24,
      "x:3": 540,
      "y:3": 36,
      "questIDLow:4": 2738,
      "sizeY:3": 24
    },
    "166:10": {
      "questIDHigh:4": 0,
      "sizeX:3": 24,
      "x:3": 216,
      "y:3": 72,
      "questIDLow:4": 2739,
      "sizeY:3": 24
    },
    "167:10": {
      "questIDHigh:4": 0,
      "sizeX:3": 24,
      "x:3": 180,
      "y:3": 36,
      "questIDLow:4": 2740,
      "sizeY:3": 24
    },
    "168:10": {
      "questIDHigh:4": 0,
      "sizeX:3": 24,
      "x:3": 360,
      "y:3": 360,
      "questIDLow:4": 2741,
      "sizeY:3": 24
    },
    "169:10": {
      "questIDHigh:4": 0,
      "sizeX:3": 24,
      "x:3": 396,
      "y:3": 360,
      "questIDLow:4": 2742,
      "sizeY:3": 24
    },
    "170:10": {
      "questIDHigh:4": 0,
      "sizeX:3": 24,
      "x:3": 432,
      "y:3": 360,
      "questIDLow:4": 2743,
      "sizeY:3": 24
    },
    "171:10": {
      "questIDHigh:4": 0,
      "sizeX:3": 24,
      "x:3": 288,
      "y:3": 72,
      "questIDLow:4": 2913,
      "sizeY:3": 24
    },
    "172:10": {
      "questIDHigh:4": 7918305551535850538,
      "sizeX:3": 24,
      "x:3": 288,
      "y:3": 108,
      "questIDLow:4": -8657886999178451122,
      "sizeY:3": 24
    },
    "173:10": {
      "questIDHigh:4": 8055263756039637966,
      "sizeX:3": 24,
      "x:3": 396,
      "y:3": 252,
      "questIDLow:4": -8595778749524835705,
      "sizeY:3": 24
    }
  },
  "questLineIDLow:4": 16,
  "questLineIDHigh:4": 0,
  "properties:10": {
    "betterquesting:10": {
      "visibility:8": "UNLOCKED",
      "name:8": "Coins, Coins, Coins",
      "icon:10": {
        "id:8": "dreamcraft:item.CoinTechnicianIII",
        "Count:3": 1,
        "Damage:2": 0,
        "OreDict:8": ""
      },
      "bg_image:8": "",
      "bg_size:3": 256,
      "desc:8": "These quests will give you something to use your Coins on. So come on in and and buy some useful or fancy stuff."
    }
  }
}