{
  "quests:9": {
    "0:10": {
      "questIDHigh:4": -7949765678093284760,
      "sizeX:3": 24,
      "x:3": 240,
      "y:3": 240,
      "questIDLow:4": -7384462910267243515,
      "sizeY:3": 24
    },
    "1:10": {
      "questIDHigh:4": -3753115114447421340,
      "sizeX:3": 24,
      "x:3": 288,
      "y:3": 540,
      "questIDLow:4": -5257993220658042190,
      "sizeY:3": 24
    },
    "2:10": {
      "questIDHigh:4": 0,
      "sizeX:3": 24,
      "x:3": 48,
      "y:3": 480,
      "questIDLow:4": 465,
      "sizeY:3": 24
    },
    "3:10": {
      "questIDHigh:4": 0,
      "sizeX:3": 24,
      "x:3": 144,
      "y:3": 480,
      "questIDLow:4": 467,
      "sizeY:3": 24
    },
    "4:10": {
      "questIDHigh:4": 0,
      "sizeX:3": 24,
      "x:3": 96,
      "y:3": 300,
      "questIDLow:4": 2413,
      "sizeY:3": 24
    },
    "5:10": {
      "questIDHigh:4": 0,
      "sizeX:3": 24,
      "x:3": 192,
      "y:3": 540,
      "questIDLow:4": 2568,
      "sizeY:3": 24
    },
    "6:10": {
      "questIDHigh:4": 0,
      "sizeX:3": 24,
      "x:3": 192,
      "y:3": 132,
      "questIDLow:4": 2572,
      "sizeY:3": 24
    },
    "7:10": {
      "questIDHigh:4": 0,
      "sizeX:3": 24,
      "x:3": 144,
      "y:3": 12,
      "questIDLow:4": 2573,
      "sizeY:3": 24
    },
    "8:10": {
      "questIDHigh:4": 0,
      "sizeX:3": 24,
      "x:3": 240,
      "y:3": 12,
      "questIDLow:4": 2574,
      "sizeY:3": 24
    },
    "9:10": {
      "questIDHigh:4": 0,
      "sizeX:3": 24,
      "x:3": 264,
      "y:3": 60,
      "questIDLow:4": 2575,
      "sizeY:3": 24
    },
    "10:10": {
      "questIDHigh:4": 0,
      "sizeX:3": 24,
      "x:3": 240,
      "y:3": 108,
      "questIDLow:4": 2576,
      "sizeY:3": 24
    },
    "11:10": {
      "questIDHigh:4": 0,
      "sizeX:3": 24,
      "x:3": 96,
      "y:3": 540,
      "questIDLow:4": 2578,
      "sizeY:3": 24
    },
    "12:10": {
      "questIDHigh:4": 0,
      "sizeX:3": 24,
      "x:3": -96,
      "y:3": 540,
      "questIDLow:4": 2579,
      "sizeY:3": 24
    },
    "13:10": {
      "questIDHigh:4": 0,
      "sizeX:3": 24,
      "x:3": 240,
      "y:3": 480,
      "questIDLow:4": 2580,
      "sizeY:3": 24
    },
    "14:10": {
      "questIDHigh:4": 0,
      "sizeX:3": 24,
      "x:3": 0,
      "y:3": 540,
      "questIDLow:4": 2581,
      "sizeY:3": 24
    },
    "15:10": {
      "questIDHigh:4": 0,
      "sizeX:3": 24,
      "x:3": 144,
      "y:3": 108,
      "questIDLow:4": 2594,
      "sizeY:3": 24
    },
    "16:10": {
      "questIDHigh:4": 0,
      "sizeX:3": 24,
      "x:3": 432,
      "y:3": 480,
      "questIDLow:4": 2596,
      "sizeY:3": 24
    },
    "17:10": {
      "questIDHigh:4": 0,
      "sizeX:3": 24,
      "x:3": 120,
      "y:3": 60,
      "questIDLow:4": 2597,
      "sizeY:3": 24
    },
    "18:10": {
      "questIDHigh:4": 0,
      "sizeX:3": 24,
      "x:3": 192,
      "y:3": -12,
      "questIDLow:4": 2598,
      "sizeY:3": 24
    },
    "19:10": {
      "questIDHigh:4": 0,
      "sizeX:3": 24,
      "x:3": -48,
      "y:3": 480,
      "questIDLow:4": 2701,
      "sizeY:3": 24
    },
    "20:10": {
      "questIDHigh:4": 0,
      "sizeX:3": 24,
      "x:3": 336,
      "y:3": 480,
      "questIDLow:4": 2716,
      "sizeY:3": 24
    },
    "21:10": {
      "questIDHigh:4": 0,
      "sizeX:3": 24,
      "x:3": 288,
      "y:3": 300,
      "questIDLow:4": 3219,
      "sizeY:3": 24
    },
    "22:10": {
      "questIDHigh:4": 0,
      "sizeX:3": 24,
      "x:3": 192,
      "y:3": 192,
      "questIDLow:4": 3233,
      "sizeY:3": 24
    },
    "23:10": {
      "questIDHigh:4": 0,
      "sizeX:3": 24,
      "x:3": 96,
      "y:3": 420,
      "questIDLow:4": 3237,
      "sizeY:3": 24
    },
    "24:10": {
      "questIDHigh:4": 0,
      "sizeX:3": 24,
      "x:3": 0,
      "y:3": 420,
      "questIDLow:4": 3239,
      "sizeY:3": 24
    },
    "25:10": {
      "questIDHigh:4": 0,
      "sizeX:3": 24,
      "x:3": 240,
      "y:3": 360,
      "questIDLow:4": 3240,
      "sizeY:3": 24
    },
    "26:10": {
      "questIDHigh:4": 0,
      "sizeX:3": 24,
      "x:3": 48,
      "y:3": 360,
      "questIDLow:4": 3242,
      "sizeY:3": 24
    },
    "27:10": {
      "questIDHigh:4": 0,
      "sizeX:3": 24,
      "x:3": 192,
      "y:3": 300,
      "questIDLow:4": 3243,
      "sizeY:3": 24
    },
    "28:10": {
      "questIDHigh:4": 0,
      "sizeX:3": 24,
      "x:3": 144,
      "y:3": 360,
      "questIDLow:4": 3244,
      "sizeY:3": 24
    },
    "29:10": {
      "questIDHigh:4": 0,
      "sizeX:3": 24,
      "x:3": 336,
      "y:3": 360,
      "questIDLow:4": 3277,
      "sizeY:3": 24
    },
    "30:10": {
      "questIDHigh:4": 0,
      "sizeX:3": 24,
      "x:3": 288,
      "y:3": 420,
      "questIDLow:4": 3278,
      "sizeY:3": 24
    },
    "31:10": {
      "questIDHigh:4": 0,
      "sizeX:3": 24,
      "x:3": 384,
      "y:3": 420,
      "questIDLow:4": 3281,
      "sizeY:3": 24
    },
    "32:10": {
      "questIDHigh:4": 0,
      "sizeX:3": 24,
      "x:3": 144,
      "y:3": 240,
      "questIDLow:4": 3296,
      "sizeY:3": 24
    },
    "33:10": {
      "questIDHigh:4": 231037260834686310,
      "sizeX:3": 24,
      "x:3": 480,
      "y:3": 540,
      "questIDLow:4": -9129674536551875363,
      "sizeY:3": 24
    },
    "34:10": {
      "questIDHigh:4": 1427206946398421598,
      "sizeX:3": 24,
      "x:3": 384,
      "y:3": 540,
      "questIDLow:4": -7064938304558843391,
      "sizeY:3": 24
    },
    "35:10": {
      "questIDHigh:4": 4900468570622283062,
      "sizeX:3": 24,
      "x:3": 192,
      "y:3": 420,
      "questIDLow:4": -7501398759330786959,
      "sizeY:3": 24
    }
  },
  "questLineIDLow:4": 29,
  "questLineIDHigh:4": 0,
  "properties:10": {
    "betterquesting:10": {
      "visibility:8": "UNLOCKED",
      "name:8": "Endgame Goals",
      "icon:10": {
        "id:8": "SGCraft:stargateController",
        "Count:3": 1,
        "Damage:2": 0,
        "OreDict:8": ""
      },
      "bg_image:8": "",
      "bg_size:3": 256,
      "desc:8": "Collection of endgame objectives, good luck and thanks for playing so far."
    }
  }
}