{
  "quests:9": {
    "0:10": {
      "questIDHigh:4": 0,
      "sizeX:3": 24,
      "x:3": -12,
      "y:3": 180,
      "questIDLow:4": 3220,
      "sizeY:3": 24
    },
    "1:10": {
      "questIDHigh:4": 0,
      "sizeX:3": 24,
      "x:3": -12,
      "y:3": 144,
      "questIDLow:4": 3221,
      "sizeY:3": 24
    },
    "2:10": {
      "questIDHigh:4": 0,
      "sizeX:3": 24,
      "x:3": -12,
      "y:3": 108,
      "questIDLow:4": 3222,
      "sizeY:3": 24
    },
    "3:10": {
      "questIDHigh:4": 0,
      "sizeX:3": 24,
      "x:3": -12,
      "y:3": 72,
      "questIDLow:4": 3223,
      "sizeY:3": 24
    },
    "4:10": {
      "questIDHigh:4": 0,
      "sizeX:3": 24,
      "x:3": -12,
      "y:3": -60,
      "questIDLow:4": 3224,
      "sizeY:3": 24
    },
    "5:10": {
      "questIDHigh:4": 0,
      "sizeX:3": 24,
      "x:3": -60,
      "y:3": 108,
      "questIDLow:4": 3225,
      "sizeY:3": 24
    },
    "6:10": {
      "questIDHigh:4": 0,
      "sizeX:3": 24,
      "x:3": 36,
      "y:3": -24,
      "questIDLow:4": 3226,
      "sizeY:3": 24
    },
    "7:10": {
      "questIDHigh:4": 0,
      "sizeX:3": 24,
      "x:3": -12,
      "y:3": -96,
      "questIDLow:4": 3227,
      "sizeY:3": 24
    },
    "8:10": {
      "questIDHigh:4": 0,
      "sizeX:3": 24,
      "x:3": -12,
      "y:3": -132,
      "questIDLow:4": 3228,
      "sizeY:3": 24
    },
    "9:10": {
      "questIDHigh:4": 0,
      "sizeX:3": 24,
      "x:3": -12,
      "y:3": -168,
      "questIDLow:4": 3229,
      "sizeY:3": 24
    },
    "10:10": {
      "questIDHigh:4": 0,
      "sizeX:3": 24,
      "x:3": -12,
      "y:3": -204,
      "questIDLow:4": 3230,
      "sizeY:3": 24
    },
    "11:10": {
      "questIDHigh:4": 0,
      "sizeX:3": 24,
      "x:3": -12,
      "y:3": -240,
      "questIDLow:4": 3231,
      "sizeY:3": 24
    },
    "12:10": {
      "questIDHigh:4": 0,
      "sizeX:3": 24,
      "x:3": -60,
      "y:3": -216,
      "questIDLow:4": 3232,
      "sizeY:3": 24
    },
    "13:10": {
      "questIDHigh:4": 0,
      "sizeX:3": 24,
      "x:3": 36,
      "y:3": -252,
      "questIDLow:4": 3241,
      "sizeY:3": 24
    },
    "14:10": {
      "questIDHigh:4": 0,
      "sizeX:3": 24,
      "x:3": 36,
      "y:3": -144,
      "questIDLow:4": 3246,
      "sizeY:3": 24
    },
    "15:10": {
      "questIDHigh:4": 0,
      "sizeX:3": 24,
      "x:3": -60,
      "y:3": 36,
      "questIDLow:4": 3252,
      "sizeY:3": 24
    },
    "16:10": {
      "questIDHigh:4": 0,
      "sizeX:3": 24,
      "x:3": -228,
      "y:3": 36,
      "questIDLow:4": 3253,
      "sizeY:3": 24
    },
    "17:10": {
      "questIDHigh:4": 0,
      "sizeX:3": 24,
      "x:3": -204,
      "y:3": -72,
      "questIDLow:4": 3254,
      "sizeY:3": 24
    },
    "18:10": {
      "questIDHigh:4": 0,
      "sizeX:3": 24,
      "x:3": -288,
      "y:3": -132,
      "questIDLow:4": 3255,
      "sizeY:3": 24
    },
    "19:10": {
      "questIDHigh:4": 0,
      "sizeX:3": 24,
      "x:3": -252,
      "y:3": -24,
      "questIDLow:4": 3256,
      "sizeY:3": 24
    },
    "20:10": {
      "questIDHigh:4": 0,
      "sizeX:3": 24,
      "x:3": -192,
      "y:3": -132,
      "questIDLow:4": 3257,
      "sizeY:3": 24
    },
    "21:10": {
      "questIDHigh:4": 0,
      "sizeX:3": 24,
      "x:3": 228,
      "y:3": 36,
      "questIDLow:4": 3258,
      "sizeY:3": 24
    },
    "22:10": {
      "questIDHigh:4": 0,
      "sizeX:3": 24,
      "x:3": 252,
      "y:3": -132,
      "questIDLow:4": 3259,
      "sizeY:3": 24
    },
    "23:10": {
      "questIDHigh:4": 0,
      "sizeX:3": 24,
      "x:3": 204,
      "y:3": -84,
      "questIDLow:4": 3260,
      "sizeY:3": 24
    },
    "24:10": {
      "questIDHigh:4": 0,
      "sizeX:3": 24,
      "x:3": 264,
      "y:3": -36,
      "questIDLow:4": 3261,
      "sizeY:3": 24
    },
    "25:10": {
      "questIDHigh:4": 0,
      "sizeX:3": 24,
      "x:3": -228,
      "y:3": -108,
      "questIDLow:4": 3262,
      "sizeY:3": 24
    },
    "26:10": {
      "questIDHigh:4": 0,
      "sizeX:3": 36,
      "x:3": -240,
      "y:3": -264,
      "questIDLow:4": 3263,
      "sizeY:3": 36
    },
    "27:10": {
      "questIDHigh:4": 0,
      "sizeX:3": 24,
      "x:3": -264,
      "y:3": -216,
      "questIDLow:4": 3264,
      "sizeY:3": 24
    },
    "28:10": {
      "questIDHigh:4": 0,
      "sizeX:3": 24,
      "x:3": -204,
      "y:3": -228,
      "questIDLow:4": 3265,
      "sizeY:3": 24
    },
    "29:10": {
      "questIDHigh:4": 0,
      "sizeX:3": 24,
      "x:3": -192,
      "y:3": -264,
      "questIDLow:4": 3266,
      "sizeY:3": 24
    },
    "30:10": {
      "questIDHigh:4": 0,
      "sizeX:3": 36,
      "x:3": 228,
      "y:3": -240,
      "questIDLow:4": 3267,
      "sizeY:3": 36
    },
    "31:10": {
      "questIDHigh:4": 0,
      "sizeX:3": 24,
      "x:3": -288,
      "y:3": -288,
      "questIDLow:4": 3268,
      "sizeY:3": 24
    },
    "32:10": {
      "questIDHigh:4": 0,
      "sizeX:3": 24,
      "x:3": -300,
      "y:3": -252,
      "questIDLow:4": 3269,
      "sizeY:3": 24
    },
    "33:10": {
      "questIDHigh:4": 0,
      "sizeX:3": 24,
      "x:3": -252,
      "y:3": -168,
      "questIDLow:4": 3270,
      "sizeY:3": 24
    }
  },
  "questLineIDLow:4": 32,
  "questLineIDHigh:4": 0,
  "properties:10": {
    "betterquesting:10": {
      "visibility:8": "UNLOCKED",
      "name:8": "Flower Power",
      "icon:10": {
        "id:8": "Botania:grassSeeds",
        "Count:3": 1,
        "Damage:2": 0,
        "OreDict:8": ""
      },
      "bg_image:8": "",
      "bg_size:3": 256,
      "desc:8": "A treatise on magical herbology and Botania"
    }
  }
}