{
  "quests:9": {
    "0:10": {
      "questIDHigh:4": 0,
      "sizeX:3": 24,
      "x:3": 48,
      "y:3": 96,
      "questIDLow:4": 576,
      "sizeY:3": 24
    },
    "1:10": {
      "questIDHigh:4": 0,
      "sizeX:3": 24,
      "x:3": 96,
      "y:3": 96,
      "questIDLow:4": 577,
      "sizeY:3": 24
    },
    "2:10": {
      "questIDHigh:4": 0,
      "sizeX:3": 24,
      "x:3": 192,
      "y:3": 96,
      "questIDLow:4": 578,
      "sizeY:3": 24
    },
    "3:10": {
      "questIDHigh:4": 0,
      "sizeX:3": 24,
      "x:3": 144,
      "y:3": 144,
      "questIDLow:4": 580,
      "sizeY:3": 24
    },
    "4:10": {
      "questIDHigh:4": 0,
      "sizeX:3": 24,
      "x:3": 48,
      "y:3": 240,
      "questIDLow:4": 581,
      "sizeY:3": 24
    },
    "5:10": {
      "questIDHigh:4": 0,
      "sizeX:3": 24,
      "x:3": 192,
      "y:3": 240,
      "questIDLow:4": 582,
      "sizeY:3": 24
    },
    "6:10": {
      "questIDHigh:4": 0,
      "sizeX:3": 24,
      "x:3": 90,
      "y:3": 336,
      "questIDLow:4": 583,
      "sizeY:3": 24
    },
    "7:10": {
      "questIDHigh:4": 0,
      "sizeX:3": 24,
      "x:3": 144,
      "y:3": 288,
      "questIDLow:4": 584,
      "sizeY:3": 24
    },
    "8:10": {
      "questIDHigh:4": 0,
      "sizeX:3": 24,
      "x:3": 96,
      "y:3": 144,
      "questIDLow:4": 585,
      "sizeY:3": 24
    },
    "9:10": {
      "questIDHigh:4": 0,
      "sizeX:3": 24,
      "x:3": 0,
      "y:3": 96,
      "questIDLow:4": 586,
      "sizeY:3": 24
    },
    "10:10": {
      "questIDHigh:4": 0,
      "sizeX:3": 24,
      "x:3": 96,
      "y:3": 192,
      "questIDLow:4": 588,
      "sizeY:3": 24
    },
    "11:10": {
      "questIDHigh:4": 0,
      "sizeX:3": 24,
      "x:3": 240,
      "y:3": 192,
      "questIDLow:4": 589,
      "sizeY:3": 24
    },
    "12:10": {
      "questIDHigh:4": 0,
      "sizeX:3": 24,
      "x:3": 240,
      "y:3": 240,
      "questIDLow:4": 590,
      "sizeY:3": 24
    },
    "13:10": {
      "questIDHigh:4": 0,
      "sizeX:3": 24,
      "x:3": 192,
      "y:3": 288,
      "questIDLow:4": 591,
      "sizeY:3": 24
    },
    "14:10": {
      "questIDHigh:4": 0,
      "sizeX:3": 24,
      "x:3": 240,
      "y:3": 288,
      "questIDLow:4": 592,
      "sizeY:3": 24
    },
    "15:10": {
      "questIDHigh:4": 0,
      "sizeX:3": 24,
      "x:3": 126,
      "y:3": 336,
      "questIDLow:4": 593,
      "sizeY:3": 24
    },
    "16:10": {
      "questIDHigh:4": 0,
      "sizeX:3": 24,
      "x:3": 162,
      "y:3": 336,
      "questIDLow:4": 594,
      "sizeY:3": 24
    },
    "17:10": {
      "questIDHigh:4": 0,
      "sizeX:3": 24,
      "x:3": 198,
      "y:3": 336,
      "questIDLow:4": 595,
      "sizeY:3": 24
    },
    "18:10": {
      "questIDHigh:4": 0,
      "sizeX:3": 24,
      "x:3": 0,
      "y:3": 48,
      "questIDLow:4": 994,
      "sizeY:3": 24
    },
    "19:10": {
      "questIDHigh:4": 0,
      "sizeX:3": 24,
      "x:3": 288,
      "y:3": 48,
      "questIDLow:4": 1115,
      "sizeY:3": 24
    },
    "20:10": {
      "questIDHigh:4": 0,
      "sizeX:3": 24,
      "x:3": 48,
      "y:3": 48,
      "questIDLow:4": 1214,
      "sizeY:3": 24
    },
    "21:10": {
      "questIDHigh:4": 0,
      "sizeX:3": 24,
      "x:3": 96,
      "y:3": 48,
      "questIDLow:4": 1215,
      "sizeY:3": 24
    },
    "22:10": {
      "questIDHigh:4": 0,
      "sizeX:3": 24,
      "x:3": 144,
      "y:3": 48,
      "questIDLow:4": 1216,
      "sizeY:3": 24
    },
    "23:10": {
      "questIDHigh:4": 0,
      "sizeX:3": 24,
      "x:3": 48,
      "y:3": 288,
      "questIDLow:4": 1217,
      "sizeY:3": 24
    },
    "24:10": {
      "questIDHigh:4": 0,
      "sizeX:3": 24,
      "x:3": 0,
      "y:3": 288,
      "questIDLow:4": 1218,
      "sizeY:3": 24
    },
    "25:10": {
      "questIDHigh:4": 0,
      "sizeX:3": 24,
      "x:3": 48,
      "y:3": 192,
      "questIDLow:4": 1219,
      "sizeY:3": 24
    },
    "26:10": {
      "questIDHigh:4": 0,
      "sizeX:3": 24,
      "x:3": 0,
      "y:3": 240,
      "questIDLow:4": 1220,
      "sizeY:3": 24
    },
    "27:10": {
      "questIDHigh:4": 0,
      "sizeX:3": 24,
      "x:3": 48,
      "y:3": 144,
      "questIDLow:4": 2051,
      "sizeY:3": 24
    },
    "28:10": {
      "questIDHigh:4": 0,
      "sizeX:3": 24,
      "x:3": 0,
      "y:3": 144,
      "questIDLow:4": 2052,
      "sizeY:3": 24
    },
    "29:10": {
      "questIDHigh:4": 0,
      "sizeX:3": 24,
      "x:3": 0,
      "y:3": 192,
      "questIDLow:4": 2055,
      "sizeY:3": 24
    },
    "30:10": {
      "questIDHigh:4": 0,
      "sizeX:3": 24,
      "x:3": 240,
      "y:3": 96,
      "questIDLow:4": 2083,
      "sizeY:3": 24
    },
    "31:10": {
      "questIDHigh:4": 0,
      "sizeX:3": 24,
      "x:3": 288,
      "y:3": 192,
      "questIDLow:4": 2084,
      "sizeY:3": 24
    },
    "32:10": {
      "questIDHigh:4": 0,
      "sizeX:3": 24,
      "x:3": 288,
      "y:3": 96,
      "questIDLow:4": 2085,
      "sizeY:3": 24
    },
    "33:10": {
      "questIDHigh:4": 0,
      "sizeX:3": 24,
      "x:3": 336,
      "y:3": 48,
      "questIDLow:4": 2101,
      "sizeY:3": 24
    },
    "34:10": {
      "questIDHigh:4": 0,
      "sizeX:3": 24,
      "x:3": 240,
      "y:3": 48,
      "questIDLow:4": 2107,
      "sizeY:3": 24
    },
    "35:10": {
      "questIDHigh:4": 0,
      "sizeX:3": 24,
      "x:3": 288,
      "y:3": 240,
      "questIDLow:4": 2121,
      "sizeY:3": 24
    },
    "36:10": {
      "questIDHigh:4": 0,
      "sizeX:3": 24,
      "x:3": 288,
      "y:3": 144,
      "questIDLow:4": 2122,
      "sizeY:3": 24
    },
    "37:10": {
      "questIDHigh:4": 0,
      "sizeX:3": 24,
      "x:3": 336,
      "y:3": 96,
      "questIDLow:4": 2124,
      "sizeY:3": 24
    },
    "38:10": {
      "questIDHigh:4": 0,
      "sizeX:3": 24,
      "x:3": 336,
      "y:3": 240,
      "questIDLow:4": 2125,
      "sizeY:3": 24
    },
    "39:10": {
      "questIDHigh:4": 0,
      "sizeX:3": 24,
      "x:3": 384,
      "y:3": 240,
      "questIDLow:4": 2126,
      "sizeY:3": 24
    },
    "40:10": {
      "questIDHigh:4": 0,
      "sizeX:3": 24,
      "x:3": 336,
      "y:3": 192,
      "questIDLow:4": 2127,
      "sizeY:3": 24
    },
    "41:10": {
      "questIDHigh:4": 0,
      "sizeX:3": 24,
      "x:3": 384,
      "y:3": 96,
      "questIDLow:4": 2128,
      "sizeY:3": 24
    },
    "42:10": {
      "questIDHigh:4": 0,
      "sizeX:3": 24,
      "x:3": 336,
      "y:3": 288,
      "questIDLow:4": 2129,
      "sizeY:3": 24
    },
    "43:10": {
      "questIDHigh:4": 0,
      "sizeX:3": 24,
      "x:3": 384,
      "y:3": 288,
      "questIDLow:4": 2130,
      "sizeY:3": 24
    },
    "44:10": {
      "questIDHigh:4": 0,
      "sizeX:3": 24,
      "x:3": 432,
      "y:3": 96,
      "questIDLow:4": 2131,
      "sizeY:3": 24
    },
    "45:10": {
      "questIDHigh:4": 0,
      "sizeX:3": 24,
      "x:3": 432,
      "y:3": 48,
      "questIDLow:4": 2132,
      "sizeY:3": 24
    },
    "46:10": {
      "questIDHigh:4": 0,
      "sizeX:3": 24,
      "x:3": 432,
      "y:3": 240,
      "questIDLow:4": 2133,
      "sizeY:3": 24
    },
    "47:10": {
      "questIDHigh:4": 0,
      "sizeX:3": 24,
      "x:3": 480,
      "y:3": 192,
      "questIDLow:4": 2134,
      "sizeY:3": 24
    },
    "48:10": {
      "questIDHigh:4": 0,
      "sizeX:3": 24,
      "x:3": 480,
      "y:3": 240,
      "questIDLow:4": 2135,
      "sizeY:3": 24
    },
    "49:10": {
      "questIDHigh:4": 0,
      "sizeX:3": 24,
      "x:3": 384,
      "y:3": 192,
      "questIDLow:4": 2256,
      "sizeY:3": 24
    },
    "50:10": {
      "questIDHigh:4": 0,
      "sizeX:3": 24,
      "x:3": 432,
      "y:3": 192,
      "questIDLow:4": 2257,
      "sizeY:3": 24
    },
    "51:10": {
      "questIDHigh:4": 0,
      "sizeX:3": 24,
      "x:3": 288,
      "y:3": 288,
      "questIDLow:4": 2263,
      "sizeY:3": 24
    },
    "52:10": {
      "questIDHigh:4": 0,
      "sizeX:3": 24,
      "x:3": 384,
      "y:3": 48,
      "questIDLow:4": 2592,
      "sizeY:3": 24
    },
    "53:10": {
      "questIDHigh:4": 0,
      "sizeX:3": 24,
      "x:3": 96,
      "y:3": 288,
      "questIDLow:4": 2771,
      "sizeY:3": 24
    },
    "54:10": {
      "questIDHigh:4": 0,
      "sizeX:3": 24,
      "x:3": 336,
      "y:3": 144,
      "questIDLow:4": 2772,
      "sizeY:3": 24
    },
    "55:10": {
      "questIDHigh:4": 0,
      "sizeX:3": 24,
      "x:3": 192,
      "y:3": 48,
      "questIDLow:4": 2859,
      "sizeY:3": 24
    },
    "56:10": {
      "questIDHigh:4": 0,
      "sizeX:3": 24,
      "x:3": 96,
      "y:3": 0,
      "questIDLow:4": 2860,
      "sizeY:3": 24
    },
    "57:10": {
      "questIDHigh:4": 0,
      "sizeX:3": 24,
      "x:3": 432,
      "y:3": 288,
      "questIDLow:4": 2862,
      "sizeY:3": 24
    },
    "58:10": {
      "questIDHigh:4": 0,
      "sizeX:3": 24,
      "x:3": 528,
      "y:3": 192,
      "questIDLow:4": 2863,
      "sizeY:3": 24
    },
    "59:10": {
      "questIDHigh:4": 0,
      "sizeX:3": 24,
      "x:3": 528,
      "y:3": 240,
      "questIDLow:4": 2864,
      "sizeY:3": 24
    },
    "60:10": {
      "questIDHigh:4": 0,
      "sizeX:3": 24,
      "x:3": 528,
      "y:3": 288,
      "questIDLow:4": 2865,
      "sizeY:3": 24
    },
    "61:10": {
      "questIDHigh:4": 0,
      "sizeX:3": 24,
      "x:3": 384,
      "y:3": 144,
      "questIDLow:4": 2866,
      "sizeY:3": 24
    },
    "62:10": {
      "questIDHigh:4": 0,
      "sizeX:3": 24,
      "x:3": 432,
      "y:3": 144,
      "questIDLow:4": 2867,
      "sizeY:3": 24
    },
    "63:10": {
      "questIDHigh:4": 0,
      "sizeX:3": 24,
      "x:3": 480,
      "y:3": 144,
      "questIDLow:4": 2868,
      "sizeY:3": 24
    },
    "64:10": {
      "questIDHigh:4": 0,
      "sizeX:3": 24,
      "x:3": 528,
      "y:3": 144,
      "questIDLow:4": 2869,
      "sizeY:3": 24
    },
    "65:10": {
      "questIDHigh:4": 0,
      "sizeX:3": 24,
      "x:3": 480,
      "y:3": 48,
      "questIDLow:4": 2870,
      "sizeY:3": 24
    },
    "66:10": {
      "questIDHigh:4": 0,
      "sizeX:3": 24,
      "x:3": 480,
      "y:3": 96,
      "questIDLow:4": 2871,
      "sizeY:3": 24
    },
    "67:10": {
      "questIDHigh:4": 0,
      "sizeX:3": 24,
      "x:3": 528,
      "y:3": 96,
      "questIDLow:4": 2872,
      "sizeY:3": 24
    },
    "68:10": {
      "questIDHigh:4": 0,
      "sizeX:3": 24,
      "x:3": 576,
      "y:3": 96,
      "questIDLow:4": 2873,
      "sizeY:3": 24
    }
  },
  "questLineIDLow:4": 18,
  "questLineIDHigh:4": 0,
  "properties:10": {
    "betterquesting:10": {
      "visibility:8": "UNLOCKED",
      "name:8": "Forestry and Multifarms",
      "icon:10": {
        "id:8": "Forestry:factory",
        "Count:3": 1,
        "Damage:2": 1,
        "OreDict:8": ""
      },
      "bg_image:8": "",
      "bg_size:3": 256,
      "desc:8": "Automated Farms, tree breeding, and more....."
    }
  }
}