{
  "quests:9": {
    "0:10": {
      "questIDHigh:4": -8545135101861082886,
      "sizeX:3": 24,
      "x:3": 360,
      "y:3": 204,
      "questIDLow:4": -9191592960624051857,
      "sizeY:3": 24
    },
    "1:10": {
      "questIDHigh:4": -5433750945547006749,
      "sizeX:3": 24,
      "x:3": 360,
      "y:3": 156,
      "questIDLow:4": -8863044341591625965,
      "sizeY:3": 24
    },
    "2:10": {
      "questIDHigh:4": -1079581582763865882,
      "sizeX:3": 24,
      "x:3": 360,
      "y:3": 252,
      "questIDLow:4": -7756273166616703872,
      "sizeY:3": 24
    },
    "3:10": {
      "questIDHigh:4": 0,
      "sizeX:3": 24,
      "x:3": 360,
      "y:3": 60,
      "questIDLow:4": 133,
      "sizeY:3": 24
    },
    "4:10": {
      "questIDHigh:4": 0,
      "sizeX:3": 24,
      "x:3": 120,
      "y:3": -84,
      "questIDLow:4": 645,
      "sizeY:3": 24
    },
    "5:10": {
      "questIDHigh:4": 0,
      "sizeX:3": 24,
      "x:3": 120,
      "y:3": -36,
      "questIDLow:4": 647,
      "sizeY:3": 24
    },
    "6:10": {
      "questIDHigh:4": 0,
      "sizeX:3": 24,
      "x:3": 120,
      "y:3": 12,
      "questIDLow:4": 648,
      "sizeY:3": 24
    },
    "7:10": {
      "questIDHigh:4": 0,
      "sizeX:3": 24,
      "x:3": 72,
      "y:3": -36,
      "questIDLow:4": 649,
      "sizeY:3": 24
    },
    "8:10": {
      "questIDHigh:4": 0,
      "sizeX:3": 24,
      "x:3": 72,
      "y:3": 12,
      "questIDLow:4": 650,
      "sizeY:3": 24
    },
    "9:10": {
      "questIDHigh:4": 0,
      "sizeX:3": 24,
      "x:3": 120,
      "y:3": 60,
      "questIDLow:4": 651,
      "sizeY:3": 24
    },
    "10:10": {
      "questIDHigh:4": 0,
      "sizeX:3": 24,
      "x:3": 72,
      "y:3": 60,
      "questIDLow:4": 652,
      "sizeY:3": 24
    },
    "11:10": {
      "questIDHigh:4": 0,
      "sizeX:3": 24,
      "x:3": 120,
      "y:3": 108,
      "questIDLow:4": 653,
      "sizeY:3": 24
    },
    "12:10": {
      "questIDHigh:4": 0,
      "sizeX:3": 24,
      "x:3": 120,
      "y:3": 204,
      "questIDLow:4": 654,
      "sizeY:3": 24
    },
    "13:10": {
      "questIDHigh:4": 0,
      "sizeX:3": 24,
      "x:3": 120,
      "y:3": 252,
      "questIDLow:4": 655,
      "sizeY:3": 24
    },
    "14:10": {
      "questIDHigh:4": 0,
      "sizeX:3": 24,
      "x:3": -216,
      "y:3": -84,
      "questIDLow:4": 666,
      "sizeY:3": 24
    },
    "15:10": {
      "questIDHigh:4": 0,
      "sizeX:3": 24,
      "x:3": -24,
      "y:3": -36,
      "questIDLow:4": 667,
      "sizeY:3": 24
    },
    "16:10": {
      "questIDHigh:4": 0,
      "sizeX:3": 24,
      "x:3": -216,
      "y:3": -36,
      "questIDLow:4": 668,
      "sizeY:3": 24
    },
    "17:10": {
      "questIDHigh:4": 0,
      "sizeX:3": 24,
      "x:3": -168,
      "y:3": 60,
      "questIDLow:4": 669,
      "sizeY:3": 24
    },
    "18:10": {
      "questIDHigh:4": 0,
      "sizeX:3": 24,
      "x:3": -264,
      "y:3": 60,
      "questIDLow:4": 670,
      "sizeY:3": 24
    },
    "19:10": {
      "questIDHigh:4": 0,
      "sizeX:3": 24,
      "x:3": -216,
      "y:3": 108,
      "questIDLow:4": 671,
      "sizeY:3": 24
    },
    "20:10": {
      "questIDHigh:4": 0,
      "sizeX:3": 24,
      "x:3": -216,
      "y:3": 12,
      "questIDLow:4": 672,
      "sizeY:3": 24
    },
    "21:10": {
      "questIDHigh:4": 0,
      "sizeX:3": 24,
      "x:3": -120,
      "y:3": 12,
      "questIDLow:4": 674,
      "sizeY:3": 24
    },
    "22:10": {
      "questIDHigh:4": 0,
      "sizeX:3": 24,
      "x:3": -72,
      "y:3": -36,
      "questIDLow:4": 675,
      "sizeY:3": 24
    },
    "23:10": {
      "questIDHigh:4": 0,
      "sizeX:3": 24,
      "x:3": -120,
      "y:3": -36,
      "questIDLow:4": 676,
      "sizeY:3": 24
    },
    "24:10": {
      "questIDHigh:4": 0,
      "sizeX:3": 24,
      "x:3": -24,
      "y:3": -84,
      "questIDLow:4": 677,
      "sizeY:3": 24
    },
    "25:10": {
      "questIDHigh:4": 0,
      "sizeX:3": 24,
      "x:3": -24,
      "y:3": 12,
      "questIDLow:4": 866,
      "sizeY:3": 24
    },
    "26:10": {
      "questIDHigh:4": 0,
      "sizeX:3": 24,
      "x:3": 72,
      "y:3": -84,
      "questIDLow:4": 874,
      "sizeY:3": 24
    },
    "27:10": {
      "questIDHigh:4": 0,
      "sizeX:3": 24,
      "x:3": -72,
      "y:3": -84,
      "questIDLow:4": 1181,
      "sizeY:3": 24
    },
    "28:10": {
      "questIDHigh:4": 0,
      "sizeX:3": 24,
      "x:3": 24,
      "y:3": 12,
      "questIDLow:4": 1182,
      "sizeY:3": 24
    },
    "29:10": {
      "questIDHigh:4": 0,
      "sizeX:3": 24,
      "x:3": -120,
      "y:3": -84,
      "questIDLow:4": 1183,
      "sizeY:3": 24
    },
    "30:10": {
      "questIDHigh:4": 0,
      "sizeX:3": 24,
      "x:3": -168,
      "y:3": -84,
      "questIDLow:4": 1184,
      "sizeY:3": 24
    },
    "31:10": {
      "questIDHigh:4": 0,
      "sizeX:3": 24,
      "x:3": -168,
      "y:3": -36,
      "questIDLow:4": 1185,
      "sizeY:3": 24
    },
    "32:10": {
      "questIDHigh:4": 0,
      "sizeX:3": 24,
      "x:3": -72,
      "y:3": 12,
      "questIDLow:4": 1186,
      "sizeY:3": 24
    },
    "33:10": {
      "questIDHigh:4": 0,
      "sizeX:3": 24,
      "x:3": -24,
      "y:3": 60,
      "questIDLow:4": 1187,
      "sizeY:3": 24
    },
    "34:10": {
      "questIDHigh:4": 0,
      "sizeX:3": 24,
      "x:3": 24,
      "y:3": -36,
      "questIDLow:4": 1188,
      "sizeY:3": 24
    },
    "35:10": {
      "questIDHigh:4": 0,
      "sizeX:3": 24,
      "x:3": -72,
      "y:3": 60,
      "questIDLow:4": 1189,
      "sizeY:3": 24
    },
    "36:10": {
      "questIDHigh:4": 0,
      "sizeX:3": 24,
      "x:3": -120,
      "y:3": 60,
      "questIDLow:4": 1190,
      "sizeY:3": 24
    },
    "37:10": {
      "questIDHigh:4": 0,
      "sizeX:3": 24,
      "x:3": 72,
      "y:3": 108,
      "questIDLow:4": 1343,
      "sizeY:3": 24
    },
    "38:10": {
      "questIDHigh:4": 0,
      "sizeX:3": 24,
      "x:3": 24,
      "y:3": 156,
      "questIDLow:4": 1344,
      "sizeY:3": 24
    },
    "39:10": {
      "questIDHigh:4": 0,
      "sizeX:3": 24,
      "x:3": 24,
      "y:3": 204,
      "questIDLow:4": 1345,
      "sizeY:3": 24
    },
    "40:10": {
      "questIDHigh:4": 0,
      "sizeX:3": 24,
      "x:3": 24,
      "y:3": 252,
      "questIDLow:4": 1355,
      "sizeY:3": 24
    },
    "41:10": {
      "questIDHigh:4": 0,
      "sizeX:3": 24,
      "x:3": 72,
      "y:3": 252,
      "questIDLow:4": 1356,
      "sizeY:3": 24
    },
    "42:10": {
      "questIDHigh:4": 0,
      "sizeX:3": 24,
      "x:3": 24,
      "y:3": 60,
      "questIDLow:4": 1379,
      "sizeY:3": 24
    },
    "43:10": {
      "questIDHigh:4": 0,
      "sizeX:3": 24,
      "x:3": 360,
      "y:3": 108,
      "questIDLow:4": 1452,
      "sizeY:3": 24
    },
    "44:10": {
      "questIDHigh:4": 0,
      "sizeX:3": 24,
      "x:3": 312,
      "y:3": 60,
      "questIDLow:4": 1509,
      "sizeY:3": 24
    },
    "45:10": {
      "questIDHigh:4": 0,
      "sizeX:3": 24,
      "x:3": 168,
      "y:3": -36,
      "questIDLow:4": 1779,
      "sizeY:3": 24
    },
    "46:10": {
      "questIDHigh:4": 0,
      "sizeX:3": 24,
      "x:3": 168,
      "y:3": 12,
      "questIDLow:4": 1786,
      "sizeY:3": 24
    },
    "47:10": {
      "questIDHigh:4": 0,
      "sizeX:3": 24,
      "x:3": -24,
      "y:3": 108,
      "questIDLow:4": 1810,
      "sizeY:3": 24
    },
    "48:10": {
      "questIDHigh:4": 0,
      "sizeX:3": 24,
      "x:3": 24,
      "y:3": -84,
      "questIDLow:4": 1926,
      "sizeY:3": 24
    },
    "49:10": {
      "questIDHigh:4": 0,
      "sizeX:3": 24,
      "x:3": 360,
      "y:3": 12,
      "questIDLow:4": 1985,
      "sizeY:3": 24
    },
    "50:10": {
      "questIDHigh:4": 0,
      "sizeX:3": 24,
      "x:3": 216,
      "y:3": 12,
      "questIDLow:4": 2060,
      "sizeY:3": 24
    },
    "51:10": {
      "questIDHigh:4": 0,
      "sizeX:3": 24,
      "x:3": 216,
      "y:3": 60,
      "questIDLow:4": 2061,
      "sizeY:3": 24
    },
    "52:10": {
      "questIDHigh:4": 0,
      "sizeX:3": 24,
      "x:3": 168,
      "y:3": 60,
      "questIDLow:4": 2062,
      "sizeY:3": 24
    },
    "53:10": {
      "questIDHigh:4": 0,
      "sizeX:3": 24,
      "x:3": 264,
      "y:3": 60,
      "questIDLow:4": 2063,
      "sizeY:3": 24
    },
    "54:10": {
      "questIDHigh:4": 0,
      "sizeX:3": 24,
      "x:3": 216,
      "y:3": -36,
      "questIDLow:4": 2066,
      "sizeY:3": 24
    },
    "55:10": {
      "questIDHigh:4": 0,
      "sizeX:3": 24,
      "x:3": 168,
      "y:3": 156,
      "questIDLow:4": 2260,
      "sizeY:3": 24
    },
    "56:10": {
      "questIDHigh:4": 0,
      "sizeX:3": 24,
      "x:3": 168,
      "y:3": 204,
      "questIDLow:4": 2261,
      "sizeY:3": 24
    },
    "57:10": {
      "questIDHigh:4": 0,
      "sizeX:3": 24,
      "x:3": 168,
      "y:3": 252,
      "questIDLow:4": 2262,
      "sizeY:3": 24
    },
    "58:10": {
      "questIDHigh:4": 0,
      "sizeX:3": 24,
      "x:3": 408,
      "y:3": 108,
      "questIDLow:4": 2461,
      "sizeY:3": 24
    },
    "59:10": {
      "questIDHigh:4": 0,
      "sizeX:3": 24,
      "x:3": 168,
      "y:3": -84,
      "questIDLow:4": 2899,
      "sizeY:3": 24
    },
    "60:10": {
      "questIDHigh:4": 0,
      "sizeX:3": 24,
      "x:3": 312,
      "y:3": 252,
      "questIDLow:4": 3293,
      "sizeY:3": 24
    },
    "61:10": {
      "questIDHigh:4": 1995097075083724335,
      "sizeX:3": 24,
      "x:3": 360,
      "y:3": 348,
      "questIDLow:4": -7236257860167570143,
      "sizeY:3": 24
    },
    "62:10": {
      "questIDHigh:4": 4134900649059239447,
      "sizeX:3": 24,
      "x:3": 408,
      "y:3": 156,
      "questIDLow:4": -8279404553732255962,
      "sizeY:3": 24
    },
    "63:10": {
      "questIDHigh:4": 5408979075351005993,
      "sizeX:3": 24,
      "x:3": 360,
      "y:3": 300,
      "questIDLow:4": -5457259343752885948,
      "sizeY:3": 24
    },
    "64:10": {
      "questIDHigh:4": 6029228260296052268,
      "sizeX:3": 24,
      "x:3": 456,
      "y:3": 108,
      "questIDLow:4": -7440565615906063856,
      "sizeY:3": 24
    },
    "65:10": {
      "questIDHigh:4": 7597590231020554865,
      "sizeX:3": 24,
      "x:3": 216,
      "y:3": -84,
      "questIDLow:4": -9078433263530968349,
      "sizeY:3": 24
    }
  },
  "questLineIDLow:4": -7976149235983309784,
  "questLineIDHigh:4": 7784091465939371975,
  "properties:10": {
    "betterquesting:10": {
      "visibility:8": "NORMAL",
      "name:8": "Getting Around...",
      "icon:10": {
        "id:8": "OpenBlocks:hangglider",
        "Count:3": 1,
        "Damage:2": 0,
        "OreDict:8": ""
      },
      "bg_image:8": "",
      "bg_size:3": 256,
      "desc:8": "Movement can be slow initially. But with some technology or magic, that is easily overcome!"
    }
  }
}