{
  "quests:9": {
    "0:10": {
      "questIDHigh:4": -6579582887410381504,
      "sizeX:3": 24,
      "x:3": 456,
      "y:3": -36,
      "questIDLow:4": -5875748521763021702,
      "sizeY:3": 24
    },
    "1:10": {
      "questIDHigh:4": -5395117840349313082,
      "sizeX:3": 48,
      "x:3": 444,
      "y:3": -108,
      "questIDLow:4": -5166715817697893279,
      "sizeY:3": 48
    },
    "2:10": {
      "questIDHigh:4": -4353932262274808847,
      "sizeX:3": 48,
      "x:3": 228,
      "y:3": -132,
      "questIDLow:4": -8959971444972358643,
      "sizeY:3": 48
    },
    "3:10": {
      "questIDHigh:4": -2396217196736196889,
      "sizeX:3": 24,
      "x:3": 504,
      "y:3": 60,
      "questIDLow:4": -8084303837458271711,
      "sizeY:3": 24
    },
    "4:10": {
      "questIDHigh:4": -703325969313020818,
      "sizeX:3": 24,
      "x:3": 504,
      "y:3": -144,
      "questIDLow:4": -6653872471765810391,
      "sizeY:3": 24
    },
    "5:10": {
      "questIDHigh:4": 0,
      "sizeX:3": 24,
      "x:3": 324,
      "y:3": 144,
      "questIDLow:4": 386,
      "sizeY:3": 24
    },
    "6:10": {
      "questIDHigh:4": 0,
      "sizeX:3": 24,
      "x:3": 132,
      "y:3": 108,
      "questIDLow:4": 387,
      "sizeY:3": 24
    },
    "7:10": {
      "questIDHigh:4": 0,
      "sizeX:3": 24,
      "x:3": 156,
      "y:3": 144,
      "questIDLow:4": 389,
      "sizeY:3": 24
    },
    "8:10": {
      "questIDHigh:4": 0,
      "sizeX:3": 48,
      "x:3": 228,
      "y:3": 132,
      "questIDLow:4": 1416,
      "sizeY:3": 48
    },
    "9:10": {
      "questIDHigh:4": 0,
      "sizeX:3": 24,
      "x:3": -36,
      "y:3": 156,
      "questIDLow:4": 1417,
      "sizeY:3": 24
    },
    "10:10": {
      "questIDHigh:4": 0,
      "sizeX:3": 24,
      "x:3": 180,
      "y:3": 24,
      "questIDLow:4": 1418,
      "sizeY:3": 24
    },
    "11:10": {
      "questIDHigh:4": 0,
      "sizeX:3": 24,
      "x:3": -24,
      "y:3": 192,
      "questIDLow:4": 1419,
      "sizeY:3": 24
    },
    "12:10": {
      "questIDHigh:4": 0,
      "sizeX:3": 24,
      "x:3": 48,
      "y:3": 192,
      "questIDLow:4": 1420,
      "sizeY:3": 24
    },
    "13:10": {
      "questIDHigh:4": 0,
      "sizeX:3": 24,
      "x:3": 180,
      "y:3": -168,
      "questIDLow:4": 1421,
      "sizeY:3": 24
    },
    "14:10": {
      "questIDHigh:4": 0,
      "sizeX:3": 24,
      "x:3": 276,
      "y:3": -192,
      "questIDLow:4": 1422,
      "sizeY:3": 24
    },
    "15:10": {
      "questIDHigh:4": 0,
      "sizeX:3": 24,
      "x:3": 300,
      "y:3": -168,
      "questIDLow:4": 1423,
      "sizeY:3": 24
    },
    "16:10": {
      "questIDHigh:4": 0,
      "sizeX:3": 24,
      "x:3": 60,
      "y:3": 156,
      "questIDLow:4": 2025,
      "sizeY:3": 24
    },
    "17:10": {
      "questIDHigh:4": 0,
      "sizeX:3": 24,
      "x:3": 180,
      "y:3": -120,
      "questIDLow:4": 2027,
      "sizeY:3": 24
    },
    "18:10": {
      "questIDHigh:4": 0,
      "sizeX:3": 24,
      "x:3": 204,
      "y:3": -192,
      "questIDLow:4": 2028,
      "sizeY:3": 24
    },
    "19:10": {
      "questIDHigh:4": 0,
      "sizeX:3": 24,
      "x:3": 288,
      "y:3": 264,
      "questIDLow:4": 2029,
      "sizeY:3": 24
    },
    "20:10": {
      "questIDHigh:4": 0,
      "sizeX:3": 24,
      "x:3": 180,
      "y:3": -12,
      "questIDLow:4": 2030,
      "sizeY:3": 24
    },
    "21:10": {
      "questIDHigh:4": 0,
      "sizeX:3": 24,
      "x:3": 300,
      "y:3": -12,
      "questIDLow:4": 2031,
      "sizeY:3": 24
    },
    "22:10": {
      "questIDHigh:4": 0,
      "sizeX:3": 24,
      "x:3": 132,
      "y:3": 180,
      "questIDLow:4": 2032,
      "sizeY:3": 24
    },
    "23:10": {
      "questIDHigh:4": 0,
      "sizeX:3": 24,
      "x:3": 324,
      "y:3": 216,
      "questIDLow:4": 2033,
      "sizeY:3": 24
    },
    "24:10": {
      "questIDHigh:4": 0,
      "sizeX:3": 24,
      "x:3": 180,
      "y:3": -48,
      "questIDLow:4": 2034,
      "sizeY:3": 24
    },
    "25:10": {
      "questIDHigh:4": 0,
      "sizeX:3": 24,
      "x:3": 168,
      "y:3": 300,
      "questIDLow:4": 2035,
      "sizeY:3": 24
    },
    "26:10": {
      "questIDHigh:4": 0,
      "sizeX:3": 24,
      "x:3": 348,
      "y:3": 108,
      "questIDLow:4": 2036,
      "sizeY:3": 24
    },
    "27:10": {
      "questIDHigh:4": 0,
      "sizeX:3": 24,
      "x:3": 300,
      "y:3": -48,
      "questIDLow:4": 2037,
      "sizeY:3": 24
    },
    "28:10": {
      "questIDHigh:4": 0,
      "sizeX:3": 24,
      "x:3": 240,
      "y:3": -216,
      "questIDLow:4": 2038,
      "sizeY:3": 24
    },
    "29:10": {
      "questIDHigh:4": 0,
      "sizeX:3": 24,
      "x:3": 192,
      "y:3": 264,
      "questIDLow:4": 2039,
      "sizeY:3": 24
    },
    "30:10": {
      "questIDHigh:4": 0,
      "sizeX:3": 24,
      "x:3": 300,
      "y:3": -120,
      "questIDLow:4": 2040,
      "sizeY:3": 24
    },
    "31:10": {
      "questIDHigh:4": 0,
      "sizeX:3": 24,
      "x:3": 156,
      "y:3": 72,
      "questIDLow:4": 2049,
      "sizeY:3": 24
    },
    "32:10": {
      "questIDHigh:4": 0,
      "sizeX:3": 24,
      "x:3": 348,
      "y:3": 180,
      "questIDLow:4": 2053,
      "sizeY:3": 24
    },
    "33:10": {
      "questIDHigh:4": 0,
      "sizeX:3": 24,
      "x:3": 168,
      "y:3": 348,
      "questIDLow:4": 2054,
      "sizeY:3": 24
    },
    "34:10": {
      "questIDHigh:4": 0,
      "sizeX:3": 24,
      "x:3": 12,
      "y:3": 216,
      "questIDLow:4": 2397,
      "sizeY:3": 24
    },
    "35:10": {
      "questIDHigh:4": 0,
      "sizeX:3": 24,
      "x:3": 300,
      "y:3": 24,
      "questIDLow:4": 2757,
      "sizeY:3": 24
    },
    "36:10": {
      "questIDHigh:4": 0,
      "sizeX:3": 24,
      "x:3": 180,
      "y:3": 384,
      "questIDLow:4": 2758,
      "sizeY:3": 24
    },
    "37:10": {
      "questIDHigh:4": 0,
      "sizeX:3": 24,
      "x:3": 324,
      "y:3": 72,
      "questIDLow:4": 2759,
      "sizeY:3": 24
    },
    "38:10": {
      "questIDHigh:4": 0,
      "sizeX:3": 24,
      "x:3": 288,
      "y:3": 372,
      "questIDLow:4": 2760,
      "sizeY:3": 24
    },
    "39:10": {
      "questIDHigh:4": 0,
      "sizeX:3": 24,
      "x:3": 312,
      "y:3": 300,
      "questIDLow:4": 2761,
      "sizeY:3": 24
    },
    "40:10": {
      "questIDHigh:4": 0,
      "sizeX:3": 24,
      "x:3": 156,
      "y:3": 216,
      "questIDLow:4": 2762,
      "sizeY:3": 24
    },
    "41:10": {
      "questIDHigh:4": 0,
      "sizeX:3": 24,
      "x:3": 12,
      "y:3": 72,
      "questIDLow:4": 2764,
      "sizeY:3": 24
    },
    "42:10": {
      "questIDHigh:4": 0,
      "sizeX:3": 24,
      "x:3": 288,
      "y:3": 420,
      "questIDLow:4": 3144,
      "sizeY:3": 24
    },
    "43:10": {
      "questIDHigh:4": 0,
      "sizeX:3": 24,
      "x:3": 240,
      "y:3": 444,
      "questIDLow:4": 3285,
      "sizeY:3": 24
    },
    "44:10": {
      "questIDHigh:4": 0,
      "sizeX:3": 24,
      "x:3": 456,
      "y:3": 228,
      "questIDLow:4": 3287,
      "sizeY:3": 24
    },
    "45:10": {
      "questIDHigh:4": 0,
      "sizeX:3": 24,
      "x:3": 432,
      "y:3": 276,
      "questIDLow:4": 3288,
      "sizeY:3": 24
    },
    "46:10": {
      "questIDHigh:4": 0,
      "sizeX:3": 24,
      "x:3": 480,
      "y:3": 276,
      "questIDLow:4": 3289,
      "sizeY:3": 24
    },
    "47:10": {
      "questIDHigh:4": 0,
      "sizeX:3": 24,
      "x:3": 456,
      "y:3": 324,
      "questIDLow:4": 3290,
      "sizeY:3": 24
    },
    "48:10": {
      "questIDHigh:4": 0,
      "sizeX:3": 24,
      "x:3": 456,
      "y:3": 372,
      "questIDLow:4": 3291,
      "sizeY:3": 24
    },
    "49:10": {
      "questIDHigh:4": 0,
      "sizeX:3": 24,
      "x:3": 456,
      "y:3": 420,
      "questIDLow:4": 3292,
      "sizeY:3": 24
    },
    "50:10": {
      "questIDHigh:4": 934917285194189830,
      "sizeX:3": 48,
      "x:3": 444,
      "y:3": 12,
      "questIDLow:4": -4721119019196807237,
      "sizeY:3": 48
    },
    "51:10": {
      "questIDHigh:4": 1067327358665575267,
      "sizeX:3": 24,
      "x:3": 12,
      "y:3": 168,
      "questIDLow:4": -8996825125550293613,
      "sizeY:3": 24
    },
    "52:10": {
      "questIDHigh:4": 1099540675571499978,
      "sizeX:3": 24,
      "x:3": 456,
      "y:3": 84,
      "questIDLow:4": -7154632998014096877,
      "sizeY:3": 24
    },
    "53:10": {
      "questIDHigh:4": 1162181130482500484,
      "sizeX:3": 48,
      "x:3": 228,
      "y:3": 312,
      "questIDLow:4": -8199803816494517045,
      "sizeY:3": 48
    },
    "54:10": {
      "questIDHigh:4": 2197724194545617330,
      "sizeX:3": 24,
      "x:3": 204,
      "y:3": 72,
      "questIDLow:4": -6008922449644892285,
      "sizeY:3": 24
    },
    "55:10": {
      "questIDHigh:4": 3254611251340790707,
      "sizeX:3": 48,
      "x:3": 444,
      "y:3": 132,
      "questIDLow:4": -8021583113396239664,
      "sizeY:3": 48
    },
    "56:10": {
      "questIDHigh:4": 3895133699912977808,
      "sizeX:3": 24,
      "x:3": 504,
      "y:3": -60,
      "questIDLow:4": -7026708278772253011,
      "sizeY:3": 24
    },
    "57:10": {
      "questIDHigh:4": 4492407415263742930,
      "sizeX:3": 24,
      "x:3": 12,
      "y:3": 120,
      "questIDLow:4": -5991978432068446918,
      "sizeY:3": 24
    },
    "58:10": {
      "questIDHigh:4": 4807853113064639940,
      "sizeX:3": 24,
      "x:3": 408,
      "y:3": 60,
      "questIDLow:4": -5802810217373252190,
      "sizeY:3": 24
    },
    "59:10": {
      "questIDHigh:4": 4924712871570456639,
      "sizeX:3": 48,
      "x:3": 228,
      "y:3": -24,
      "questIDLow:4": -6208773058821867190,
      "sizeY:3": 48
    },
    "60:10": {
      "questIDHigh:4": 5617954830618019035,
      "sizeX:3": 24,
      "x:3": 408,
      "y:3": -144,
      "questIDLow:4": -6752762253121630907,
      "sizeY:3": 24
    },
    "61:10": {
      "questIDHigh:4": 6916067238181487784,
      "sizeX:3": 24,
      "x:3": 408,
      "y:3": -60,
      "questIDLow:4": -5612826465399047400,
      "sizeY:3": 24
    },
    "62:10": {
      "questIDHigh:4": 7831765874842158193,
      "sizeX:3": 24,
      "x:3": 216,
      "y:3": 408,
      "questIDLow:4": -7992749153415472519,
      "sizeY:3": 24
    },
    "63:10": {
      "questIDHigh:4": 7843197398684813402,
      "sizeX:3": 48,
      "x:3": 444,
      "y:3": -204,
      "questIDLow:4": -5758255961960012806,
      "sizeY:3": 48
    },
    "64:10": {
      "questIDHigh:4": 8985243382793193385,
      "sizeX:3": 24,
      "x:3": 12,
      "y:3": 264,
      "questIDLow:4": -6915086947092752744,
      "sizeY:3": 24
    }
  },
  "questLineIDLow:4": 17,
  "questLineIDHigh:4": 0,
  "properties:10": {
    "betterquesting:10": {
      "visibility:8": "UNLOCKED",
      "name:8": "GT++ ",
      "icon:10": {
        "id:8": "gregtech:gt.blockmachines",
        "Count:3": 1,
        "Damage:2": 810,
        "OreDict:8": ""
      },
      "bg_image:8": "",
      "bg_size:3": 256,
      "desc:8": "GT++ adds new functionality to GT, including high speed multiblocks."
    }
  }
}