{
  "quests:9": {
    "0:10": {
      "questIDHigh:4": -6936489808588683341,
      "sizeX:3": 48,
      "x:3": 372,
      "y:3": 408,
      "questIDLow:4": -5302417245690018536,
      "sizeY:3": 48
    },
    "1:10": {
      "questIDHigh:4": -6494546040511574978,
      "sizeX:3": 24,
      "x:3": 12,
      "y:3": 156,
      "questIDLow:4": -5594786792833372990,
      "sizeY:3": 24
    },
    "2:10": {
      "questIDHigh:4": -6434922857068738045,
      "sizeX:3": 24,
      "x:3": 396,
      "y:3": 204,
      "questIDLow:4": -8875238551243913734,
      "sizeY:3": 24
    },
    "3:10": {
      "questIDHigh:4": -5402177343007275748,
      "sizeX:3": 24,
      "x:3": 264,
      "y:3": 252,
      "questIDLow:4": -6969466475986785356,
      "sizeY:3": 24
    },
    "4:10": {
      "questIDHigh:4": -2444474833328912236,
      "sizeX:3": 48,
      "x:3": 540,
      "y:3": 480,
      "questIDLow:4": -7616949155129872515,
      "sizeY:3": 48
    },
    "5:10": {
      "questIDHigh:4": -337303635474561203,
      "sizeX:3": 24,
      "x:3": 396,
      "y:3": 300,
      "questIDLow:4": -4782315901562449638,
      "sizeY:3": 24
    },
    "6:10": {
      "questIDHigh:4": 0,
      "sizeX:3": 24,
      "x:3": 180,
      "y:3": 0,
      "questIDLow:4": 45,
      "sizeY:3": 24
    },
    "7:10": {
      "questIDHigh:4": 0,
      "sizeX:3": 24,
      "x:3": 60,
      "y:3": 0,
      "questIDLow:4": 74,
      "sizeY:3": 24
    },
    "8:10": {
      "questIDHigh:4": 0,
      "sizeX:3": 24,
      "x:3": 132,
      "y:3": 0,
      "questIDLow:4": 75,
      "sizeY:3": 24
    },
    "9:10": {
      "questIDHigh:4": 0,
      "sizeX:3": 48,
      "x:3": 60,
      "y:3": 36,
      "questIDLow:4": 76,
      "sizeY:3": 48
    },
    "10:10": {
      "questIDHigh:4": 0,
      "sizeX:3": 48,
      "x:3": 60,
      "y:3": 144,
      "questIDLow:4": 77,
      "sizeY:3": 48
    },
    "11:10": {
      "questIDHigh:4": 0,
      "sizeX:3": 48,
      "x:3": 60,
      "y:3": 228,
      "questIDLow:4": 78,
      "sizeY:3": 48
    },
    "12:10": {
      "questIDHigh:4": 0,
      "sizeX:3": 48,
      "x:3": 60,
      "y:3": 288,
      "questIDLow:4": 79,
      "sizeY:3": 48
    },
    "13:10": {
      "questIDHigh:4": 0,
      "sizeX:3": 48,
      "x:3": 228,
      "y:3": 144,
      "questIDLow:4": 80,
      "sizeY:3": 48
    },
    "14:10": {
      "questIDHigh:4": 0,
      "sizeX:3": 48,
      "x:3": 180,
      "y:3": 288,
      "questIDLow:4": 81,
      "sizeY:3": 48
    },
    "15:10": {
      "questIDHigh:4": 0,
      "sizeX:3": 24,
      "x:3": 240,
      "y:3": 108,
      "questIDLow:4": 82,
      "sizeY:3": 24
    },
    "16:10": {
      "questIDHigh:4": 0,
      "sizeX:3": 24,
      "x:3": 12,
      "y:3": 300,
      "questIDLow:4": 83,
      "sizeY:3": 24
    },
    "17:10": {
      "questIDHigh:4": 0,
      "sizeX:3": 24,
      "x:3": 300,
      "y:3": 108,
      "questIDLow:4": 85,
      "sizeY:3": 24
    },
    "18:10": {
      "questIDHigh:4": 0,
      "sizeX:3": 48,
      "x:3": 60,
      "y:3": 348,
      "questIDLow:4": 86,
      "sizeY:3": 48
    },
    "19:10": {
      "questIDHigh:4": 0,
      "sizeX:3": 24,
      "x:3": 180,
      "y:3": 60,
      "questIDLow:4": 87,
      "sizeY:3": 24
    },
    "20:10": {
      "questIDHigh:4": 0,
      "sizeX:3": 48,
      "x:3": 444,
      "y:3": 228,
      "questIDLow:4": 373,
      "sizeY:3": 48
    },
    "21:10": {
      "questIDHigh:4": 0,
      "sizeX:3": 48,
      "x:3": 468,
      "y:3": 480,
      "questIDLow:4": 388,
      "sizeY:3": 48
    },
    "22:10": {
      "questIDHigh:4": 0,
      "sizeX:3": 48,
      "x:3": 60,
      "y:3": 408,
      "questIDLow:4": 475,
      "sizeY:3": 48
    },
    "23:10": {
      "questIDHigh:4": 0,
      "sizeX:3": 48,
      "x:3": 60,
      "y:3": 468,
      "questIDLow:4": 476,
      "sizeY:3": 48
    },
    "24:10": {
      "questIDHigh:4": 0,
      "sizeX:3": 48,
      "x:3": 120,
      "y:3": 468,
      "questIDLow:4": 477,
      "sizeY:3": 48
    },
    "25:10": {
      "questIDHigh:4": 0,
      "sizeX:3": 24,
      "x:3": 180,
      "y:3": 156,
      "questIDLow:4": 556,
      "sizeY:3": 24
    },
    "26:10": {
      "questIDHigh:4": 0,
      "sizeX:3": 24,
      "x:3": 348,
      "y:3": 60,
      "questIDLow:4": 559,
      "sizeY:3": 24
    },
    "27:10": {
      "questIDHigh:4": 0,
      "sizeX:3": 24,
      "x:3": 348,
      "y:3": 0,
      "questIDLow:4": 560,
      "sizeY:3": 24
    },
    "28:10": {
      "questIDHigh:4": 0,
      "sizeX:3": 24,
      "x:3": 396,
      "y:3": 0,
      "questIDLow:4": 561,
      "sizeY:3": 24
    },
    "29:10": {
      "questIDHigh:4": 0,
      "sizeX:3": 24,
      "x:3": 396,
      "y:3": 60,
      "questIDLow:4": 562,
      "sizeY:3": 24
    },
    "30:10": {
      "questIDHigh:4": 0,
      "sizeX:3": 24,
      "x:3": 12,
      "y:3": 0,
      "questIDLow:4": 695,
      "sizeY:3": 24
    },
    "31:10": {
      "questIDHigh:4": 0,
      "sizeX:3": 24,
      "x:3": 12,
      "y:3": 60,
      "questIDLow:4": 696,
      "sizeY:3": 24
    },
    "32:10": {
      "questIDHigh:4": 0,
      "sizeX:3": 24,
      "x:3": 132,
      "y:3": 108,
      "questIDLow:4": 697,
      "sizeY:3": 24
    },
    "33:10": {
      "questIDHigh:4": 0,
      "sizeX:3": 24,
      "x:3": 180,
      "y:3": 108,
      "questIDLow:4": 698,
      "sizeY:3": 24
    },
    "34:10": {
      "questIDHigh:4": 0,
      "sizeX:3": 24,
      "x:3": 300,
      "y:3": 0,
      "questIDLow:4": 699,
      "sizeY:3": 24
    },
    "35:10": {
      "questIDHigh:4": 0,
      "sizeX:3": 24,
      "x:3": 12,
      "y:3": 204,
      "questIDLow:4": 755,
      "sizeY:3": 24
    },
    "36:10": {
      "questIDHigh:4": 0,
      "sizeX:3": 24,
      "x:3": 12,
      "y:3": 252,
      "questIDLow:4": 756,
      "sizeY:3": 24
    },
    "37:10": {
      "questIDHigh:4": 0,
      "sizeX:3": 24,
      "x:3": 240,
      "y:3": 204,
      "questIDLow:4": 761,
      "sizeY:3": 24
    },
    "38:10": {
      "questIDHigh:4": 0,
      "sizeX:3": 24,
      "x:3": 300,
      "y:3": 156,
      "questIDLow:4": 762,
      "sizeY:3": 24
    },
    "39:10": {
      "questIDHigh:4": 0,
      "sizeX:3": 24,
      "x:3": 300,
      "y:3": 204,
      "questIDLow:4": 763,
      "sizeY:3": 24
    },
    "40:10": {
      "questIDHigh:4": 0,
      "sizeX:3": 24,
      "x:3": 180,
      "y:3": 204,
      "questIDLow:4": 764,
      "sizeY:3": 24
    },
    "41:10": {
      "questIDHigh:4": 0,
      "sizeX:3": 48,
      "x:3": 444,
      "y:3": 144,
      "questIDLow:4": 765,
      "sizeY:3": 48
    },
    "42:10": {
      "questIDHigh:4": 0,
      "sizeX:3": 24,
      "x:3": 396,
      "y:3": 156,
      "questIDLow:4": 766,
      "sizeY:3": 24
    },
    "43:10": {
      "questIDHigh:4": 0,
      "sizeX:3": 24,
      "x:3": 348,
      "y:3": 156,
      "questIDLow:4": 768,
      "sizeY:3": 24
    },
    "44:10": {
      "questIDHigh:4": 0,
      "sizeX:3": 24,
      "x:3": 132,
      "y:3": 252,
      "questIDLow:4": 781,
      "sizeY:3": 24
    },
    "45:10": {
      "questIDHigh:4": 0,
      "sizeX:3": 24,
      "x:3": 444,
      "y:3": 0,
      "questIDLow:4": 784,
      "sizeY:3": 24
    },
    "46:10": {
      "questIDHigh:4": 0,
      "sizeX:3": 24,
      "x:3": 444,
      "y:3": 60,
      "questIDLow:4": 786,
      "sizeY:3": 24
    },
    "47:10": {
      "questIDHigh:4": 0,
      "sizeX:3": 24,
      "x:3": 492,
      "y:3": 0,
      "questIDLow:4": 787,
      "sizeY:3": 24
    },
    "48:10": {
      "questIDHigh:4": 0,
      "sizeX:3": 24,
      "x:3": 492,
      "y:3": 60,
      "questIDLow:4": 788,
      "sizeY:3": 24
    },
    "49:10": {
      "questIDHigh:4": 0,
      "sizeX:3": 24,
      "x:3": 300,
      "y:3": 60,
      "questIDLow:4": 870,
      "sizeY:3": 24
    },
    "50:10": {
      "questIDHigh:4": 0,
      "sizeX:3": 24,
      "x:3": 348,
      "y:3": 204,
      "questIDLow:4": 876,
      "sizeY:3": 24
    },
    "51:10": {
      "questIDHigh:4": 0,
      "sizeX:3": 48,
      "x:3": 240,
      "y:3": 288,
      "questIDLow:4": 940,
      "sizeY:3": 48
    },
    "52:10": {
      "questIDHigh:4": 0,
      "sizeX:3": 24,
      "x:3": -24,
      "y:3": 156,
      "questIDLow:4": 941,
      "sizeY:3": 24
    },
    "53:10": {
      "questIDHigh:4": 0,
      "sizeX:3": 24,
      "x:3": 132,
      "y:3": 60,
      "questIDLow:4": 954,
      "sizeY:3": 24
    },
    "54:10": {
      "questIDHigh:4": 0,
      "sizeX:3": 24,
      "x:3": 132,
      "y:3": 204,
      "questIDLow:4": 1179,
      "sizeY:3": 24
    },
    "55:10": {
      "questIDHigh:4": 0,
      "sizeX:3": 48,
      "x:3": 312,
      "y:3": 348,
      "questIDLow:4": 1412,
      "sizeY:3": 48
    },
    "56:10": {
      "questIDHigh:4": 0,
      "sizeX:3": 48,
      "x:3": 228,
      "y:3": 0,
      "questIDLow:4": 1503,
      "sizeY:3": 48
    },
    "57:10": {
      "questIDHigh:4": 0,
      "sizeX:3": 48,
      "x:3": 504,
      "y:3": 144,
      "questIDLow:4": 1545,
      "sizeY:3": 48
    },
    "58:10": {
      "questIDHigh:4": 0,
      "sizeX:3": 24,
      "x:3": 372,
      "y:3": 360,
      "questIDLow:4": 1787,
      "sizeY:3": 24
    },
    "59:10": {
      "questIDHigh:4": 0,
      "sizeX:3": 48,
      "x:3": 120,
      "y:3": 528,
      "questIDLow:4": 1817,
      "sizeY:3": 48
    },
    "60:10": {
      "questIDHigh:4": 0,
      "sizeX:3": 24,
      "x:3": 240,
      "y:3": 60,
      "questIDLow:4": 1832,
      "sizeY:3": 24
    },
    "61:10": {
      "questIDHigh:4": 0,
      "sizeX:3": 48,
      "x:3": 180,
      "y:3": 528,
      "questIDLow:4": 1833,
      "sizeY:3": 48
    },
    "62:10": {
      "questIDHigh:4": 0,
      "sizeX:3": 24,
      "x:3": 132,
      "y:3": 156,
      "questIDLow:4": 1853,
      "sizeY:3": 24
    },
    "63:10": {
      "questIDHigh:4": 0,
      "sizeX:3": 24,
      "x:3": 168,
      "y:3": 252,
      "questIDLow:4": 1904,
      "sizeY:3": 24
    },
    "64:10": {
      "questIDHigh:4": 0,
      "sizeX:3": 24,
      "x:3": 660,
      "y:3": 108,
      "questIDLow:4": 2044,
      "sizeY:3": 24
    },
    "65:10": {
      "questIDHigh:4": 0,
      "sizeX:3": 24,
      "x:3": 660,
      "y:3": 204,
      "questIDLow:4": 2045,
      "sizeY:3": 24
    },
    "66:10": {
      "questIDHigh:4": 0,
      "sizeX:3": 24,
      "x:3": 216,
      "y:3": 252,
      "questIDLow:4": 2069,
      "sizeY:3": 24
    },
    "67:10": {
      "questIDHigh:4": 0,
      "sizeX:3": 24,
      "x:3": 300,
      "y:3": 300,
      "questIDLow:4": 2144,
      "sizeY:3": 24
    },
    "68:10": {
      "questIDHigh:4": 0,
      "sizeX:3": 24,
      "x:3": 660,
      "y:3": 252,
      "questIDLow:4": 2320,
      "sizeY:3": 24
    },
    "69:10": {
      "questIDHigh:4": 0,
      "sizeX:3": 24,
      "x:3": 96,
      "y:3": 0,
      "questIDLow:4": 2404,
      "sizeY:3": 24
    },
    "70:10": {
      "questIDHigh:4": 0,
      "sizeX:3": 24,
      "x:3": 612,
      "y:3": 108,
      "questIDLow:4": 2556,
      "sizeY:3": 24
    },
    "71:10": {
      "questIDHigh:4": 0,
      "sizeX:3": 24,
      "x:3": 612,
      "y:3": 156,
      "questIDLow:4": 2557,
      "sizeY:3": 24
    },
    "72:10": {
      "questIDHigh:4": 0,
      "sizeX:3": 24,
      "x:3": 612,
      "y:3": 204,
      "questIDLow:4": 2558,
      "sizeY:3": 24
    },
    "73:10": {
      "questIDHigh:4": 0,
      "sizeX:3": 24,
      "x:3": 612,
      "y:3": 252,
      "questIDLow:4": 2559,
      "sizeY:3": 24
    },
    "74:10": {
      "questIDHigh:4": 0,
      "sizeX:3": 24,
      "x:3": 612,
      "y:3": 300,
      "questIDLow:4": 2560,
      "sizeY:3": 24
    },
    "75:10": {
      "questIDHigh:4": 0,
      "sizeX:3": 48,
      "x:3": 600,
      "y:3": 24,
      "questIDLow:4": 2561,
      "sizeY:3": 48
    },
    "76:10": {
      "questIDHigh:4": 0,
      "sizeX:3": 24,
      "x:3": 564,
      "y:3": 12,
      "questIDLow:4": 2563,
      "sizeY:3": 24
    },
    "77:10": {
      "questIDHigh:4": 0,
      "sizeX:3": 24,
      "x:3": 564,
      "y:3": 60,
      "questIDLow:4": 2564,
      "sizeY:3": 24
    },
    "78:10": {
      "questIDHigh:4": 0,
      "sizeX:3": 48,
      "x:3": 252,
      "y:3": 408,
      "questIDLow:4": 2601,
      "sizeY:3": 48
    },
    "79:10": {
      "questIDHigh:4": 0,
      "sizeX:3": 24,
      "x:3": 396,
      "y:3": 252,
      "questIDLow:4": 2668,
      "sizeY:3": 24
    },
    "80:10": {
      "questIDHigh:4": 0,
      "sizeX:3": 24,
      "x:3": 456,
      "y:3": 408,
      "questIDLow:4": 2672,
      "sizeY:3": 24
    },
    "81:10": {
      "questIDHigh:4": 0,
      "sizeX:3": 24,
      "x:3": 348,
      "y:3": 252,
      "questIDLow:4": 2763,
      "sizeY:3": 24
    },
    "82:10": {
      "questIDHigh:4": 0,
      "sizeX:3": 24,
      "x:3": 300,
      "y:3": 252,
      "questIDLow:4": 2765,
      "sizeY:3": 24
    },
    "83:10": {
      "questIDHigh:4": 0,
      "sizeX:3": 24,
      "x:3": 12,
      "y:3": 108,
      "questIDLow:4": 2856,
      "sizeY:3": 24
    },
    "84:10": {
      "questIDHigh:4": 0,
      "sizeX:3": 48,
      "x:3": 120,
      "y:3": 408,
      "questIDLow:4": 2892,
      "sizeY:3": 48
    },
    "85:10": {
      "questIDHigh:4": 0,
      "sizeX:3": 48,
      "x:3": 60,
      "y:3": 528,
      "questIDLow:4": 2893,
      "sizeY:3": 48
    },
    "86:10": {
      "questIDHigh:4": 0,
      "sizeX:3": 48,
      "x:3": 504,
      "y:3": 348,
      "questIDLow:4": 2936,
      "sizeY:3": 48
    },
    "87:10": {
      "questIDHigh:4": 0,
      "sizeX:3": 24,
      "x:3": 492,
      "y:3": 408,
      "questIDLow:4": 2937,
      "sizeY:3": 24
    },
    "88:10": {
      "questIDHigh:4": 0,
      "sizeX:3": 24,
      "x:3": 516,
      "y:3": 432,
      "questIDLow:4": 2938,
      "sizeY:3": 24
    },
    "89:10": {
      "questIDHigh:4": 0,
      "sizeX:3": 24,
      "x:3": 540,
      "y:3": 408,
      "questIDLow:4": 2939,
      "sizeY:3": 24
    },
    "90:10": {
      "questIDHigh:4": 0,
      "sizeX:3": 48,
      "x:3": 504,
      "y:3": 228,
      "questIDLow:4": 2981,
      "sizeY:3": 48
    },
    "91:10": {
      "questIDHigh:4": 0,
      "sizeX:3": 24,
      "x:3": 516,
      "y:3": 312,
      "questIDLow:4": 2982,
      "sizeY:3": 24
    },
    "92:10": {
      "questIDHigh:4": 0,
      "sizeX:3": 24,
      "x:3": 84,
      "y:3": -36,
      "questIDLow:4": 2985,
      "sizeY:3": 24
    },
    "93:10": {
      "questIDHigh:4": 0,
      "sizeX:3": 24,
      "x:3": -24,
      "y:3": 108,
      "questIDLow:4": 3030,
      "sizeY:3": 24
    },
    "94:10": {
      "questIDHigh:4": 0,
      "sizeX:3": 24,
      "x:3": 36,
      "y:3": -36,
      "questIDLow:4": 3031,
      "sizeY:3": 24
    },
    "95:10": {
      "questIDHigh:4": 0,
      "sizeX:3": 48,
      "x:3": 600,
      "y:3": 348,
      "questIDLow:4": 3041,
      "sizeY:3": 48
    },
    "96:10": {
      "questIDHigh:4": 0,
      "sizeX:3": 48,
      "x:3": 600,
      "y:3": 408,
      "questIDLow:4": 3042,
      "sizeY:3": 48
    },
    "97:10": {
      "questIDHigh:4": 0,
      "sizeX:3": 24,
      "x:3": 72,
      "y:3": 108,
      "questIDLow:4": 3089,
      "sizeY:3": 24
    },
    "98:10": {
      "questIDHigh:4": 0,
      "sizeX:3": 48,
      "x:3": 444,
      "y:3": 348,
      "questIDLow:4": 3090,
      "sizeY:3": 48
    },
    "99:10": {
      "questIDHigh:4": 0,
      "sizeX:3": 48,
      "x:3": 444,
      "y:3": 288,
      "questIDLow:4": 3142,
      "sizeY:3": 48
    },
    "100:10": {
      "questIDHigh:4": 0,
      "sizeX:3": 24,
      "x:3": 348,
      "y:3": 300,
      "questIDLow:4": 3182,
      "sizeY:3": 24
    },
    "101:10": {
      "questIDHigh:4": 0,
      "sizeX:3": 24,
      "x:3": 660,
      "y:3": 156,
      "questIDLow:4": 3210,
      "sizeY:3": 24
    },
    "102:10": {
      "questIDHigh:4": 0,
      "sizeX:3": 48,
      "x:3": 240,
      "y:3": 528,
      "questIDLow:4": 3217,
      "sizeY:3": 48
    },
    "103:10": {
      "questIDHigh:4": 0,
      "sizeX:3": 48,
      "x:3": 300,
      "y:3": 528,
      "questIDLow:4": 3218,
      "sizeY:3": 48
    },
    "104:10": {
      "questIDHigh:4": 0,
      "sizeX:3": 48,
      "x:3": 360,
      "y:3": 528,
      "questIDLow:4": 3219,
      "sizeY:3": 48
    },
    "105:10": {
      "questIDHigh:4": 0,
      "sizeX:3": 48,
      "x:3": 768,
      "y:3": 24,
      "questIDLow:4": 3273,
      "sizeY:3": 48
    },
    "106:10": {
      "questIDHigh:4": 0,
      "sizeX:3": 24,
      "x:3": 744,
      "y:3": 96,
      "questIDLow:4": 3274,
      "sizeY:3": 24
    },
    "107:10": {
      "questIDHigh:4": 0,
      "sizeX:3": 24,
      "x:3": 816,
      "y:3": 96,
      "questIDLow:4": 3275,
      "sizeY:3": 24
    },
    "108:10": {
      "questIDHigh:4": 0,
      "sizeX:3": 24,
      "x:3": 780,
      "y:3": 96,
      "questIDLow:4": 3276,
      "sizeY:3": 24
    },
    "109:10": {
      "questIDHigh:4": 0,
      "sizeX:3": 24,
      "x:3": 816,
      "y:3": 132,
      "questIDLow:4": 3277,
      "sizeY:3": 24
    },
    "110:10": {
      "questIDHigh:4": 0,
      "sizeX:3": 24,
      "x:3": 780,
      "y:3": 132,
      "questIDLow:4": 3278,
      "sizeY:3": 24
    },
    "111:10": {
      "questIDHigh:4": 0,
      "sizeX:3": 48,
      "x:3": 768,
      "y:3": 168,
      "questIDLow:4": 3279,
      "sizeY:3": 48
    },
    "112:10": {
      "questIDHigh:4": 0,
      "sizeX:3": 48,
      "x:3": 768,
      "y:3": 240,
      "questIDLow:4": 3280,
      "sizeY:3": 48
    },
    "113:10": {
      "questIDHigh:4": 0,
      "sizeX:3": 48,
      "x:3": 768,
      "y:3": 312,
      "questIDLow:4": 3281,
      "sizeY:3": 48
    },
    "114:10": {
      "questIDHigh:4": 7244653316249437730,
      "sizeX:3": 48,
      "x:3": 312,
      "y:3": 408,
      "questIDLow:4": -5847927107856321162,
      "sizeY:3": 48
    },
    "115:10": {
      "questIDHigh:4": 8066762646697952752,
      "sizeX:3": 24,
      "x:3": 516,
      "y:3": 108,
      "questIDLow:4": -8321971917314713709,
      "sizeY:3": 24
    }
  },
  "questLineIDLow:4": 12,
  "questLineIDHigh:4": 0,
  "properties:10": {
    "betterquesting:10": {
      "visibility:8": "UNLOCKED",
      "name:8": "Multiblock Goals",
      "icon:10": {
        "id:8": "gregtech:gt.blockmachines",
        "Count:3": 1,
        "Damage:2": 1000,
        "OreDict:8": ""
      },
      "bg_image:8": "",
      "bg_size:3": 256,
      "desc:8": "This set is a global tracker for multiblock structure goals. As you can build several parts of many multiblocks way earlier than the respective tier. Check back often."
    }
  }
}