{
  "quests:9": {
    "0:10": {
      "questIDHigh:4": -5512269689842742871,
      "sizeX:3": 36,
      "x:3": 456,
      "y:3": 300,
      "questIDLow:4": -7595617807436879192,
      "sizeY:3": 36
    },
    "1:10": {
      "questIDHigh:4": 0,
      "sizeX:3": 24,
      "x:3": 0,
      "y:3": 108,
      "questIDLow:4": 161,
      "sizeY:3": 24
    },
    "2:10": {
      "questIDHigh:4": 0,
      "sizeX:3": 24,
      "x:3": 96,
      "y:3": 84,
      "questIDLow:4": 164,
      "sizeY:3": 24
    },
    "3:10": {
      "questIDHigh:4": 0,
      "sizeX:3": 24,
      "x:3": 48,
      "y:3": 108,
      "questIDLow:4": 177,
      "sizeY:3": 24
    },
    "4:10": {
      "questIDHigh:4": 0,
      "sizeX:3": 24,
      "x:3": 240,
      "y:3": 48,
      "questIDLow:4": 228,
      "sizeY:3": 24
    },
    "5:10": {
      "questIDHigh:4": 0,
      "sizeX:3": 24,
      "x:3": 336,
      "y:3": 48,
      "questIDLow:4": 406,
      "sizeY:3": 24
    },
    "6:10": {
      "questIDHigh:4": 0,
      "sizeX:3": 24,
      "x:3": 96,
      "y:3": 132,
      "questIDLow:4": 407,
      "sizeY:3": 24
    },
    "7:10": {
      "questIDHigh:4": 0,
      "sizeX:3": 24,
      "x:3": 48,
      "y:3": 156,
      "questIDLow:4": 408,
      "sizeY:3": 24
    },
    "8:10": {
      "questIDHigh:4": 0,
      "sizeX:3": 24,
      "x:3": 144,
      "y:3": 108,
      "questIDLow:4": 409,
      "sizeY:3": 24
    },
    "9:10": {
      "questIDHigh:4": 0,
      "sizeX:3": 24,
      "x:3": 96,
      "y:3": 204,
      "questIDLow:4": 410,
      "sizeY:3": 24
    },
    "10:10": {
      "questIDHigh:4": 0,
      "sizeX:3": 24,
      "x:3": 24,
      "y:3": 264,
      "questIDLow:4": 411,
      "sizeY:3": 24
    },
    "11:10": {
      "questIDHigh:4": 0,
      "sizeX:3": 24,
      "x:3": 24,
      "y:3": 204,
      "questIDLow:4": 412,
      "sizeY:3": 24
    },
    "12:10": {
      "questIDHigh:4": 0,
      "sizeX:3": 24,
      "x:3": 60,
      "y:3": 228,
      "questIDLow:4": 413,
      "sizeY:3": 24
    },
    "13:10": {
      "questIDHigh:4": 0,
      "sizeX:3": 24,
      "x:3": 96,
      "y:3": 264,
      "questIDLow:4": 414,
      "sizeY:3": 24
    },
    "14:10": {
      "questIDHigh:4": 0,
      "sizeX:3": 24,
      "x:3": 60,
      "y:3": 264,
      "questIDLow:4": 415,
      "sizeY:3": 24
    },
    "15:10": {
      "questIDHigh:4": 0,
      "sizeX:3": 24,
      "x:3": 144,
      "y:3": 348,
      "questIDLow:4": 416,
      "sizeY:3": 24
    },
    "16:10": {
      "questIDHigh:4": 0,
      "sizeX:3": 24,
      "x:3": 96,
      "y:3": 312,
      "questIDLow:4": 417,
      "sizeY:3": 24
    },
    "17:10": {
      "questIDHigh:4": 0,
      "sizeX:3": 24,
      "x:3": 96,
      "y:3": 384,
      "questIDLow:4": 418,
      "sizeY:3": 24
    },
    "18:10": {
      "questIDHigh:4": 0,
      "sizeX:3": 24,
      "x:3": 96,
      "y:3": 348,
      "questIDLow:4": 419,
      "sizeY:3": 24
    },
    "19:10": {
      "questIDHigh:4": 0,
      "sizeX:3": 24,
      "x:3": 372,
      "y:3": 312,
      "questIDLow:4": 420,
      "sizeY:3": 24
    },
    "20:10": {
      "questIDHigh:4": 0,
      "sizeX:3": 24,
      "x:3": 288,
      "y:3": 108,
      "questIDLow:4": 421,
      "sizeY:3": 24
    },
    "21:10": {
      "questIDHigh:4": 0,
      "sizeX:3": 24,
      "x:3": 204,
      "y:3": 84,
      "questIDLow:4": 422,
      "sizeY:3": 24
    },
    "22:10": {
      "questIDHigh:4": 0,
      "sizeX:3": 24,
      "x:3": 180,
      "y:3": 48,
      "questIDLow:4": 423,
      "sizeY:3": 24
    },
    "23:10": {
      "questIDHigh:4": 0,
      "sizeX:3": 24,
      "x:3": 288,
      "y:3": 156,
      "questIDLow:4": 424,
      "sizeY:3": 24
    },
    "24:10": {
      "questIDHigh:4": 0,
      "sizeX:3": 24,
      "x:3": 240,
      "y:3": 240,
      "questIDLow:4": 425,
      "sizeY:3": 24
    },
    "25:10": {
      "questIDHigh:4": 0,
      "sizeX:3": 24,
      "x:3": 288,
      "y:3": 48,
      "questIDLow:4": 426,
      "sizeY:3": 24
    },
    "26:10": {
      "questIDHigh:4": 0,
      "sizeX:3": 24,
      "x:3": 372,
      "y:3": 120,
      "questIDLow:4": 427,
      "sizeY:3": 24
    },
    "27:10": {
      "questIDHigh:4": 0,
      "sizeX:3": 24,
      "x:3": 240,
      "y:3": 276,
      "questIDLow:4": 428,
      "sizeY:3": 24
    },
    "28:10": {
      "questIDHigh:4": 0,
      "sizeX:3": 24,
      "x:3": 192,
      "y:3": 396,
      "questIDLow:4": 429,
      "sizeY:3": 24
    },
    "29:10": {
      "questIDHigh:4": 0,
      "sizeX:3": 24,
      "x:3": 192,
      "y:3": 348,
      "questIDLow:4": 430,
      "sizeY:3": 24
    },
    "30:10": {
      "questIDHigh:4": 0,
      "sizeX:3": 24,
      "x:3": 144,
      "y:3": 396,
      "questIDLow:4": 431,
      "sizeY:3": 24
    },
    "31:10": {
      "questIDHigh:4": 0,
      "sizeX:3": 24,
      "x:3": 192,
      "y:3": 300,
      "questIDLow:4": 432,
      "sizeY:3": 24
    },
    "32:10": {
      "questIDHigh:4": 0,
      "sizeX:3": 24,
      "x:3": 192,
      "y:3": 204,
      "questIDLow:4": 433,
      "sizeY:3": 24
    },
    "33:10": {
      "questIDHigh:4": 0,
      "sizeX:3": 24,
      "x:3": 144,
      "y:3": 228,
      "questIDLow:4": 434,
      "sizeY:3": 24
    },
    "34:10": {
      "questIDHigh:4": 0,
      "sizeX:3": 24,
      "x:3": 144,
      "y:3": 264,
      "questIDLow:4": 435,
      "sizeY:3": 24
    },
    "35:10": {
      "questIDHigh:4": 0,
      "sizeX:3": 24,
      "x:3": 144,
      "y:3": 300,
      "questIDLow:4": 436,
      "sizeY:3": 24
    },
    "36:10": {
      "questIDHigh:4": 0,
      "sizeX:3": 24,
      "x:3": 144,
      "y:3": 156,
      "questIDLow:4": 437,
      "sizeY:3": 24
    },
    "37:10": {
      "questIDHigh:4": 0,
      "sizeX:3": 24,
      "x:3": 336,
      "y:3": 108,
      "questIDLow:4": 438,
      "sizeY:3": 24
    },
    "38:10": {
      "questIDHigh:4": 0,
      "sizeX:3": 24,
      "x:3": 180,
      "y:3": 0,
      "questIDLow:4": 463,
      "sizeY:3": 24
    },
    "39:10": {
      "questIDHigh:4": 0,
      "sizeX:3": 24,
      "x:3": 600,
      "y:3": 204,
      "questIDLow:4": 700,
      "sizeY:3": 24
    },
    "40:10": {
      "questIDHigh:4": 0,
      "sizeX:3": 24,
      "x:3": 600,
      "y:3": 300,
      "questIDLow:4": 701,
      "sizeY:3": 24
    },
    "41:10": {
      "questIDHigh:4": 0,
      "sizeX:3": 24,
      "x:3": 504,
      "y:3": 396,
      "questIDLow:4": 702,
      "sizeY:3": 24
    },
    "42:10": {
      "questIDHigh:4": 0,
      "sizeX:3": 24,
      "x:3": 552,
      "y:3": 204,
      "questIDLow:4": 703,
      "sizeY:3": 24
    },
    "43:10": {
      "questIDHigh:4": 0,
      "sizeX:3": 24,
      "x:3": 336,
      "y:3": 276,
      "questIDLow:4": 704,
      "sizeY:3": 24
    },
    "44:10": {
      "questIDHigh:4": 0,
      "sizeX:3": 24,
      "x:3": 600,
      "y:3": 348,
      "questIDLow:4": 706,
      "sizeY:3": 24
    },
    "45:10": {
      "questIDHigh:4": 0,
      "sizeX:3": 24,
      "x:3": 504,
      "y:3": 348,
      "questIDLow:4": 707,
      "sizeY:3": 24
    },
    "46:10": {
      "questIDHigh:4": 0,
      "sizeX:3": 24,
      "x:3": 420,
      "y:3": 276,
      "questIDLow:4": 708,
      "sizeY:3": 24
    },
    "47:10": {
      "questIDHigh:4": 0,
      "sizeX:3": 24,
      "x:3": 372,
      "y:3": 240,
      "questIDLow:4": 709,
      "sizeY:3": 24
    },
    "48:10": {
      "questIDHigh:4": 0,
      "sizeX:3": 24,
      "x:3": 420,
      "y:3": 204,
      "questIDLow:4": 710,
      "sizeY:3": 24
    },
    "49:10": {
      "questIDHigh:4": 0,
      "sizeX:3": 24,
      "x:3": 528,
      "y:3": 300,
      "questIDLow:4": 711,
      "sizeY:3": 24
    },
    "50:10": {
      "questIDHigh:4": 0,
      "sizeX:3": 24,
      "x:3": 336,
      "y:3": 216,
      "questIDLow:4": 712,
      "sizeY:3": 24
    },
    "51:10": {
      "questIDHigh:4": 0,
      "sizeX:3": 24,
      "x:3": 600,
      "y:3": 396,
      "questIDLow:4": 713,
      "sizeY:3": 24
    },
    "52:10": {
      "questIDHigh:4": 0,
      "sizeX:3": 24,
      "x:3": 504,
      "y:3": 204,
      "questIDLow:4": 714,
      "sizeY:3": 24
    },
    "53:10": {
      "questIDHigh:4": 0,
      "sizeX:3": 24,
      "x:3": 552,
      "y:3": 156,
      "questIDLow:4": 715,
      "sizeY:3": 24
    },
    "54:10": {
      "questIDHigh:4": 0,
      "sizeX:3": 24,
      "x:3": 240,
      "y:3": 108,
      "questIDLow:4": 926,
      "sizeY:3": 24
    },
    "55:10": {
      "questIDHigh:4": 0,
      "sizeX:3": 24,
      "x:3": 288,
      "y:3": 348,
      "questIDLow:4": 927,
      "sizeY:3": 24
    },
    "56:10": {
      "questIDHigh:4": 0,
      "sizeX:3": 24,
      "x:3": 288,
      "y:3": 396,
      "questIDLow:4": 928,
      "sizeY:3": 24
    },
    "57:10": {
      "questIDHigh:4": 0,
      "sizeX:3": 24,
      "x:3": 552,
      "y:3": 348,
      "questIDLow:4": 929,
      "sizeY:3": 24
    },
    "58:10": {
      "questIDHigh:4": 0,
      "sizeX:3": 24,
      "x:3": 144,
      "y:3": 60,
      "questIDLow:4": 1325,
      "sizeY:3": 24
    },
    "59:10": {
      "questIDHigh:4": 0,
      "sizeX:3": 24,
      "x:3": 240,
      "y:3": 0,
      "questIDLow:4": 2451,
      "sizeY:3": 24
    },
    "60:10": {
      "questIDHigh:4": 0,
      "sizeX:3": 24,
      "x:3": 372,
      "y:3": 156,
      "questIDLow:4": 2452,
      "sizeY:3": 24
    },
    "61:10": {
      "questIDHigh:4": 0,
      "sizeX:3": 24,
      "x:3": 192,
      "y:3": 156,
      "questIDLow:4": 2453,
      "sizeY:3": 24
    },
    "62:10": {
      "questIDHigh:4": 0,
      "sizeX:3": 24,
      "x:3": 372,
      "y:3": 192,
      "questIDLow:4": 2454,
      "sizeY:3": 24
    },
    "63:10": {
      "questIDHigh:4": 0,
      "sizeX:3": 24,
      "x:3": 600,
      "y:3": 156,
      "questIDLow:4": 2455,
      "sizeY:3": 24
    },
    "64:10": {
      "questIDHigh:4": 0,
      "sizeX:3": 24,
      "x:3": 420,
      "y:3": 348,
      "questIDLow:4": 2456,
      "sizeY:3": 24
    },
    "65:10": {
      "questIDHigh:4": 0,
      "sizeX:3": 24,
      "x:3": 240,
      "y:3": 156,
      "questIDLow:4": 2457,
      "sizeY:3": 24
    },
    "66:10": {
      "questIDHigh:4": 0,
      "sizeX:3": 24,
      "x:3": 240,
      "y:3": 204,
      "questIDLow:4": 2458,
      "sizeY:3": 24
    },
    "67:10": {
      "questIDHigh:4": 0,
      "sizeX:3": 24,
      "x:3": 552,
      "y:3": 396,
      "questIDLow:4": 2459,
      "sizeY:3": 24
    },
    "68:10": {
      "questIDHigh:4": 0,
      "sizeX:3": 24,
      "x:3": 600,
      "y:3": 252,
      "questIDLow:4": 2460,
      "sizeY:3": 24
    },
    "69:10": {
      "questIDHigh:4": 0,
      "sizeX:3": 24,
      "x:3": 240,
      "y:3": 312,
      "questIDLow:4": 2462,
      "sizeY:3": 24
    }
  },
  "questLineIDLow:4": 28,
  "questLineIDHigh:4": 0,
  "properties:10": {
    "betterquesting:10": {
      "visibility:8": "UNLOCKED",
      "name:8": "Paying the Highest Price",
      "icon:10": {
        "id:8": "AWWayofTime:Altar",
        "Count:3": 1,
        "Damage:2": 0,
        "OreDict:8": ""
      },
      "bg_image:8": "",
      "bg_size:3": 256,
      "desc:8": "When regular magic just won\u0027t cover it, pay demons to do it for you! The cost might scare some people... But no risk no fun!"
    }
  }
}