{
  "quests:9": {
    "0:10": {
      "questIDHigh:4": 0,
      "sizeX:3": 24,
      "x:3": 48,
      "y:3": 0,
      "questIDLow:4": 439,
      "sizeY:3": 24
    },
    "1:10": {
      "questIDHigh:4": 0,
      "sizeX:3": 24,
      "x:3": 0,
      "y:3": 0,
      "questIDLow:4": 441,
      "sizeY:3": 24
    },
    "2:10": {
      "questIDHigh:4": 0,
      "sizeX:3": 24,
      "x:3": 96,
      "y:3": 0,
      "questIDLow:4": 443,
      "sizeY:3": 24
    },
    "3:10": {
      "questIDHigh:4": 0,
      "sizeX:3": 24,
      "x:3": 144,
      "y:3": 0,
      "questIDLow:4": 445,
      "sizeY:3": 24
    },
    "4:10": {
      "questIDHigh:4": 0,
      "sizeX:3": 24,
      "x:3": 192,
      "y:3": 0,
      "questIDLow:4": 447,
      "sizeY:3": 24
    },
    "5:10": {
      "questIDHigh:4": 0,
      "sizeX:3": 24,
      "x:3": 240,
      "y:3": 0,
      "questIDLow:4": 449,
      "sizeY:3": 24
    },
    "6:10": {
      "questIDHigh:4": 0,
      "sizeX:3": 24,
      "x:3": 0,
      "y:3": 96,
      "questIDLow:4": 564,
      "sizeY:3": 24
    },
    "7:10": {
      "questIDHigh:4": 0,
      "sizeX:3": 24,
      "x:3": 48,
      "y:3": 96,
      "questIDLow:4": 565,
      "sizeY:3": 24
    },
    "8:10": {
      "questIDHigh:4": 0,
      "sizeX:3": 24,
      "x:3": 240,
      "y:3": 96,
      "questIDLow:4": 566,
      "sizeY:3": 24
    },
    "9:10": {
      "questIDHigh:4": 0,
      "sizeX:3": 24,
      "x:3": 288,
      "y:3": 96,
      "questIDLow:4": 567,
      "sizeY:3": 24
    },
    "10:10": {
      "questIDHigh:4": 0,
      "sizeX:3": 24,
      "x:3": 0,
      "y:3": 48,
      "questIDLow:4": 568,
      "sizeY:3": 24
    },
    "11:10": {
      "questIDHigh:4": 0,
      "sizeX:3": 24,
      "x:3": 48,
      "y:3": 48,
      "questIDLow:4": 569,
      "sizeY:3": 24
    },
    "12:10": {
      "questIDHigh:4": 0,
      "sizeX:3": 24,
      "x:3": 96,
      "y:3": 48,
      "questIDLow:4": 570,
      "sizeY:3": 24
    },
    "13:10": {
      "questIDHigh:4": 0,
      "sizeX:3": 24,
      "x:3": 144,
      "y:3": 48,
      "questIDLow:4": 571,
      "sizeY:3": 24
    },
    "14:10": {
      "questIDHigh:4": 0,
      "sizeX:3": 24,
      "x:3": 240,
      "y:3": 48,
      "questIDLow:4": 572,
      "sizeY:3": 24
    },
    "15:10": {
      "questIDHigh:4": 0,
      "sizeX:3": 24,
      "x:3": 288,
      "y:3": 48,
      "questIDLow:4": 573,
      "sizeY:3": 24
    },
    "16:10": {
      "questIDHigh:4": 0,
      "sizeX:3": 24,
      "x:3": 144,
      "y:3": 96,
      "questIDLow:4": 574,
      "sizeY:3": 24
    },
    "17:10": {
      "questIDHigh:4": 0,
      "sizeX:3": 24,
      "x:3": 192,
      "y:3": 96,
      "questIDLow:4": 575,
      "sizeY:3": 24
    },
    "18:10": {
      "questIDHigh:4": 0,
      "sizeX:3": 24,
      "x:3": 48,
      "y:3": 144,
      "questIDLow:4": 678,
      "sizeY:3": 24
    },
    "19:10": {
      "questIDHigh:4": 0,
      "sizeX:3": 24,
      "x:3": 96,
      "y:3": 144,
      "questIDLow:4": 679,
      "sizeY:3": 24
    },
    "20:10": {
      "questIDHigh:4": 0,
      "sizeX:3": 24,
      "x:3": 144,
      "y:3": 144,
      "questIDLow:4": 680,
      "sizeY:3": 24
    },
    "21:10": {
      "questIDHigh:4": 0,
      "sizeX:3": 24,
      "x:3": 192,
      "y:3": 144,
      "questIDLow:4": 681,
      "sizeY:3": 24
    },
    "22:10": {
      "questIDHigh:4": 0,
      "sizeX:3": 24,
      "x:3": 240,
      "y:3": 144,
      "questIDLow:4": 682,
      "sizeY:3": 24
    },
    "23:10": {
      "questIDHigh:4": 0,
      "sizeX:3": 24,
      "x:3": 0,
      "y:3": 144,
      "questIDLow:4": 858,
      "sizeY:3": 24
    },
    "24:10": {
      "questIDHigh:4": 0,
      "sizeX:3": 24,
      "x:3": 288,
      "y:3": 0,
      "questIDLow:4": 1690,
      "sizeY:3": 24
    }
  },
  "questLineIDLow:4": 42,
  "questLineIDHigh:4": 0,
  "properties:10": {
    "betterquesting:10": {
      "visibility:8": "UNLOCKED",
      "name:8": "Reward Area",
      "icon:10": {
        "id:8": "enhancedlootbags:lootbag",
        "Count:3": 1,
        "tag:10": {
          "ench:9": {
            "0:10": {
              "lvl:2": 3,
              "id:2": 35
            }
          }
        },
        "Damage:2": 44,
        "OreDict:8": ""
      },
      "bg_image:8": "",
      "bg_size:3": 256,
      "desc:8": "Upgrade your loot bags!"
    }
  }
}