{
  "quests:9": {
    "0:10": {
      "questIDHigh:4": 0,
      "sizeX:3": 24,
      "x:3": 276,
      "y:3": 108,
      "questIDLow:4": 1745,
      "sizeY:3": 24
    },
    "1:10": {
      "questIDHigh:4": 0,
      "sizeX:3": 24,
      "x:3": 240,
      "y:3": 126,
      "questIDLow:4": 1746,
      "sizeY:3": 24
    },
    "2:10": {
      "questIDHigh:4": 0,
      "sizeX:3": 24,
      "x:3": 420,
      "y:3": 108,
      "questIDLow:4": 1747,
      "sizeY:3": 24
    },
    "3:10": {
      "questIDHigh:4": 0,
      "sizeX:3": 24,
      "x:3": 294,
      "y:3": 156,
      "questIDLow:4": 1748,
      "sizeY:3": 24
    },
    "4:10": {
      "questIDHigh:4": 0,
      "sizeX:3": 24,
      "x:3": 258,
      "y:3": 60,
      "questIDLow:4": 1749,
      "sizeY:3": 24
    },
    "5:10": {
      "questIDHigh:4": 0,
      "sizeX:3": 24,
      "x:3": 372,
      "y:3": 60,
      "questIDLow:4": 1750,
      "sizeY:3": 24
    },
    "6:10": {
      "questIDHigh:4": 0,
      "sizeX:3": 24,
      "x:3": 372,
      "y:3": 0,
      "questIDLow:4": 1751,
      "sizeY:3": 24
    },
    "7:10": {
      "questIDHigh:4": 0,
      "sizeX:3": 24,
      "x:3": 258,
      "y:3": 156,
      "questIDLow:4": 1752,
      "sizeY:3": 24
    },
    "8:10": {
      "questIDHigh:4": 0,
      "sizeX:3": 24,
      "x:3": 372,
      "y:3": 156,
      "questIDLow:4": 1753,
      "sizeY:3": 24
    },
    "9:10": {
      "questIDHigh:4": 0,
      "sizeX:3": 24,
      "x:3": 372,
      "y:3": 216,
      "questIDLow:4": 1754,
      "sizeY:3": 24
    },
    "10:10": {
      "questIDHigh:4": 0,
      "sizeX:3": 24,
      "x:3": 372,
      "y:3": 186,
      "questIDLow:4": 1755,
      "sizeY:3": 24
    },
    "11:10": {
      "questIDHigh:4": 0,
      "sizeX:3": 24,
      "x:3": 372,
      "y:3": 30,
      "questIDLow:4": 1756,
      "sizeY:3": 24
    },
    "12:10": {
      "questIDHigh:4": 0,
      "sizeX:3": 24,
      "x:3": 240,
      "y:3": 90,
      "questIDLow:4": 1757,
      "sizeY:3": 24
    },
    "13:10": {
      "questIDHigh:4": 0,
      "sizeX:3": 24,
      "x:3": 294,
      "y:3": 60,
      "questIDLow:4": 1758,
      "sizeY:3": 24
    },
    "14:10": {
      "questIDHigh:4": 0,
      "sizeX:3": 24,
      "x:3": 324,
      "y:3": 108,
      "questIDLow:4": 1759,
      "sizeY:3": 24
    },
    "15:10": {
      "questIDHigh:4": 0,
      "sizeX:3": 24,
      "x:3": 372,
      "y:3": 126,
      "questIDLow:4": 1760,
      "sizeY:3": 24
    },
    "16:10": {
      "questIDHigh:4": 0,
      "sizeX:3": 24,
      "x:3": 420,
      "y:3": 156,
      "questIDLow:4": 1761,
      "sizeY:3": 24
    },
    "17:10": {
      "questIDHigh:4": 0,
      "sizeX:3": 24,
      "x:3": 372,
      "y:3": 90,
      "questIDLow:4": 1762,
      "sizeY:3": 24
    },
    "18:10": {
      "questIDHigh:4": 0,
      "sizeX:3": 24,
      "x:3": 420,
      "y:3": 204,
      "questIDLow:4": 1763,
      "sizeY:3": 24
    },
    "19:10": {
      "questIDHigh:4": 0,
      "sizeX:3": 24,
      "x:3": 468,
      "y:3": 204,
      "questIDLow:4": 1764,
      "sizeY:3": 24
    },
    "20:10": {
      "questIDHigh:4": 0,
      "sizeX:3": 24,
      "x:3": 468,
      "y:3": 108,
      "questIDLow:4": 1765,
      "sizeY:3": 24
    },
    "21:10": {
      "questIDHigh:4": 0,
      "sizeX:3": 24,
      "x:3": 528,
      "y:3": 60,
      "questIDLow:4": 1766,
      "sizeY:3": 24
    },
    "22:10": {
      "questIDHigh:4": 0,
      "sizeX:3": 24,
      "x:3": 528,
      "y:3": 12,
      "questIDLow:4": 1767,
      "sizeY:3": 24
    },
    "23:10": {
      "questIDHigh:4": 0,
      "sizeX:3": 24,
      "x:3": 528,
      "y:3": 156,
      "questIDLow:4": 1768,
      "sizeY:3": 24
    },
    "24:10": {
      "questIDHigh:4": 0,
      "sizeX:3": 24,
      "x:3": 528,
      "y:3": 108,
      "questIDLow:4": 1769,
      "sizeY:3": 24
    },
    "25:10": {
      "questIDHigh:4": 0,
      "sizeX:3": 24,
      "x:3": 528,
      "y:3": 204,
      "questIDLow:4": 1771,
      "sizeY:3": 24
    },
    "26:10": {
      "questIDHigh:4": 0,
      "sizeX:3": 24,
      "x:3": 564,
      "y:3": 12,
      "questIDLow:4": 1772,
      "sizeY:3": 24
    },
    "27:10": {
      "questIDHigh:4": 0,
      "sizeX:3": 24,
      "x:3": 564,
      "y:3": 60,
      "questIDLow:4": 1773,
      "sizeY:3": 24
    },
    "28:10": {
      "questIDHigh:4": 0,
      "sizeX:3": 24,
      "x:3": 564,
      "y:3": 108,
      "questIDLow:4": 1774,
      "sizeY:3": 24
    },
    "29:10": {
      "questIDHigh:4": 0,
      "sizeX:3": 24,
      "x:3": 564,
      "y:3": 156,
      "questIDLow:4": 1775,
      "sizeY:3": 24
    },
    "30:10": {
      "questIDHigh:4": 0,
      "sizeX:3": 24,
      "x:3": 564,
      "y:3": 204,
      "questIDLow:4": 1776,
      "sizeY:3": 24
    },
    "31:10": {
      "questIDHigh:4": 0,
      "sizeX:3": 24,
      "x:3": 468,
      "y:3": 60,
      "questIDLow:4": 1777,
      "sizeY:3": 24
    },
    "32:10": {
      "questIDHigh:4": 0,
      "sizeX:3": 24,
      "x:3": 96,
      "y:3": 84,
      "questIDLow:4": 1989,
      "sizeY:3": 24
    },
    "33:10": {
      "questIDHigh:4": 0,
      "sizeX:3": 24,
      "x:3": 180,
      "y:3": 36,
      "questIDLow:4": 1990,
      "sizeY:3": 24
    },
    "34:10": {
      "questIDHigh:4": 0,
      "sizeX:3": 24,
      "x:3": 132,
      "y:3": 12,
      "questIDLow:4": 1991,
      "sizeY:3": 24
    },
    "35:10": {
      "questIDHigh:4": 0,
      "sizeX:3": 24,
      "x:3": 192,
      "y:3": 180,
      "questIDLow:4": 1999,
      "sizeY:3": 24
    },
    "36:10": {
      "questIDHigh:4": 0,
      "sizeX:3": 24,
      "x:3": 0,
      "y:3": 132,
      "questIDLow:4": 2000,
      "sizeY:3": 24
    },
    "37:10": {
      "questIDHigh:4": 0,
      "sizeX:3": 24,
      "x:3": 48,
      "y:3": 180,
      "questIDLow:4": 2001,
      "sizeY:3": 24
    },
    "38:10": {
      "questIDHigh:4": 0,
      "sizeX:3": 24,
      "x:3": 0,
      "y:3": 180,
      "questIDLow:4": 2002,
      "sizeY:3": 24
    },
    "39:10": {
      "questIDHigh:4": 0,
      "sizeX:3": 24,
      "x:3": 0,
      "y:3": 228,
      "questIDLow:4": 2003,
      "sizeY:3": 24
    },
    "40:10": {
      "questIDHigh:4": 0,
      "sizeX:3": 24,
      "x:3": 48,
      "y:3": 228,
      "questIDLow:4": 2004,
      "sizeY:3": 24
    },
    "41:10": {
      "questIDHigh:4": 0,
      "sizeX:3": 24,
      "x:3": 192,
      "y:3": 84,
      "questIDLow:4": 2009,
      "sizeY:3": 24
    },
    "42:10": {
      "questIDHigh:4": 0,
      "sizeX:3": 24,
      "x:3": 96,
      "y:3": 180,
      "questIDLow:4": 2010,
      "sizeY:3": 24
    },
    "43:10": {
      "questIDHigh:4": 0,
      "sizeX:3": 24,
      "x:3": 96,
      "y:3": 228,
      "questIDLow:4": 2011,
      "sizeY:3": 24
    },
    "44:10": {
      "questIDHigh:4": 0,
      "sizeX:3": 24,
      "x:3": 144,
      "y:3": 180,
      "questIDLow:4": 2012,
      "sizeY:3": 24
    },
    "45:10": {
      "questIDHigh:4": 0,
      "sizeX:3": 24,
      "x:3": 144,
      "y:3": 228,
      "questIDLow:4": 2013,
      "sizeY:3": 24
    },
    "46:10": {
      "questIDHigh:4": 0,
      "sizeX:3": 24,
      "x:3": 192,
      "y:3": 228,
      "questIDLow:4": 2015,
      "sizeY:3": 24
    },
    "47:10": {
      "questIDHigh:4": 0,
      "sizeX:3": 24,
      "x:3": 0,
      "y:3": 84,
      "questIDLow:4": 2016,
      "sizeY:3": 24
    },
    "48:10": {
      "questIDHigh:4": 0,
      "sizeX:3": 24,
      "x:3": 192,
      "y:3": 132,
      "questIDLow:4": 2017,
      "sizeY:3": 24
    },
    "49:10": {
      "questIDHigh:4": 0,
      "sizeX:3": 24,
      "x:3": 60,
      "y:3": 12,
      "questIDLow:4": 2019,
      "sizeY:3": 24
    },
    "50:10": {
      "questIDHigh:4": 0,
      "sizeX:3": 24,
      "x:3": 420,
      "y:3": 60,
      "questIDLow:4": 2719,
      "sizeY:3": 24
    },
    "51:10": {
      "questIDHigh:4": 0,
      "sizeX:3": 24,
      "x:3": 12,
      "y:3": 36,
      "questIDLow:4": 2882,
      "sizeY:3": 24
    }
  },
  "questLineIDLow:4": 31,
  "questLineIDHigh:4": 0,
  "properties:10": {
    "betterquesting:10": {
      "visibility:8": "UNLOCKED",
      "name:8": "SFM and Computers",
      "icon:10": {
        "id:8": "OpenComputers:item",
        "Count:3": 1,
        "Damage:2": 103,
        "OreDict:8": ""
      },
      "bg_image:8": "",
      "bg_size:3": 256,
      "desc:8": "SFM and OC have your back for assline automation! And automating other stuff too complex for AE2, like infusion or blood altars. You can do a lot of cool stuff with OC, feel free to give it a try."
    }
  }
}