{
  "quests:9": {
    "0:10": {
      "questIDHigh:4": -9221365056374749165,
      "sizeX:3": 24,
      "x:3": 372,
      "y:3": 480,
      "questIDLow:4": -5074117915743852125,
      "sizeY:3": 24
    },
    "1:10": {
      "questIDHigh:4": -8926576748713917096,
      "sizeX:3": 24,
      "x:3": 432,
      "y:3": 420,
      "questIDLow:4": -5127090567145017193,
      "sizeY:3": 24
    },
    "2:10": {
      "questIDHigh:4": -6107209725455154402,
      "sizeX:3": 24,
      "x:3": 120,
      "y:3": 72,
      "questIDLow:4": -6913291740074859566,
      "sizeY:3": 24
    },
    "3:10": {
      "questIDHigh:4": -5910239891158052881,
      "sizeX:3": 24,
      "x:3": 444,
      "y:3": 288,
      "questIDLow:4": -6419188510011851715,
      "sizeY:3": 24
    },
    "4:10": {
      "questIDHigh:4": -4603000547969448882,
      "sizeX:3": 24,
      "x:3": 1116,
      "y:3": 264,
      "questIDLow:4": -8825008741784511339,
      "sizeY:3": 24
    },
    "5:10": {
      "questIDHigh:4": -3697109793471377464,
      "sizeX:3": 24,
      "x:3": 552,
      "y:3": 348,
      "questIDLow:4": -6780762385437645051,
      "sizeY:3": 24
    },
    "6:10": {
      "questIDHigh:4": -3089697472671825287,
      "sizeX:3": 48,
      "x:3": 432,
      "y:3": 336,
      "questIDLow:4": -4765124701548164912,
      "sizeY:3": 48
    },
    "7:10": {
      "questIDHigh:4": -2691556102324009881,
      "sizeX:3": 24,
      "x:3": 384,
      "y:3": 444,
      "questIDLow:4": -6186734719426077723,
      "sizeY:3": 24
    },
    "8:10": {
      "questIDHigh:4": -1979949026265248397,
      "sizeX:3": 24,
      "x:3": 360,
      "y:3": 516,
      "questIDLow:4": -5843632203454110643,
      "sizeY:3": 24
    },
    "9:10": {
      "questIDHigh:4": 0,
      "sizeX:3": 36,
      "x:3": 132,
      "y:3": 456,
      "questIDLow:4": 147,
      "sizeY:3": 36
    },
    "10:10": {
      "questIDHigh:4": 0,
      "sizeX:3": 24,
      "x:3": 720,
      "y:3": 24,
      "questIDLow:4": 204,
      "sizeY:3": 24
    },
    "11:10": {
      "questIDHigh:4": 0,
      "sizeX:3": 24,
      "x:3": 720,
      "y:3": 72,
      "questIDLow:4": 205,
      "sizeY:3": 24
    },
    "12:10": {
      "questIDHigh:4": 0,
      "sizeX:3": 24,
      "x:3": 444,
      "y:3": 204,
      "questIDLow:4": 214,
      "sizeY:3": 24
    },
    "13:10": {
      "questIDHigh:4": 0,
      "sizeX:3": 24,
      "x:3": 420,
      "y:3": 240,
      "questIDLow:4": 217,
      "sizeY:3": 24
    },
    "14:10": {
      "questIDHigh:4": 0,
      "sizeX:3": 24,
      "x:3": 468,
      "y:3": 240,
      "questIDLow:4": 218,
      "sizeY:3": 24
    },
    "15:10": {
      "questIDHigh:4": 0,
      "sizeX:3": 24,
      "x:3": 432,
      "y:3": 72,
      "questIDLow:4": 809,
      "sizeY:3": 24
    },
    "16:10": {
      "questIDHigh:4": 0,
      "sizeX:3": 24,
      "x:3": 324,
      "y:3": 168,
      "questIDLow:4": 810,
      "sizeY:3": 24
    },
    "17:10": {
      "questIDHigh:4": 0,
      "sizeX:3": 24,
      "x:3": 324,
      "y:3": 96,
      "questIDLow:4": 811,
      "sizeY:3": 24
    },
    "18:10": {
      "questIDHigh:4": 0,
      "sizeX:3": 24,
      "x:3": 324,
      "y:3": 60,
      "questIDLow:4": 812,
      "sizeY:3": 24
    },
    "19:10": {
      "questIDHigh:4": 0,
      "sizeX:3": 24,
      "x:3": 360,
      "y:3": 108,
      "questIDLow:4": 813,
      "sizeY:3": 24
    },
    "20:10": {
      "questIDHigh:4": 0,
      "sizeX:3": 24,
      "x:3": 288,
      "y:3": 108,
      "questIDLow:4": 814,
      "sizeY:3": 24
    },
    "21:10": {
      "questIDHigh:4": 0,
      "sizeX:3": 24,
      "x:3": 396,
      "y:3": 120,
      "questIDLow:4": 815,
      "sizeY:3": 24
    },
    "22:10": {
      "questIDHigh:4": 0,
      "sizeX:3": 24,
      "x:3": 432,
      "y:3": 144,
      "questIDLow:4": 816,
      "sizeY:3": 24
    },
    "23:10": {
      "questIDHigh:4": 0,
      "sizeX:3": 24,
      "x:3": 432,
      "y:3": 108,
      "questIDLow:4": 817,
      "sizeY:3": 24
    },
    "24:10": {
      "questIDHigh:4": 0,
      "sizeX:3": 24,
      "x:3": 396,
      "y:3": 84,
      "questIDLow:4": 818,
      "sizeY:3": 24
    },
    "25:10": {
      "questIDHigh:4": 0,
      "sizeX:3": 24,
      "x:3": 252,
      "y:3": 120,
      "questIDLow:4": 819,
      "sizeY:3": 24
    },
    "26:10": {
      "questIDHigh:4": 0,
      "sizeX:3": 24,
      "x:3": 288,
      "y:3": 168,
      "questIDLow:4": 820,
      "sizeY:3": 24
    },
    "27:10": {
      "questIDHigh:4": 0,
      "sizeX:3": 24,
      "x:3": 252,
      "y:3": 216,
      "questIDLow:4": 821,
      "sizeY:3": 24
    },
    "28:10": {
      "questIDHigh:4": 0,
      "sizeX:3": 24,
      "x:3": 468,
      "y:3": 0,
      "questIDLow:4": 822,
      "sizeY:3": 24
    },
    "29:10": {
      "questIDHigh:4": 0,
      "sizeX:3": 24,
      "x:3": 432,
      "y:3": 0,
      "questIDLow:4": 823,
      "sizeY:3": 24
    },
    "30:10": {
      "questIDHigh:4": 0,
      "sizeX:3": 24,
      "x:3": 468,
      "y:3": 36,
      "questIDLow:4": 824,
      "sizeY:3": 24
    },
    "31:10": {
      "questIDHigh:4": 0,
      "sizeX:3": 24,
      "x:3": 264,
      "y:3": 0,
      "questIDLow:4": 827,
      "sizeY:3": 24
    },
    "32:10": {
      "questIDHigh:4": 0,
      "sizeX:3": 24,
      "x:3": 432,
      "y:3": 36,
      "questIDLow:4": 828,
      "sizeY:3": 24
    },
    "33:10": {
      "questIDHigh:4": 0,
      "sizeX:3": 24,
      "x:3": 504,
      "y:3": 36,
      "questIDLow:4": 829,
      "sizeY:3": 24
    },
    "34:10": {
      "questIDHigh:4": 0,
      "sizeX:3": 24,
      "x:3": 504,
      "y:3": 0,
      "questIDLow:4": 830,
      "sizeY:3": 24
    },
    "35:10": {
      "questIDHigh:4": 0,
      "sizeX:3": 24,
      "x:3": 396,
      "y:3": 48,
      "questIDLow:4": 831,
      "sizeY:3": 24
    },
    "36:10": {
      "questIDHigh:4": 0,
      "sizeX:3": 24,
      "x:3": 360,
      "y:3": 48,
      "questIDLow:4": 832,
      "sizeY:3": 24
    },
    "37:10": {
      "questIDHigh:4": 0,
      "sizeX:3": 24,
      "x:3": 108,
      "y:3": 420,
      "questIDLow:4": 856,
      "sizeY:3": 24
    },
    "38:10": {
      "questIDHigh:4": 0,
      "sizeX:3": 24,
      "x:3": 108,
      "y:3": 384,
      "questIDLow:4": 857,
      "sizeY:3": 24
    },
    "39:10": {
      "questIDHigh:4": 0,
      "sizeX:3": 24,
      "x:3": 360,
      "y:3": 288,
      "questIDLow:4": 1067,
      "sizeY:3": 24
    },
    "40:10": {
      "questIDHigh:4": 0,
      "sizeX:3": 24,
      "x:3": 288,
      "y:3": 240,
      "questIDLow:4": 1068,
      "sizeY:3": 24
    },
    "41:10": {
      "questIDHigh:4": 0,
      "sizeX:3": 24,
      "x:3": 288,
      "y:3": 288,
      "questIDLow:4": 1072,
      "sizeY:3": 24
    },
    "42:10": {
      "questIDHigh:4": 0,
      "sizeX:3": 24,
      "x:3": 252,
      "y:3": 324,
      "questIDLow:4": 1371,
      "sizeY:3": 24
    },
    "43:10": {
      "questIDHigh:4": 0,
      "sizeX:3": 24,
      "x:3": 504,
      "y:3": 120,
      "questIDLow:4": 1426,
      "sizeY:3": 24
    },
    "44:10": {
      "questIDHigh:4": 0,
      "sizeX:3": 24,
      "x:3": 528,
      "y:3": 168,
      "questIDLow:4": 1427,
      "sizeY:3": 24
    },
    "45:10": {
      "questIDHigh:4": 0,
      "sizeX:3": 24,
      "x:3": 576,
      "y:3": 168,
      "questIDLow:4": 1428,
      "sizeY:3": 24
    },
    "46:10": {
      "questIDHigh:4": 0,
      "sizeX:3": 24,
      "x:3": 624,
      "y:3": 168,
      "questIDLow:4": 1429,
      "sizeY:3": 24
    },
    "47:10": {
      "questIDHigh:4": 0,
      "sizeX:3": 24,
      "x:3": 492,
      "y:3": 204,
      "questIDLow:4": 1430,
      "sizeY:3": 24
    },
    "48:10": {
      "questIDHigh:4": 0,
      "sizeX:3": 24,
      "x:3": 576,
      "y:3": 204,
      "questIDLow:4": 1431,
      "sizeY:3": 24
    },
    "49:10": {
      "questIDHigh:4": 0,
      "sizeX:3": 24,
      "x:3": 576,
      "y:3": 132,
      "questIDLow:4": 1432,
      "sizeY:3": 24
    },
    "50:10": {
      "questIDHigh:4": 0,
      "sizeX:3": 24,
      "x:3": 468,
      "y:3": 168,
      "questIDLow:4": 1433,
      "sizeY:3": 24
    },
    "51:10": {
      "questIDHigh:4": 0,
      "sizeX:3": 24,
      "x:3": 468,
      "y:3": 84,
      "questIDLow:4": 1434,
      "sizeY:3": 24
    },
    "52:10": {
      "questIDHigh:4": 0,
      "sizeX:3": 24,
      "x:3": 468,
      "y:3": 120,
      "questIDLow:4": 1435,
      "sizeY:3": 24
    },
    "53:10": {
      "questIDHigh:4": 0,
      "sizeX:3": 24,
      "x:3": 504,
      "y:3": 84,
      "questIDLow:4": 1436,
      "sizeY:3": 24
    },
    "54:10": {
      "questIDHigh:4": 0,
      "sizeX:3": 24,
      "x:3": 540,
      "y:3": 120,
      "questIDLow:4": 1437,
      "sizeY:3": 24
    },
    "55:10": {
      "questIDHigh:4": 0,
      "sizeX:3": 24,
      "x:3": 324,
      "y:3": 324,
      "questIDLow:4": 1439,
      "sizeY:3": 24
    },
    "56:10": {
      "questIDHigh:4": 0,
      "sizeX:3": 24,
      "x:3": 324,
      "y:3": 288,
      "questIDLow:4": 1440,
      "sizeY:3": 24
    },
    "57:10": {
      "questIDHigh:4": 0,
      "sizeX:3": 24,
      "x:3": 396,
      "y:3": 204,
      "questIDLow:4": 1441,
      "sizeY:3": 24
    },
    "58:10": {
      "questIDHigh:4": 0,
      "sizeX:3": 24,
      "x:3": 360,
      "y:3": 204,
      "questIDLow:4": 1445,
      "sizeY:3": 24
    },
    "59:10": {
      "questIDHigh:4": 0,
      "sizeX:3": 24,
      "x:3": 720,
      "y:3": 168,
      "questIDLow:4": 1446,
      "sizeY:3": 24
    },
    "60:10": {
      "questIDHigh:4": 0,
      "sizeX:3": 24,
      "x:3": 768,
      "y:3": 120,
      "questIDLow:4": 1447,
      "sizeY:3": 24
    },
    "61:10": {
      "questIDHigh:4": 0,
      "sizeX:3": 24,
      "x:3": 828,
      "y:3": 228,
      "questIDLow:4": 1448,
      "sizeY:3": 24
    },
    "62:10": {
      "questIDHigh:4": 0,
      "sizeX:3": 24,
      "x:3": 720,
      "y:3": 120,
      "questIDLow:4": 1449,
      "sizeY:3": 24
    },
    "63:10": {
      "questIDHigh:4": 0,
      "sizeX:3": 24,
      "x:3": 768,
      "y:3": 72,
      "questIDLow:4": 1450,
      "sizeY:3": 24
    },
    "64:10": {
      "questIDHigh:4": 0,
      "sizeX:3": 24,
      "x:3": 768,
      "y:3": 24,
      "questIDLow:4": 1451,
      "sizeY:3": 24
    },
    "65:10": {
      "questIDHigh:4": 0,
      "sizeX:3": 24,
      "x:3": 672,
      "y:3": 120,
      "questIDLow:4": 1452,
      "sizeY:3": 24
    },
    "66:10": {
      "questIDHigh:4": 0,
      "sizeX:3": 24,
      "x:3": 768,
      "y:3": 168,
      "questIDLow:4": 1453,
      "sizeY:3": 24
    },
    "67:10": {
      "questIDHigh:4": 0,
      "sizeX:3": 24,
      "x:3": 924,
      "y:3": 168,
      "questIDLow:4": 1454,
      "sizeY:3": 24
    },
    "68:10": {
      "questIDHigh:4": 0,
      "sizeX:3": 24,
      "x:3": 852,
      "y:3": 144,
      "questIDLow:4": 1456,
      "sizeY:3": 24
    },
    "69:10": {
      "questIDHigh:4": 0,
      "sizeX:3": 24,
      "x:3": 852,
      "y:3": 192,
      "questIDLow:4": 1457,
      "sizeY:3": 24
    },
    "70:10": {
      "questIDHigh:4": 0,
      "sizeX:3": 24,
      "x:3": 828,
      "y:3": 108,
      "questIDLow:4": 1458,
      "sizeY:3": 24
    },
    "71:10": {
      "questIDHigh:4": 0,
      "sizeX:3": 24,
      "x:3": 816,
      "y:3": 72,
      "questIDLow:4": 1459,
      "sizeY:3": 24
    },
    "72:10": {
      "questIDHigh:4": 0,
      "sizeX:3": 24,
      "x:3": 816,
      "y:3": 264,
      "questIDLow:4": 1460,
      "sizeY:3": 24
    },
    "73:10": {
      "questIDHigh:4": 0,
      "sizeX:3": 24,
      "x:3": 528,
      "y:3": 204,
      "questIDLow:4": 1462,
      "sizeY:3": 24
    },
    "74:10": {
      "questIDHigh:4": 0,
      "sizeX:3": 24,
      "x:3": 924,
      "y:3": 216,
      "questIDLow:4": 1463,
      "sizeY:3": 24
    },
    "75:10": {
      "questIDHigh:4": 0,
      "sizeX:3": 24,
      "x:3": 972,
      "y:3": 120,
      "questIDLow:4": 1464,
      "sizeY:3": 24
    },
    "76:10": {
      "questIDHigh:4": 0,
      "sizeX:3": 24,
      "x:3": 624,
      "y:3": 72,
      "questIDLow:4": 1465,
      "sizeY:3": 24
    },
    "77:10": {
      "questIDHigh:4": 0,
      "sizeX:3": 24,
      "x:3": 672,
      "y:3": 72,
      "questIDLow:4": 1466,
      "sizeY:3": 24
    },
    "78:10": {
      "questIDHigh:4": 0,
      "sizeX:3": 24,
      "x:3": 624,
      "y:3": 120,
      "questIDLow:4": 1467,
      "sizeY:3": 24
    },
    "79:10": {
      "questIDHigh:4": 0,
      "sizeX:3": 24,
      "x:3": 672,
      "y:3": 264,
      "questIDLow:4": 1468,
      "sizeY:3": 24
    },
    "80:10": {
      "questIDHigh:4": 0,
      "sizeX:3": 24,
      "x:3": 624,
      "y:3": 216,
      "questIDLow:4": 1469,
      "sizeY:3": 24
    },
    "81:10": {
      "questIDHigh:4": 0,
      "sizeX:3": 24,
      "x:3": 624,
      "y:3": 264,
      "questIDLow:4": 1470,
      "sizeY:3": 24
    },
    "82:10": {
      "questIDHigh:4": 0,
      "sizeX:3": 24,
      "x:3": 672,
      "y:3": 216,
      "questIDLow:4": 1471,
      "sizeY:3": 24
    },
    "83:10": {
      "questIDHigh:4": 0,
      "sizeX:3": 24,
      "x:3": 528,
      "y:3": 240,
      "questIDLow:4": 1472,
      "sizeY:3": 24
    },
    "84:10": {
      "questIDHigh:4": 0,
      "sizeX:3": 24,
      "x:3": 768,
      "y:3": 216,
      "questIDLow:4": 1473,
      "sizeY:3": 24
    },
    "85:10": {
      "questIDHigh:4": 0,
      "sizeX:3": 24,
      "x:3": 972,
      "y:3": 168,
      "questIDLow:4": 1530,
      "sizeY:3": 24
    },
    "86:10": {
      "questIDHigh:4": 0,
      "sizeX:3": 24,
      "x:3": 1068,
      "y:3": 168,
      "questIDLow:4": 1531,
      "sizeY:3": 24
    },
    "87:10": {
      "questIDHigh:4": 0,
      "sizeX:3": 24,
      "x:3": 1020,
      "y:3": 168,
      "questIDLow:4": 1532,
      "sizeY:3": 24
    },
    "88:10": {
      "questIDHigh:4": 0,
      "sizeX:3": 24,
      "x:3": 1068,
      "y:3": 216,
      "questIDLow:4": 1535,
      "sizeY:3": 24
    },
    "89:10": {
      "questIDHigh:4": 0,
      "sizeX:3": 24,
      "x:3": 1068,
      "y:3": 264,
      "questIDLow:4": 1723,
      "sizeY:3": 24
    },
    "90:10": {
      "questIDHigh:4": 0,
      "sizeX:3": 24,
      "x:3": 1068,
      "y:3": 312,
      "questIDLow:4": 1724,
      "sizeY:3": 24
    },
    "91:10": {
      "questIDHigh:4": 0,
      "sizeX:3": 24,
      "x:3": 1104,
      "y:3": 360,
      "questIDLow:4": 1725,
      "sizeY:3": 24
    },
    "92:10": {
      "questIDHigh:4": 0,
      "sizeX:3": 24,
      "x:3": 1068,
      "y:3": 480,
      "questIDLow:4": 1726,
      "sizeY:3": 24
    },
    "93:10": {
      "questIDHigh:4": 0,
      "sizeX:3": 24,
      "x:3": 996,
      "y:3": 348,
      "questIDLow:4": 1727,
      "sizeY:3": 24
    },
    "94:10": {
      "questIDHigh:4": 0,
      "sizeX:3": 24,
      "x:3": 1068,
      "y:3": 420,
      "questIDLow:4": 1728,
      "sizeY:3": 24
    },
    "95:10": {
      "questIDHigh:4": 0,
      "sizeX:3": 24,
      "x:3": 1032,
      "y:3": 360,
      "questIDLow:4": 1729,
      "sizeY:3": 24
    },
    "96:10": {
      "questIDHigh:4": 0,
      "sizeX:3": 24,
      "x:3": 1140,
      "y:3": 348,
      "questIDLow:4": 1730,
      "sizeY:3": 24
    },
    "97:10": {
      "questIDHigh:4": 0,
      "sizeX:3": 24,
      "x:3": 1068,
      "y:3": 372,
      "questIDLow:4": 1731,
      "sizeY:3": 24
    },
    "98:10": {
      "questIDHigh:4": 0,
      "sizeX:3": 24,
      "x:3": 1116,
      "y:3": 216,
      "questIDLow:4": 1732,
      "sizeY:3": 24
    },
    "99:10": {
      "questIDHigh:4": 0,
      "sizeX:3": 24,
      "x:3": 1116,
      "y:3": 168,
      "questIDLow:4": 1733,
      "sizeY:3": 24
    },
    "100:10": {
      "questIDHigh:4": 0,
      "sizeX:3": 24,
      "x:3": 1164,
      "y:3": 168,
      "questIDLow:4": 1734,
      "sizeY:3": 24
    },
    "101:10": {
      "questIDHigh:4": 0,
      "sizeX:3": 24,
      "x:3": 360,
      "y:3": 240,
      "questIDLow:4": 1742,
      "sizeY:3": 24
    },
    "102:10": {
      "questIDHigh:4": 0,
      "sizeX:3": 24,
      "x:3": 576,
      "y:3": 264,
      "questIDLow:4": 1743,
      "sizeY:3": 24
    },
    "103:10": {
      "questIDHigh:4": 0,
      "sizeX:3": 24,
      "x:3": 288,
      "y:3": 204,
      "questIDLow:4": 2072,
      "sizeY:3": 24
    },
    "104:10": {
      "questIDHigh:4": 0,
      "sizeX:3": 24,
      "x:3": 168,
      "y:3": 348,
      "questIDLow:4": 2293,
      "sizeY:3": 24
    },
    "105:10": {
      "questIDHigh:4": 0,
      "sizeX:3": 24,
      "x:3": 168,
      "y:3": 180,
      "questIDLow:4": 2394,
      "sizeY:3": 24
    },
    "106:10": {
      "questIDHigh:4": 0,
      "sizeX:3": 24,
      "x:3": 108,
      "y:3": 348,
      "questIDLow:4": 2395,
      "sizeY:3": 24
    },
    "107:10": {
      "questIDHigh:4": 0,
      "sizeX:3": 24,
      "x:3": 108,
      "y:3": 180,
      "questIDLow:4": 2396,
      "sizeY:3": 24
    },
    "108:10": {
      "questIDHigh:4": 0,
      "sizeX:3": 24,
      "x:3": 972,
      "y:3": 480,
      "questIDLow:4": 2639,
      "sizeY:3": 24
    },
    "109:10": {
      "questIDHigh:4": 0,
      "sizeX:3": 24,
      "x:3": 876,
      "y:3": 480,
      "questIDLow:4": 2640,
      "sizeY:3": 24
    },
    "110:10": {
      "questIDHigh:4": 0,
      "sizeX:3": 24,
      "x:3": 780,
      "y:3": 480,
      "questIDLow:4": 2641,
      "sizeY:3": 24
    },
    "111:10": {
      "questIDHigh:4": 0,
      "sizeX:3": 24,
      "x:3": 612,
      "y:3": 480,
      "questIDLow:4": 2642,
      "sizeY:3": 24
    },
    "112:10": {
      "questIDHigh:4": 0,
      "sizeX:3": 24,
      "x:3": 516,
      "y:3": 480,
      "questIDLow:4": 2643,
      "sizeY:3": 24
    },
    "113:10": {
      "questIDHigh:4": 0,
      "sizeX:3": 24,
      "x:3": 420,
      "y:3": 480,
      "questIDLow:4": 2644,
      "sizeY:3": 24
    },
    "114:10": {
      "questIDHigh:4": 0,
      "sizeX:3": 36,
      "x:3": 132,
      "y:3": 0,
      "questIDLow:4": 2684,
      "sizeY:3": 36
    },
    "115:10": {
      "questIDHigh:4": 0,
      "sizeX:3": 24,
      "x:3": 84,
      "y:3": 72,
      "questIDLow:4": 2685,
      "sizeY:3": 24
    },
    "116:10": {
      "questIDHigh:4": 0,
      "sizeX:3": 36,
      "x:3": 132,
      "y:3": 216,
      "questIDLow:4": 2686,
      "sizeY:3": 36
    },
    "117:10": {
      "questIDHigh:4": 0,
      "sizeX:3": 24,
      "x:3": 144,
      "y:3": 264,
      "questIDLow:4": 2687,
      "sizeY:3": 24
    },
    "118:10": {
      "questIDHigh:4": 0,
      "sizeX:3": 36,
      "x:3": 132,
      "y:3": 300,
      "questIDLow:4": 2688,
      "sizeY:3": 36
    },
    "119:10": {
      "questIDHigh:4": 0,
      "sizeX:3": 24,
      "x:3": 108,
      "y:3": 144,
      "questIDLow:4": 2690,
      "sizeY:3": 24
    },
    "120:10": {
      "questIDHigh:4": 0,
      "sizeX:3": 24,
      "x:3": 168,
      "y:3": 144,
      "questIDLow:4": 2691,
      "sizeY:3": 24
    },
    "121:10": {
      "questIDHigh:4": 0,
      "sizeX:3": 24,
      "x:3": 168,
      "y:3": 108,
      "questIDLow:4": 2692,
      "sizeY:3": 24
    },
    "122:10": {
      "questIDHigh:4": 0,
      "sizeX:3": 24,
      "x:3": 120,
      "y:3": 108,
      "questIDLow:4": 2693,
      "sizeY:3": 24
    },
    "123:10": {
      "questIDHigh:4": 0,
      "sizeX:3": 24,
      "x:3": 84,
      "y:3": 108,
      "questIDLow:4": 2694,
      "sizeY:3": 24
    },
    "124:10": {
      "questIDHigh:4": 0,
      "sizeX:3": 24,
      "x:3": 192,
      "y:3": 420,
      "questIDLow:4": 2695,
      "sizeY:3": 24
    },
    "125:10": {
      "questIDHigh:4": 0,
      "sizeX:3": 24,
      "x:3": 744,
      "y:3": 552,
      "questIDLow:4": 2702,
      "sizeY:3": 24
    },
    "126:10": {
      "questIDHigh:4": 0,
      "sizeX:3": 24,
      "x:3": 732,
      "y:3": 516,
      "questIDLow:4": 2703,
      "sizeY:3": 24
    },
    "127:10": {
      "questIDHigh:4": 0,
      "sizeX:3": 24,
      "x:3": 720,
      "y:3": 480,
      "questIDLow:4": 2704,
      "sizeY:3": 24
    },
    "128:10": {
      "questIDHigh:4": 0,
      "sizeX:3": 24,
      "x:3": 672,
      "y:3": 480,
      "questIDLow:4": 2705,
      "sizeY:3": 24
    },
    "129:10": {
      "questIDHigh:4": 0,
      "sizeX:3": 24,
      "x:3": 732,
      "y:3": 444,
      "questIDLow:4": 2706,
      "sizeY:3": 24
    },
    "130:10": {
      "questIDHigh:4": 0,
      "sizeX:3": 24,
      "x:3": 744,
      "y:3": 408,
      "questIDLow:4": 2707,
      "sizeY:3": 24
    },
    "131:10": {
      "questIDHigh:4": 0,
      "sizeX:3": 24,
      "x:3": 564,
      "y:3": 480,
      "questIDLow:4": 2708,
      "sizeY:3": 24
    },
    "132:10": {
      "questIDHigh:4": 0,
      "sizeX:3": 24,
      "x:3": 468,
      "y:3": 504,
      "questIDLow:4": 2709,
      "sizeY:3": 24
    },
    "133:10": {
      "questIDHigh:4": 0,
      "sizeX:3": 24,
      "x:3": 468,
      "y:3": 456,
      "questIDLow:4": 2710,
      "sizeY:3": 24
    },
    "134:10": {
      "questIDHigh:4": 0,
      "sizeX:3": 24,
      "x:3": 924,
      "y:3": 120,
      "questIDLow:4": 2723,
      "sizeY:3": 24
    },
    "135:10": {
      "questIDHigh:4": 0,
      "sizeX:3": 24,
      "x:3": 1020,
      "y:3": 216,
      "questIDLow:4": 2724,
      "sizeY:3": 24
    },
    "136:10": {
      "questIDHigh:4": 0,
      "sizeX:3": 24,
      "x:3": 324,
      "y:3": 0,
      "questIDLow:4": 2744,
      "sizeY:3": 24
    },
    "137:10": {
      "questIDHigh:4": 0,
      "sizeX:3": 24,
      "x:3": 828,
      "y:3": 480,
      "questIDLow:4": 2750,
      "sizeY:3": 24
    },
    "138:10": {
      "questIDHigh:4": 0,
      "sizeX:3": 24,
      "x:3": 924,
      "y:3": 480,
      "questIDLow:4": 2751,
      "sizeY:3": 24
    },
    "139:10": {
      "questIDHigh:4": 0,
      "sizeX:3": 24,
      "x:3": 1020,
      "y:3": 480,
      "questIDLow:4": 2752,
      "sizeY:3": 24
    },
    "140:10": {
      "questIDHigh:4": 0,
      "sizeX:3": 24,
      "x:3": 1164,
      "y:3": 216,
      "questIDLow:4": 2848,
      "sizeY:3": 24
    },
    "141:10": {
      "questIDHigh:4": 0,
      "sizeX:3": 24,
      "x:3": 1020,
      "y:3": 264,
      "questIDLow:4": 3037,
      "sizeY:3": 24
    },
    "142:10": {
      "questIDHigh:4": 0,
      "sizeX:3": 24,
      "x:3": 972,
      "y:3": 264,
      "questIDLow:4": 3209,
      "sizeY:3": 24
    },
    "143:10": {
      "questIDHigh:4": 1498473744964405337,
      "sizeX:3": 24,
      "x:3": 504,
      "y:3": 408,
      "questIDLow:4": -7583790943377787116,
      "sizeY:3": 24
    },
    "144:10": {
      "questIDHigh:4": 4152663040910640064,
      "sizeX:3": 24,
      "x:3": 504,
      "y:3": 348,
      "questIDLow:4": -8282566777789973916,
      "sizeY:3": 24
    },
    "145:10": {
      "questIDHigh:4": 4191930864154070359,
      "sizeX:3": 24,
      "x:3": 336,
      "y:3": 444,
      "questIDLow:4": -7352238207613032698,
      "sizeY:3": 24
    }
  },
  "questLineIDLow:4": 34,
  "questLineIDHigh:4": 0,
  "properties:10": {
    "betterquesting:10": {
      "visibility:8": "UNLOCKED",
      "name:8": "Space Race",
      "icon:10": {
        "id:8": "GalaxySpace:item.Tier6Rocket",
        "Count:3": 1,
        "Damage:2": 4,
        "OreDict:8": ""
      },
      "bg_image:8": "",
      "bg_size:3": 256,
      "desc:8": "A guide to help you start Galacticraft to reach the Moon and beyond"
    }
  }
}