{
  "quests:9": {
    "0:10": {
      "questIDHigh:4": -4705917817748305287,
      "sizeX:3": 48,
      "x:3": -168,
      "y:3": 600,
      "questIDLow:4": -6434507911289406845,
      "sizeY:3": 48
    },
    "1:10": {
      "questIDHigh:4": -2921755667014267581,
      "sizeX:3": 24,
      "x:3": -156,
      "y:3": 552,
      "questIDLow:4": -6876851311040355991,
      "sizeY:3": 24
    },
    "2:10": {
      "questIDHigh:4": 0,
      "sizeX:3": 24,
      "x:3": -12,
      "y:3": -24,
      "questIDLow:4": 609,
      "sizeY:3": 24
    },
    "3:10": {
      "questIDHigh:4": 0,
      "sizeX:3": 24,
      "x:3": -48,
      "y:3": 24,
      "questIDLow:4": 611,
      "sizeY:3": 24
    },
    "4:10": {
      "questIDHigh:4": 0,
      "sizeX:3": 24,
      "x:3": -84,
      "y:3": 24,
      "questIDLow:4": 612,
      "sizeY:3": 24
    },
    "5:10": {
      "questIDHigh:4": 0,
      "sizeX:3": 24,
      "x:3": 60,
      "y:3": 24,
      "questIDLow:4": 613,
      "sizeY:3": 24
    },
    "6:10": {
      "questIDHigh:4": 0,
      "sizeX:3": 24,
      "x:3": -12,
      "y:3": 24,
      "questIDLow:4": 614,
      "sizeY:3": 24
    },
    "7:10": {
      "questIDHigh:4": 0,
      "sizeX:3": 24,
      "x:3": 24,
      "y:3": 24,
      "questIDLow:4": 615,
      "sizeY:3": 24
    },
    "8:10": {
      "questIDHigh:4": 0,
      "sizeX:3": 24,
      "x:3": -12,
      "y:3": 72,
      "questIDLow:4": 619,
      "sizeY:3": 24
    },
    "9:10": {
      "questIDHigh:4": 0,
      "sizeX:3": 24,
      "x:3": 36,
      "y:3": 72,
      "questIDLow:4": 664,
      "sizeY:3": 24
    },
    "10:10": {
      "questIDHigh:4": 0,
      "sizeX:3": 24,
      "x:3": -12,
      "y:3": 120,
      "questIDLow:4": 758,
      "sizeY:3": 24
    },
    "11:10": {
      "questIDHigh:4": 0,
      "sizeX:3": 24,
      "x:3": -108,
      "y:3": 168,
      "questIDLow:4": 789,
      "sizeY:3": 24
    },
    "12:10": {
      "questIDHigh:4": 0,
      "sizeX:3": 24,
      "x:3": -60,
      "y:3": 168,
      "questIDLow:4": 790,
      "sizeY:3": 24
    },
    "13:10": {
      "questIDHigh:4": 0,
      "sizeX:3": 24,
      "x:3": -108,
      "y:3": 216,
      "questIDLow:4": 806,
      "sizeY:3": 24
    },
    "14:10": {
      "questIDHigh:4": 0,
      "sizeX:3": 24,
      "x:3": -60,
      "y:3": 216,
      "questIDLow:4": 807,
      "sizeY:3": 24
    },
    "15:10": {
      "questIDHigh:4": 0,
      "sizeX:3": 24,
      "x:3": 84,
      "y:3": 120,
      "questIDLow:4": 1082,
      "sizeY:3": 24
    },
    "16:10": {
      "questIDHigh:4": 0,
      "sizeX:3": 24,
      "x:3": 36,
      "y:3": 120,
      "questIDLow:4": 1083,
      "sizeY:3": 24
    },
    "17:10": {
      "questIDHigh:4": 0,
      "sizeX:3": 24,
      "x:3": 84,
      "y:3": 168,
      "questIDLow:4": 1142,
      "sizeY:3": 24
    },
    "18:10": {
      "questIDHigh:4": 0,
      "sizeX:3": 24,
      "x:3": -12,
      "y:3": 168,
      "questIDLow:4": 1143,
      "sizeY:3": 24
    },
    "19:10": {
      "questIDHigh:4": 0,
      "sizeX:3": 24,
      "x:3": 36,
      "y:3": 168,
      "questIDLow:4": 1144,
      "sizeY:3": 24
    },
    "20:10": {
      "questIDHigh:4": 0,
      "sizeX:3": 24,
      "x:3": 84,
      "y:3": 216,
      "questIDLow:4": 1262,
      "sizeY:3": 24
    },
    "21:10": {
      "questIDHigh:4": 0,
      "sizeX:3": 24,
      "x:3": -12,
      "y:3": 216,
      "questIDLow:4": 1264,
      "sizeY:3": 24
    },
    "22:10": {
      "questIDHigh:4": 0,
      "sizeX:3": 24,
      "x:3": 36,
      "y:3": 216,
      "questIDLow:4": 1265,
      "sizeY:3": 24
    },
    "23:10": {
      "questIDHigh:4": 0,
      "sizeX:3": 24,
      "x:3": -204,
      "y:3": 72,
      "questIDLow:4": 1266,
      "sizeY:3": 24
    },
    "24:10": {
      "questIDHigh:4": 0,
      "sizeX:3": 24,
      "x:3": -204,
      "y:3": 120,
      "questIDLow:4": 1267,
      "sizeY:3": 24
    },
    "25:10": {
      "questIDHigh:4": 0,
      "sizeX:3": 24,
      "x:3": -252,
      "y:3": 72,
      "questIDLow:4": 1268,
      "sizeY:3": 24
    },
    "26:10": {
      "questIDHigh:4": 0,
      "sizeX:3": 24,
      "x:3": -300,
      "y:3": 72,
      "questIDLow:4": 1269,
      "sizeY:3": 24
    },
    "27:10": {
      "questIDHigh:4": 0,
      "sizeX:3": 24,
      "x:3": -204,
      "y:3": 216,
      "questIDLow:4": 1418,
      "sizeY:3": 24
    },
    "28:10": {
      "questIDHigh:4": 0,
      "sizeX:3": 24,
      "x:3": 132,
      "y:3": 216,
      "questIDLow:4": 1820,
      "sizeY:3": 24
    },
    "29:10": {
      "questIDHigh:4": 0,
      "sizeX:3": 24,
      "x:3": -84,
      "y:3": 72,
      "questIDLow:4": 1821,
      "sizeY:3": 24
    },
    "30:10": {
      "questIDHigh:4": 0,
      "sizeX:3": 24,
      "x:3": -252,
      "y:3": 216,
      "questIDLow:4": 1822,
      "sizeY:3": 24
    },
    "31:10": {
      "questIDHigh:4": 0,
      "sizeX:3": 24,
      "x:3": 168,
      "y:3": 216,
      "questIDLow:4": 1825,
      "sizeY:3": 24
    },
    "32:10": {
      "questIDHigh:4": 0,
      "sizeX:3": 24,
      "x:3": 204,
      "y:3": 216,
      "questIDLow:4": 1826,
      "sizeY:3": 24
    },
    "33:10": {
      "questIDHigh:4": 0,
      "sizeX:3": 24,
      "x:3": 240,
      "y:3": 216,
      "questIDLow:4": 1827,
      "sizeY:3": 24
    },
    "34:10": {
      "questIDHigh:4": 0,
      "sizeX:3": 24,
      "x:3": 240,
      "y:3": 252,
      "questIDLow:4": 1828,
      "sizeY:3": 24
    },
    "35:10": {
      "questIDHigh:4": 0,
      "sizeX:3": 24,
      "x:3": 204,
      "y:3": 252,
      "questIDLow:4": 1829,
      "sizeY:3": 24
    },
    "36:10": {
      "questIDHigh:4": 0,
      "sizeX:3": 24,
      "x:3": 168,
      "y:3": 252,
      "questIDLow:4": 1830,
      "sizeY:3": 24
    },
    "37:10": {
      "questIDHigh:4": 0,
      "sizeX:3": 24,
      "x:3": -204,
      "y:3": 168,
      "questIDLow:4": 1922,
      "sizeY:3": 24
    },
    "38:10": {
      "questIDHigh:4": 0,
      "sizeX:3": 24,
      "x:3": -252,
      "y:3": 168,
      "questIDLow:4": 1923,
      "sizeY:3": 24
    },
    "39:10": {
      "questIDHigh:4": 0,
      "sizeX:3": 24,
      "x:3": -300,
      "y:3": 168,
      "questIDLow:4": 1924,
      "sizeY:3": 24
    },
    "40:10": {
      "questIDHigh:4": 0,
      "sizeX:3": 24,
      "x:3": -84,
      "y:3": 120,
      "questIDLow:4": 2144,
      "sizeY:3": 24
    },
    "41:10": {
      "questIDHigh:4": 0,
      "sizeX:3": 24,
      "x:3": -60,
      "y:3": 264,
      "questIDLow:4": 2148,
      "sizeY:3": 24
    },
    "42:10": {
      "questIDHigh:4": 0,
      "sizeX:3": 24,
      "x:3": -108,
      "y:3": 264,
      "questIDLow:4": 2149,
      "sizeY:3": 24
    },
    "43:10": {
      "questIDHigh:4": 0,
      "sizeX:3": 24,
      "x:3": -108,
      "y:3": 312,
      "questIDLow:4": 2150,
      "sizeY:3": 24
    },
    "44:10": {
      "questIDHigh:4": 0,
      "sizeX:3": 24,
      "x:3": -204,
      "y:3": 24,
      "questIDLow:4": 2161,
      "sizeY:3": 24
    },
    "45:10": {
      "questIDHigh:4": 0,
      "sizeX:3": 24,
      "x:3": -60,
      "y:3": 456,
      "questIDLow:4": 2586,
      "sizeY:3": 24
    },
    "46:10": {
      "questIDHigh:4": 0,
      "sizeX:3": 24,
      "x:3": -156,
      "y:3": 456,
      "questIDLow:4": 2700,
      "sizeY:3": 24
    },
    "47:10": {
      "questIDHigh:4": 0,
      "sizeX:3": 24,
      "x:3": -204,
      "y:3": 312,
      "questIDLow:4": 2731,
      "sizeY:3": 24
    },
    "48:10": {
      "questIDHigh:4": 0,
      "sizeX:3": 24,
      "x:3": -156,
      "y:3": 216,
      "questIDLow:4": 2732,
      "sizeY:3": 24
    },
    "49:10": {
      "questIDHigh:4": 0,
      "sizeX:3": 24,
      "x:3": -156,
      "y:3": 312,
      "questIDLow:4": 2733,
      "sizeY:3": 24
    },
    "50:10": {
      "questIDHigh:4": 0,
      "sizeX:3": 24,
      "x:3": -156,
      "y:3": 360,
      "questIDLow:4": 2734,
      "sizeY:3": 24
    },
    "51:10": {
      "questIDHigh:4": 0,
      "sizeX:3": 24,
      "x:3": -156,
      "y:3": 408,
      "questIDLow:4": 2735,
      "sizeY:3": 24
    },
    "52:10": {
      "questIDHigh:4": 0,
      "sizeX:3": 24,
      "x:3": -156,
      "y:3": 264,
      "questIDLow:4": 2894,
      "sizeY:3": 24
    },
    "53:10": {
      "questIDHigh:4": 0,
      "sizeX:3": 24,
      "x:3": 132,
      "y:3": 120,
      "questIDLow:4": 2971,
      "sizeY:3": 24
    },
    "54:10": {
      "questIDHigh:4": 0,
      "sizeX:3": 24,
      "x:3": 168,
      "y:3": 120,
      "questIDLow:4": 2972,
      "sizeY:3": 24
    },
    "55:10": {
      "questIDHigh:4": 0,
      "sizeX:3": 24,
      "x:3": 204,
      "y:3": 120,
      "questIDLow:4": 2973,
      "sizeY:3": 24
    },
    "56:10": {
      "questIDHigh:4": 0,
      "sizeX:3": 24,
      "x:3": -108,
      "y:3": 504,
      "questIDLow:4": 3235,
      "sizeY:3": 24
    },
    "57:10": {
      "questIDHigh:4": 0,
      "sizeX:3": 24,
      "x:3": -156,
      "y:3": 504,
      "questIDLow:4": 3295,
      "sizeY:3": 24
    },
    "58:10": {
      "questIDHigh:4": 1020064013494797697,
      "sizeX:3": 24,
      "x:3": 132,
      "y:3": 168,
      "questIDLow:4": -7126666155324853443,
      "sizeY:3": 24
    }
  },
  "questLineIDLow:4": 33,
  "questLineIDHigh:4": 0,
  "properties:10": {
    "betterquesting:10": {
      "visibility:8": "UNLOCKED",
      "name:8": "Storing and Transforming EU",
      "icon:10": {
        "id:8": "gregtech:gt.metaitem.01",
        "Count:3": 1,
        "tag:10": {
          "GT.ItemCharge:4": 100000
        },
        "Damage:2": 32518,
        "OreDict:8": ""
      },
      "bg_image:8": "",
      "bg_size:3": 256,
      "desc:8": "You can find ways to store EU here and ways to transform between voltages."
    }
  }
}