{
  "quests:9": {
    "0:10": {
      "questIDHigh:4": -7145832986633813492,
      "sizeX:3": 36,
      "x:3": 252,
      "y:3": 192,
      "questIDLow:4": -8869557855426175810,
      "sizeY:3": 36
    },
    "1:10": {
      "questIDHigh:4": -5265187815443250913,
      "sizeX:3": 48,
      "x:3": 1020,
      "y:3": 924,
      "questIDLow:4": -6160583425153700818,
      "sizeY:3": 48
    },
    "2:10": {
      "questIDHigh:4": -4899990373743507844,
      "sizeX:3": 48,
      "x:3": 972,
      "y:3": 756,
      "questIDLow:4": -7080110298779658056,
      "sizeY:3": 48
    },
    "3:10": {
      "questIDHigh:4": 0,
      "sizeX:3": 96,
      "x:3": 300,
      "y:3": 324,
      "questIDLow:4": 213,
      "sizeY:3": 96
    },
    "4:10": {
      "questIDHigh:4": 0,
      "sizeX:3": 72,
      "x:3": 312,
      "y:3": 528,
      "questIDLow:4": 215,
      "sizeY:3": 72
    },
    "5:10": {
      "questIDHigh:4": 0,
      "sizeX:3": 48,
      "x:3": 492,
      "y:3": 264,
      "questIDLow:4": 1409,
      "sizeY:3": 48
    },
    "6:10": {
      "questIDHigh:4": 0,
      "sizeX:3": 48,
      "x:3": 492,
      "y:3": 348,
      "questIDLow:4": 1410,
      "sizeY:3": 48
    },
    "7:10": {
      "questIDHigh:4": 0,
      "sizeX:3": 72,
      "x:3": 204,
      "y:3": 336,
      "questIDLow:4": 1413,
      "sizeY:3": 72
    },
    "8:10": {
      "questIDHigh:4": 0,
      "sizeX:3": 72,
      "x:3": 108,
      "y:3": 432,
      "questIDLow:4": 1414,
      "sizeY:3": 72
    },
    "9:10": {
      "questIDHigh:4": 0,
      "sizeX:3": 48,
      "x:3": 324,
      "y:3": 180,
      "questIDLow:4": 1416,
      "sizeY:3": 48
    },
    "10:10": {
      "questIDHigh:4": 0,
      "sizeX:3": 48,
      "x:3": 408,
      "y:3": 264,
      "questIDLow:4": 1522,
      "sizeY:3": 48
    },
    "11:10": {
      "questIDHigh:4": 0,
      "sizeX:3": 48,
      "x:3": 324,
      "y:3": 624,
      "questIDLow:4": 1533,
      "sizeY:3": 48
    },
    "12:10": {
      "questIDHigh:4": 0,
      "sizeX:3": 48,
      "x:3": 252,
      "y:3": 468,
      "questIDLow:4": 1534,
      "sizeY:3": 48
    },
    "13:10": {
      "questIDHigh:4": 0,
      "sizeX:3": 48,
      "x:3": 252,
      "y:3": 624,
      "questIDLow:4": 1538,
      "sizeY:3": 48
    },
    "14:10": {
      "questIDHigh:4": 0,
      "sizeX:3": 48,
      "x:3": 120,
      "y:3": 348,
      "questIDLow:4": 1539,
      "sizeY:3": 48
    },
    "15:10": {
      "questIDHigh:4": 0,
      "sizeX:3": 48,
      "x:3": 600,
      "y:3": 264,
      "questIDLow:4": 1665,
      "sizeY:3": 48
    },
    "16:10": {
      "questIDHigh:4": 0,
      "sizeX:3": 24,
      "x:3": 408,
      "y:3": 432,
      "questIDLow:4": 1666,
      "sizeY:3": 24
    },
    "17:10": {
      "questIDHigh:4": 0,
      "sizeX:3": 48,
      "x:3": 168,
      "y:3": 624,
      "questIDLow:4": 1667,
      "sizeY:3": 48
    },
    "18:10": {
      "questIDHigh:4": 0,
      "sizeX:3": 48,
      "x:3": 0,
      "y:3": 444,
      "questIDLow:4": 1669,
      "sizeY:3": 48
    },
    "19:10": {
      "questIDHigh:4": 0,
      "sizeX:3": 48,
      "x:3": 84,
      "y:3": 624,
      "questIDLow:4": 1670,
      "sizeY:3": 48
    },
    "20:10": {
      "questIDHigh:4": 0,
      "sizeX:3": 48,
      "x:3": 0,
      "y:3": 624,
      "questIDLow:4": 1671,
      "sizeY:3": 48
    },
    "21:10": {
      "questIDHigh:4": 0,
      "sizeX:3": 48,
      "x:3": 0,
      "y:3": 528,
      "questIDLow:4": 1673,
      "sizeY:3": 48
    },
    "22:10": {
      "questIDHigh:4": 0,
      "sizeX:3": 24,
      "x:3": 60,
      "y:3": 516,
      "questIDLow:4": 1674,
      "sizeY:3": 24
    },
    "23:10": {
      "questIDHigh:4": 0,
      "sizeX:3": 48,
      "x:3": 0,
      "y:3": 264,
      "questIDLow:4": 1678,
      "sizeY:3": 48
    },
    "24:10": {
      "questIDHigh:4": 0,
      "sizeX:3": 48,
      "x:3": 0,
      "y:3": 348,
      "questIDLow:4": 1679,
      "sizeY:3": 48
    },
    "25:10": {
      "questIDHigh:4": 0,
      "sizeX:3": 48,
      "x:3": 588,
      "y:3": 588,
      "questIDLow:4": 1691,
      "sizeY:3": 48
    },
    "26:10": {
      "questIDHigh:4": 0,
      "sizeX:3": 48,
      "x:3": 504,
      "y:3": 588,
      "questIDLow:4": 1692,
      "sizeY:3": 48
    },
    "27:10": {
      "questIDHigh:4": 0,
      "sizeX:3": 48,
      "x:3": 504,
      "y:3": 672,
      "questIDLow:4": 1693,
      "sizeY:3": 48
    },
    "28:10": {
      "questIDHigh:4": 0,
      "sizeX:3": 48,
      "x:3": 504,
      "y:3": 756,
      "questIDLow:4": 1694,
      "sizeY:3": 48
    },
    "29:10": {
      "questIDHigh:4": 0,
      "sizeX:3": 48,
      "x:3": 588,
      "y:3": 756,
      "questIDLow:4": 1695,
      "sizeY:3": 48
    },
    "30:10": {
      "questIDHigh:4": 0,
      "sizeX:3": 72,
      "x:3": 660,
      "y:3": 444,
      "questIDLow:4": 1696,
      "sizeY:3": 72
    },
    "31:10": {
      "questIDHigh:4": 0,
      "sizeX:3": 72,
      "x:3": 660,
      "y:3": 744,
      "questIDLow:4": 1697,
      "sizeY:3": 72
    },
    "32:10": {
      "questIDHigh:4": 0,
      "sizeX:3": 48,
      "x:3": 672,
      "y:3": 672,
      "questIDLow:4": 1698,
      "sizeY:3": 48
    },
    "33:10": {
      "questIDHigh:4": 0,
      "sizeX:3": 48,
      "x:3": 588,
      "y:3": 672,
      "questIDLow:4": 1699,
      "sizeY:3": 48
    },
    "34:10": {
      "questIDHigh:4": 0,
      "sizeX:3": 48,
      "x:3": 756,
      "y:3": 672,
      "questIDLow:4": 1700,
      "sizeY:3": 48
    },
    "35:10": {
      "questIDHigh:4": 0,
      "sizeX:3": 48,
      "x:3": 672,
      "y:3": 588,
      "questIDLow:4": 1701,
      "sizeY:3": 48
    },
    "36:10": {
      "questIDHigh:4": 0,
      "sizeX:3": 48,
      "x:3": 828,
      "y:3": 672,
      "questIDLow:4": 1702,
      "sizeY:3": 48
    },
    "37:10": {
      "questIDHigh:4": 0,
      "sizeX:3": 48,
      "x:3": 756,
      "y:3": 588,
      "questIDLow:4": 1703,
      "sizeY:3": 48
    },
    "38:10": {
      "questIDHigh:4": 0,
      "sizeX:3": 48,
      "x:3": 828,
      "y:3": 588,
      "questIDLow:4": 1704,
      "sizeY:3": 48
    },
    "39:10": {
      "questIDHigh:4": 0,
      "sizeX:3": 48,
      "x:3": 0,
      "y:3": 180,
      "questIDLow:4": 1705,
      "sizeY:3": 48
    },
    "40:10": {
      "questIDHigh:4": 0,
      "sizeX:3": 48,
      "x:3": 120,
      "y:3": 180,
      "questIDLow:4": 1706,
      "sizeY:3": 48
    },
    "41:10": {
      "questIDHigh:4": 0,
      "sizeX:3": 48,
      "x:3": 120,
      "y:3": 264,
      "questIDLow:4": 1707,
      "sizeY:3": 48
    },
    "42:10": {
      "questIDHigh:4": 0,
      "sizeX:3": 24,
      "x:3": 60,
      "y:3": 576,
      "questIDLow:4": 1712,
      "sizeY:3": 24
    },
    "43:10": {
      "questIDHigh:4": 0,
      "sizeX:3": 48,
      "x:3": 324,
      "y:3": 708,
      "questIDLow:4": 1715,
      "sizeY:3": 48
    },
    "44:10": {
      "questIDHigh:4": 0,
      "sizeX:3": 48,
      "x:3": 396,
      "y:3": 756,
      "questIDLow:4": 1716,
      "sizeY:3": 48
    },
    "45:10": {
      "questIDHigh:4": 0,
      "sizeX:3": 48,
      "x:3": 252,
      "y:3": 756,
      "questIDLow:4": 1717,
      "sizeY:3": 48
    },
    "46:10": {
      "questIDHigh:4": 0,
      "sizeX:3": 24,
      "x:3": 264,
      "y:3": 288,
      "questIDLow:4": 1718,
      "sizeY:3": 24
    },
    "47:10": {
      "questIDHigh:4": 0,
      "sizeX:3": 48,
      "x:3": 408,
      "y:3": 180,
      "questIDLow:4": 1890,
      "sizeY:3": 48
    },
    "48:10": {
      "questIDHigh:4": 0,
      "sizeX:3": 48,
      "x:3": 1056,
      "y:3": 456,
      "questIDLow:4": 2303,
      "sizeY:3": 48
    },
    "49:10": {
      "questIDHigh:4": 0,
      "sizeX:3": 48,
      "x:3": 888,
      "y:3": 348,
      "questIDLow:4": 2304,
      "sizeY:3": 48
    },
    "50:10": {
      "questIDHigh:4": 0,
      "sizeX:3": 48,
      "x:3": 972,
      "y:3": 348,
      "questIDLow:4": 2305,
      "sizeY:3": 48
    },
    "51:10": {
      "questIDHigh:4": 0,
      "sizeX:3": 48,
      "x:3": 888,
      "y:3": 264,
      "questIDLow:4": 2306,
      "sizeY:3": 48
    },
    "52:10": {
      "questIDHigh:4": 0,
      "sizeX:3": 48,
      "x:3": 1056,
      "y:3": 12,
      "questIDLow:4": 2307,
      "sizeY:3": 48
    },
    "53:10": {
      "questIDHigh:4": 0,
      "sizeX:3": 48,
      "x:3": 1140,
      "y:3": 456,
      "questIDLow:4": 2308,
      "sizeY:3": 48
    },
    "54:10": {
      "questIDHigh:4": 0,
      "sizeX:3": 48,
      "x:3": 1224,
      "y:3": 456,
      "questIDLow:4": 2309,
      "sizeY:3": 48
    },
    "55:10": {
      "questIDHigh:4": 0,
      "sizeX:3": 48,
      "x:3": 1140,
      "y:3": 348,
      "questIDLow:4": 2310,
      "sizeY:3": 48
    },
    "56:10": {
      "questIDHigh:4": 0,
      "sizeX:3": 48,
      "x:3": 252,
      "y:3": 540,
      "questIDLow:4": 2311,
      "sizeY:3": 48
    },
    "57:10": {
      "questIDHigh:4": 0,
      "sizeX:3": 48,
      "x:3": 804,
      "y:3": 264,
      "questIDLow:4": 2312,
      "sizeY:3": 48
    },
    "58:10": {
      "questIDHigh:4": 0,
      "sizeX:3": 48,
      "x:3": 804,
      "y:3": 180,
      "questIDLow:4": 2313,
      "sizeY:3": 48
    },
    "59:10": {
      "questIDHigh:4": 0,
      "sizeX:3": 48,
      "x:3": 888,
      "y:3": 180,
      "questIDLow:4": 2314,
      "sizeY:3": 48
    },
    "60:10": {
      "questIDHigh:4": 0,
      "sizeX:3": 48,
      "x:3": 804,
      "y:3": 348,
      "questIDLow:4": 2315,
      "sizeY:3": 48
    },
    "61:10": {
      "questIDHigh:4": 0,
      "sizeX:3": 48,
      "x:3": 804,
      "y:3": 96,
      "questIDLow:4": 2316,
      "sizeY:3": 48
    },
    "62:10": {
      "questIDHigh:4": 0,
      "sizeX:3": 48,
      "x:3": 720,
      "y:3": 348,
      "questIDLow:4": 2317,
      "sizeY:3": 48
    },
    "63:10": {
      "questIDHigh:4": 0,
      "sizeX:3": 48,
      "x:3": 720,
      "y:3": 12,
      "questIDLow:4": 2318,
      "sizeY:3": 48
    },
    "64:10": {
      "questIDHigh:4": 0,
      "sizeX:3": 48,
      "x:3": 720,
      "y:3": 96,
      "questIDLow:4": 2319,
      "sizeY:3": 48
    },
    "65:10": {
      "questIDHigh:4": 0,
      "sizeX:3": 48,
      "x:3": 600,
      "y:3": 180,
      "questIDLow:4": 2321,
      "sizeY:3": 48
    },
    "66:10": {
      "questIDHigh:4": 0,
      "sizeX:3": 48,
      "x:3": 1056,
      "y:3": 348,
      "questIDLow:4": 2322,
      "sizeY:3": 48
    },
    "67:10": {
      "questIDHigh:4": 0,
      "sizeX:3": 48,
      "x:3": 1056,
      "y:3": 264,
      "questIDLow:4": 2323,
      "sizeY:3": 48
    },
    "68:10": {
      "questIDHigh:4": 0,
      "sizeX:3": 48,
      "x:3": 1056,
      "y:3": 180,
      "questIDLow:4": 2324,
      "sizeY:3": 48
    },
    "69:10": {
      "questIDHigh:4": 0,
      "sizeX:3": 48,
      "x:3": 972,
      "y:3": 96,
      "questIDLow:4": 2325,
      "sizeY:3": 48
    },
    "70:10": {
      "questIDHigh:4": 0,
      "sizeX:3": 48,
      "x:3": 972,
      "y:3": 12,
      "questIDLow:4": 2326,
      "sizeY:3": 48
    },
    "71:10": {
      "questIDHigh:4": 0,
      "sizeX:3": 48,
      "x:3": 1140,
      "y:3": 12,
      "questIDLow:4": 2327,
      "sizeY:3": 48
    },
    "72:10": {
      "questIDHigh:4": 0,
      "sizeX:3": 48,
      "x:3": 1224,
      "y:3": 12,
      "questIDLow:4": 2328,
      "sizeY:3": 48
    },
    "73:10": {
      "questIDHigh:4": 0,
      "sizeX:3": 72,
      "x:3": 1212,
      "y:3": 168,
      "questIDLow:4": 2329,
      "sizeY:3": 72
    },
    "74:10": {
      "questIDHigh:4": 0,
      "sizeX:3": 72,
      "x:3": 588,
      "y:3": 0,
      "questIDLow:4": 2330,
      "sizeY:3": 72
    },
    "75:10": {
      "questIDHigh:4": 0,
      "sizeX:3": 72,
      "x:3": 708,
      "y:3": 168,
      "questIDLow:4": 2331,
      "sizeY:3": 72
    },
    "76:10": {
      "questIDHigh:4": 0,
      "sizeX:3": 48,
      "x:3": 324,
      "y:3": 96,
      "questIDLow:4": 2667,
      "sizeY:3": 48
    },
    "77:10": {
      "questIDHigh:4": 0,
      "sizeX:3": 48,
      "x:3": 396,
      "y:3": 672,
      "questIDLow:4": 2698,
      "sizeY:3": 48
    },
    "78:10": {
      "questIDHigh:4": 0,
      "sizeX:3": 48,
      "x:3": 492,
      "y:3": 180,
      "questIDLow:4": 2830,
      "sizeY:3": 48
    },
    "79:10": {
      "questIDHigh:4": 0,
      "sizeX:3": 48,
      "x:3": 1224,
      "y:3": 348,
      "questIDLow:4": 2878,
      "sizeY:3": 48
    },
    "80:10": {
      "questIDHigh:4": 0,
      "sizeX:3": 48,
      "x:3": 1056,
      "y:3": 96,
      "questIDLow:4": 2879,
      "sizeY:3": 48
    },
    "81:10": {
      "questIDHigh:4": 0,
      "sizeX:3": 48,
      "x:3": 972,
      "y:3": 180,
      "questIDLow:4": 2880,
      "sizeY:3": 48
    },
    "82:10": {
      "questIDHigh:4": 0,
      "sizeX:3": 48,
      "x:3": 888,
      "y:3": 96,
      "questIDLow:4": 2881,
      "sizeY:3": 48
    },
    "83:10": {
      "questIDHigh:4": 0,
      "sizeX:3": 48,
      "x:3": 888,
      "y:3": 12,
      "questIDLow:4": 2883,
      "sizeY:3": 48
    },
    "84:10": {
      "questIDHigh:4": 0,
      "sizeX:3": 48,
      "x:3": 804,
      "y:3": 12,
      "questIDLow:4": 2884,
      "sizeY:3": 48
    },
    "85:10": {
      "questIDHigh:4": 0,
      "sizeX:3": 24,
      "x:3": 252,
      "y:3": 432,
      "questIDLow:4": 2918,
      "sizeY:3": 24
    },
    "86:10": {
      "questIDHigh:4": 0,
      "sizeX:3": 72,
      "x:3": 1044,
      "y:3": 576,
      "questIDLow:4": 3043,
      "sizeY:3": 72
    },
    "87:10": {
      "questIDHigh:4": 0,
      "sizeX:3": 48,
      "x:3": 1056,
      "y:3": 672,
      "questIDLow:4": 3044,
      "sizeY:3": 48
    },
    "88:10": {
      "questIDHigh:4": 0,
      "sizeX:3": 48,
      "x:3": 1140,
      "y:3": 672,
      "questIDLow:4": 3045,
      "sizeY:3": 48
    },
    "89:10": {
      "questIDHigh:4": 0,
      "sizeX:3": 48,
      "x:3": 1056,
      "y:3": 756,
      "questIDLow:4": 3046,
      "sizeY:3": 48
    },
    "90:10": {
      "questIDHigh:4": 0,
      "sizeX:3": 48,
      "x:3": 1140,
      "y:3": 588,
      "questIDLow:4": 3047,
      "sizeY:3": 48
    },
    "91:10": {
      "questIDHigh:4": 0,
      "sizeX:3": 48,
      "x:3": 1224,
      "y:3": 672,
      "questIDLow:4": 3048,
      "sizeY:3": 48
    },
    "92:10": {
      "questIDHigh:4": 0,
      "sizeX:3": 48,
      "x:3": 1224,
      "y:3": 588,
      "questIDLow:4": 3049,
      "sizeY:3": 48
    },
    "93:10": {
      "questIDHigh:4": 0,
      "sizeX:3": 72,
      "x:3": 1296,
      "y:3": 660,
      "questIDLow:4": 3050,
      "sizeY:3": 72
    },
    "94:10": {
      "questIDHigh:4": 0,
      "sizeX:3": 48,
      "x:3": 1308,
      "y:3": 588,
      "questIDLow:4": 3051,
      "sizeY:3": 48
    },
    "95:10": {
      "questIDHigh:4": 0,
      "sizeX:3": 72,
      "x:3": 1380,
      "y:3": 576,
      "questIDLow:4": 3052,
      "sizeY:3": 72
    },
    "96:10": {
      "questIDHigh:4": 0,
      "sizeX:3": 48,
      "x:3": 1140,
      "y:3": 756,
      "questIDLow:4": 3053,
      "sizeY:3": 48
    },
    "97:10": {
      "questIDHigh:4": 0,
      "sizeX:3": 48,
      "x:3": 1224,
      "y:3": 756,
      "questIDLow:4": 3054,
      "sizeY:3": 48
    },
    "98:10": {
      "questIDHigh:4": 0,
      "sizeX:3": 48,
      "x:3": 1308,
      "y:3": 756,
      "questIDLow:4": 3055,
      "sizeY:3": 48
    },
    "99:10": {
      "questIDHigh:4": 0,
      "sizeX:3": 48,
      "x:3": 1392,
      "y:3": 756,
      "questIDLow:4": 3056,
      "sizeY:3": 48
    },
    "100:10": {
      "questIDHigh:4": 0,
      "sizeX:3": 48,
      "x:3": 1308,
      "y:3": 840,
      "questIDLow:4": 3057,
      "sizeY:3": 48
    },
    "101:10": {
      "questIDHigh:4": 0,
      "sizeX:3": 48,
      "x:3": 1392,
      "y:3": 672,
      "questIDLow:4": 3058,
      "sizeY:3": 48
    },
    "102:10": {
      "questIDHigh:4": 0,
      "sizeX:3": 48,
      "x:3": 1224,
      "y:3": 840,
      "questIDLow:4": 3059,
      "sizeY:3": 48
    },
    "103:10": {
      "questIDHigh:4": 0,
      "sizeX:3": 48,
      "x:3": 1224,
      "y:3": 924,
      "questIDLow:4": 3060,
      "sizeY:3": 48
    },
    "104:10": {
      "questIDHigh:4": 0,
      "sizeX:3": 48,
      "x:3": 1308,
      "y:3": 924,
      "questIDLow:4": 3061,
      "sizeY:3": 48
    },
    "105:10": {
      "questIDHigh:4": 0,
      "sizeX:3": 48,
      "x:3": 1140,
      "y:3": 840,
      "questIDLow:4": 3062,
      "sizeY:3": 48
    },
    "106:10": {
      "questIDHigh:4": 0,
      "sizeX:3": 48,
      "x:3": 1140,
      "y:3": 924,
      "questIDLow:4": 3063,
      "sizeY:3": 48
    },
    "107:10": {
      "questIDHigh:4": 0,
      "sizeX:3": 48,
      "x:3": 1140,
      "y:3": 1008,
      "questIDLow:4": 3064,
      "sizeY:3": 48
    },
    "108:10": {
      "questIDHigh:4": 0,
      "sizeX:3": 48,
      "x:3": 1224,
      "y:3": 1008,
      "questIDLow:4": 3065,
      "sizeY:3": 48
    },
    "109:10": {
      "questIDHigh:4": 0,
      "sizeX:3": 48,
      "x:3": 1308,
      "y:3": 1008,
      "questIDLow:4": 3066,
      "sizeY:3": 48
    },
    "110:10": {
      "questIDHigh:4": 0,
      "sizeX:3": 48,
      "x:3": 1392,
      "y:3": 924,
      "questIDLow:4": 3067,
      "sizeY:3": 48
    },
    "111:10": {
      "questIDHigh:4": 0,
      "sizeX:3": 48,
      "x:3": 1392,
      "y:3": 1008,
      "questIDLow:4": 3068,
      "sizeY:3": 48
    },
    "112:10": {
      "questIDHigh:4": 0,
      "sizeX:3": 24,
      "x:3": 204,
      "y:3": 432,
      "questIDLow:4": 3076,
      "sizeY:3": 24
    },
    "113:10": {
      "questIDHigh:4": 0,
      "sizeX:3": 72,
      "x:3": 1380,
      "y:3": 828,
      "questIDLow:4": 3079,
      "sizeY:3": 72
    },
    "114:10": {
      "questIDHigh:4": 0,
      "sizeX:3": 48,
      "x:3": 1224,
      "y:3": 1092,
      "questIDLow:4": 3080,
      "sizeY:3": 48
    },
    "115:10": {
      "questIDHigh:4": 0,
      "sizeX:3": 48,
      "x:3": 1308,
      "y:3": 1092,
      "questIDLow:4": 3081,
      "sizeY:3": 48
    },
    "116:10": {
      "questIDHigh:4": 0,
      "sizeX:3": 48,
      "x:3": 1140,
      "y:3": 1092,
      "questIDLow:4": 3082,
      "sizeY:3": 48
    },
    "117:10": {
      "questIDHigh:4": 0,
      "sizeX:3": 48,
      "x:3": 972,
      "y:3": 672,
      "questIDLow:4": 3083,
      "sizeY:3": 48
    },
    "118:10": {
      "questIDHigh:4": 0,
      "sizeX:3": 48,
      "x:3": 1308,
      "y:3": 1176,
      "questIDLow:4": 3084,
      "sizeY:3": 48
    },
    "119:10": {
      "questIDHigh:4": 0,
      "sizeX:3": 48,
      "x:3": 1392,
      "y:3": 1176,
      "questIDLow:4": 3085,
      "sizeY:3": 48
    },
    "120:10": {
      "questIDHigh:4": 0,
      "sizeX:3": 48,
      "x:3": 1392,
      "y:3": 1092,
      "questIDLow:4": 3086,
      "sizeY:3": 48
    },
    "121:10": {
      "questIDHigh:4": 0,
      "sizeX:3": 48,
      "x:3": 972,
      "y:3": 588,
      "questIDLow:4": 3087,
      "sizeY:3": 48
    },
    "122:10": {
      "questIDHigh:4": 0,
      "sizeX:3": 72,
      "x:3": 1464,
      "y:3": 1080,
      "questIDLow:4": 3088,
      "sizeY:3": 72
    },
    "123:10": {
      "questIDHigh:4": 679876563460966933,
      "sizeX:3": 48,
      "x:3": 924,
      "y:3": 924,
      "questIDLow:4": -6274099661929415720,
      "sizeY:3": 48
    },
    "124:10": {
      "questIDHigh:4": 3665289223094290964,
      "sizeX:3": 24,
      "x:3": 300,
      "y:3": 432,
      "questIDLow:4": -7903790571940902730,
      "sizeY:3": 24
    },
    "125:10": {
      "questIDHigh:4": 5227173618204954175,
      "sizeX:3": 36,
      "x:3": 252,
      "y:3": 144,
      "questIDLow:4": -8885151988130024871,
      "sizeY:3": 36
    },
    "126:10": {
      "questIDHigh:4": 6063490287807712670,
      "sizeX:3": 24,
      "x:3": 72,
      "y:3": 408,
      "questIDLow:4": -6601301260503824958,
      "sizeY:3": 24
    },
    "127:10": {
      "questIDHigh:4": 7312870939493747973,
      "sizeX:3": 48,
      "x:3": 972,
      "y:3": 840,
      "questIDLow:4": -4993634693115988771,
      "sizeY:3": 48
    },
    "128:10": {
      "questIDHigh:4": 9150468808087585802,
      "sizeX:3": 38,
      "x:3": 192,
      "y:3": 192,
      "questIDLow:4": -6939821207402967394,
      "sizeY:3": 36
    }
  },
  "questLineIDLow:4": 7,
  "questLineIDHigh:4": 0,
  "properties:10": {
    "betterquesting:10": {
      "visibility:8": "UNLOCKED",
      "name:8": "Tier 5 - IV",
      "icon:10": {
        "id:8": "gregtech:gt.blockmachines",
        "Count:3": 1,
        "Damage:2": 1170,
        "OreDict:8": ""
      },
      "bg_image:8": "",
      "bg_size:3": 256,
      "desc:8": "This tier is all about the platline, and making the assembly line. They\u0027re both super hard , but necessary. This is probably where most people drop out. Good luck!"
    }
  }
}