{
  "quests:9": {
    "0:10": {
      "questIDHigh:4": -9177469786095531506,
      "sizeX:3": 36,
      "x:3": 192,
      "y:3": -24,
      "questIDLow:4": -4804005527088963644,
      "sizeY:3": 36
    },
    "1:10": {
      "questIDHigh:4": -5919330363668675619,
      "sizeX:3": 36,
      "x:3": 144,
      "y:3": -24,
      "questIDLow:4": -5799940466139612122,
      "sizeY:3": 36
    },
    "2:10": {
      "questIDHigh:4": -4358820164657854111,
      "sizeX:3": 24,
      "x:3": 264,
      "y:3": 108,
      "questIDLow:4": -6507513553367570596,
      "sizeY:3": 24
    },
    "3:10": {
      "questIDHigh:4": -3851320157299783347,
      "sizeX:3": 24,
      "x:3": 300,
      "y:3": 108,
      "questIDLow:4": -8574346973951287410,
      "sizeY:3": 24
    },
    "4:10": {
      "questIDHigh:4": 0,
      "sizeX:3": 48,
      "x:3": 384,
      "y:3": 360,
      "questIDLow:4": 1198,
      "sizeY:3": 48
    },
    "5:10": {
      "questIDHigh:4": 0,
      "sizeX:3": 24,
      "x:3": 372,
      "y:3": 432,
      "questIDLow:4": 1202,
      "sizeY:3": 24
    },
    "6:10": {
      "questIDHigh:4": 0,
      "sizeX:3": 24,
      "x:3": 420,
      "y:3": 432,
      "questIDLow:4": 1203,
      "sizeY:3": 24
    },
    "7:10": {
      "questIDHigh:4": 0,
      "sizeX:3": 24,
      "x:3": 252,
      "y:3": 216,
      "questIDLow:4": 1840,
      "sizeY:3": 24
    },
    "8:10": {
      "questIDHigh:4": 0,
      "sizeX:3": 48,
      "x:3": 192,
      "y:3": 144,
      "questIDLow:4": 2007,
      "sizeY:3": 48
    },
    "9:10": {
      "questIDHigh:4": 0,
      "sizeX:3": 48,
      "x:3": 192,
      "y:3": 252,
      "questIDLow:4": 2008,
      "sizeY:3": 48
    },
    "10:10": {
      "questIDHigh:4": 0,
      "sizeX:3": 48,
      "x:3": 480,
      "y:3": 252,
      "questIDLow:4": 2041,
      "sizeY:3": 48
    },
    "11:10": {
      "questIDHigh:4": 0,
      "sizeX:3": 72,
      "x:3": 468,
      "y:3": 132,
      "questIDLow:4": 2613,
      "sizeY:3": 72
    },
    "12:10": {
      "questIDHigh:4": 0,
      "sizeX:3": 48,
      "x:3": 480,
      "y:3": 36,
      "questIDLow:4": 2614,
      "sizeY:3": 48
    },
    "13:10": {
      "questIDHigh:4": 0,
      "sizeX:3": 48,
      "x:3": 288,
      "y:3": 252,
      "questIDLow:4": 2615,
      "sizeY:3": 48
    },
    "14:10": {
      "questIDHigh:4": 0,
      "sizeX:3": 48,
      "x:3": 384,
      "y:3": 252,
      "questIDLow:4": 2620,
      "sizeY:3": 48
    },
    "15:10": {
      "questIDHigh:4": 0,
      "sizeX:3": 48,
      "x:3": 288,
      "y:3": 360,
      "questIDLow:4": 2623,
      "sizeY:3": 48
    },
    "16:10": {
      "questIDHigh:4": 0,
      "sizeX:3": 48,
      "x:3": 384,
      "y:3": 36,
      "questIDLow:4": 2626,
      "sizeY:3": 48
    },
    "17:10": {
      "questIDHigh:4": 0,
      "sizeX:3": 48,
      "x:3": 384,
      "y:3": 144,
      "questIDLow:4": 2628,
      "sizeY:3": 48
    },
    "18:10": {
      "questIDHigh:4": 0,
      "sizeX:3": 48,
      "x:3": 480,
      "y:3": 360,
      "questIDLow:4": 2633,
      "sizeY:3": 48
    },
    "19:10": {
      "questIDHigh:4": 0,
      "sizeX:3": 48,
      "x:3": 288,
      "y:3": 36,
      "questIDLow:4": 2635,
      "sizeY:3": 48
    },
    "20:10": {
      "questIDHigh:4": 0,
      "sizeX:3": 24,
      "x:3": 336,
      "y:3": 108,
      "questIDLow:4": 2638,
      "sizeY:3": 24
    },
    "21:10": {
      "questIDHigh:4": 0,
      "sizeX:3": 24,
      "x:3": 576,
      "y:3": 132,
      "questIDLow:4": 2647,
      "sizeY:3": 24
    },
    "22:10": {
      "questIDHigh:4": 0,
      "sizeX:3": 48,
      "x:3": 96,
      "y:3": 36,
      "questIDLow:4": 2649,
      "sizeY:3": 48
    },
    "23:10": {
      "questIDHigh:4": 0,
      "sizeX:3": 48,
      "x:3": 0,
      "y:3": 36,
      "questIDLow:4": 2650,
      "sizeY:3": 48
    },
    "24:10": {
      "questIDHigh:4": 0,
      "sizeX:3": 48,
      "x:3": 192,
      "y:3": 36,
      "questIDLow:4": 2651,
      "sizeY:3": 48
    },
    "25:10": {
      "questIDHigh:4": 0,
      "sizeX:3": 48,
      "x:3": 0,
      "y:3": 144,
      "questIDLow:4": 2652,
      "sizeY:3": 48
    },
    "26:10": {
      "questIDHigh:4": 0,
      "sizeX:3": 48,
      "x:3": 0,
      "y:3": 252,
      "questIDLow:4": 2653,
      "sizeY:3": 48
    },
    "27:10": {
      "questIDHigh:4": 0,
      "sizeX:3": 48,
      "x:3": 0,
      "y:3": 360,
      "questIDLow:4": 2654,
      "sizeY:3": 48
    },
    "28:10": {
      "questIDHigh:4": 0,
      "sizeX:3": 48,
      "x:3": 96,
      "y:3": 360,
      "questIDLow:4": 2655,
      "sizeY:3": 48
    },
    "29:10": {
      "questIDHigh:4": 0,
      "sizeX:3": 48,
      "x:3": 192,
      "y:3": 360,
      "questIDLow:4": 2656,
      "sizeY:3": 48
    },
    "30:10": {
      "questIDHigh:4": 0,
      "sizeX:3": 24,
      "x:3": 492,
      "y:3": -12,
      "questIDLow:4": 2670,
      "sizeY:3": 24
    },
    "31:10": {
      "questIDHigh:4": 0,
      "sizeX:3": 48,
      "x:3": 576,
      "y:3": 252,
      "questIDLow:4": 2673,
      "sizeY:3": 48
    },
    "32:10": {
      "questIDHigh:4": 0,
      "sizeX:3": 24,
      "x:3": 204,
      "y:3": 108,
      "questIDLow:4": 2699,
      "sizeY:3": 24
    },
    "33:10": {
      "questIDHigh:4": 0,
      "sizeX:3": 24,
      "x:3": 108,
      "y:3": 108,
      "questIDLow:4": 2711,
      "sizeY:3": 24
    },
    "34:10": {
      "questIDHigh:4": 0,
      "sizeX:3": 24,
      "x:3": 108,
      "y:3": 156,
      "questIDLow:4": 2712,
      "sizeY:3": 24
    },
    "35:10": {
      "questIDHigh:4": 0,
      "sizeX:3": 24,
      "x:3": 108,
      "y:3": 204,
      "questIDLow:4": 2713,
      "sizeY:3": 24
    },
    "36:10": {
      "questIDHigh:4": 0,
      "sizeX:3": 24,
      "x:3": 108,
      "y:3": 252,
      "questIDLow:4": 2714,
      "sizeY:3": 24
    },
    "37:10": {
      "questIDHigh:4": 0,
      "sizeX:3": 24,
      "x:3": 108,
      "y:3": 300,
      "questIDLow:4": 2715,
      "sizeY:3": 24
    },
    "38:10": {
      "questIDHigh:4": 0,
      "sizeX:3": 24,
      "x:3": 12,
      "y:3": -12,
      "questIDLow:4": 3273,
      "sizeY:3": 24
    },
    "39:10": {
      "questIDHigh:4": 0,
      "sizeX:3": 24,
      "x:3": 60,
      "y:3": -12,
      "questIDLow:4": 3274,
      "sizeY:3": 24
    },
    "40:10": {
      "questIDHigh:4": 0,
      "sizeX:3": 24,
      "x:3": 108,
      "y:3": -12,
      "questIDLow:4": 3279,
      "sizeY:3": 24
    },
    "41:10": {
      "questIDHigh:4": 0,
      "sizeX:3": 24,
      "x:3": 576,
      "y:3": 180,
      "questIDLow:4": 3282,
      "sizeY:3": 24
    },
    "42:10": {
      "questIDHigh:4": 0,
      "sizeX:3": 48,
      "x:3": 288,
      "y:3": 444,
      "questIDLow:4": 3283,
      "sizeY:3": 48
    },
    "43:10": {
      "questIDHigh:4": 3400405695913021327,
      "sizeX:3": 36,
      "x:3": 240,
      "y:3": -24,
      "questIDLow:4": -4661739323824919812,
      "sizeY:3": 36
    }
  },
  "questLineIDLow:4": 45,
  "questLineIDHigh:4": 0,
  "properties:10": {
    "betterquesting:10": {
      "visibility:8": "UNLOCKED",
      "name:8": "Tier 8 - UV",
      "icon:10": {
        "id:8": "gregtech:gt.blockmachines",
        "Count:3": 1,
        "Damage:2": 15331,
        "OreDict:8": ""
      },
      "bg_image:8": "",
      "bg_size:3": 256,
      "desc:8": "Ultimate Voltage! This is the final tier in normal GregTech, but here in GregTech: New Horizons, we pierce the heavens to go beyond the limit! You have done something that only a few players are capable of doing. Welcome to the Endgame!"
    }
  }
}