{
  "quests:9": {
    "0:10": {
      "questIDHigh:4": -2444474833328912236,
      "sizeX:3": 24,
      "x:3": 60,
      "y:3": 60,
      "questIDLow:4": -7616949155129872515,
      "sizeY:3": 24
    },
    "1:10": {
      "questIDHigh:4": 0,
      "sizeX:3": 24,
      "x:3": 396,
      "y:3": 108,
      "questIDLow:4": 388,
      "sizeY:3": 24
    },
    "2:10": {
      "questIDHigh:4": 0,
      "sizeX:3": 48,
      "x:3": 204,
      "y:3": 192,
      "questIDLow:4": 458,
      "sizeY:3": 48
    },
    "3:10": {
      "questIDHigh:4": 0,
      "sizeX:3": 24,
      "x:3": 396,
      "y:3": 12,
      "questIDLow:4": 462,
      "sizeY:3": 24
    },
    "4:10": {
      "questIDHigh:4": 0,
      "sizeX:3": 24,
      "x:3": 396,
      "y:3": 60,
      "questIDLow:4": 464,
      "sizeY:3": 24
    },
    "5:10": {
      "questIDHigh:4": 0,
      "sizeX:3": 24,
      "x:3": 504,
      "y:3": 264,
      "questIDLow:4": 2455,
      "sizeY:3": 24
    },
    "6:10": {
      "questIDHigh:4": 0,
      "sizeX:3": 24,
      "x:3": 552,
      "y:3": 324,
      "questIDLow:4": 2528,
      "sizeY:3": 24
    },
    "7:10": {
      "questIDHigh:4": 0,
      "sizeX:3": 24,
      "x:3": 456,
      "y:3": 348,
      "questIDLow:4": 2543,
      "sizeY:3": 24
    },
    "8:10": {
      "questIDHigh:4": 0,
      "sizeX:3": 24,
      "x:3": 360,
      "y:3": 264,
      "questIDLow:4": 2582,
      "sizeY:3": 24
    },
    "9:10": {
      "questIDHigh:4": 0,
      "sizeX:3": 24,
      "x:3": 552,
      "y:3": 276,
      "questIDLow:4": 2585,
      "sizeY:3": 24
    },
    "10:10": {
      "questIDHigh:4": 0,
      "sizeX:3": 24,
      "x:3": 60,
      "y:3": 156,
      "questIDLow:4": 2587,
      "sizeY:3": 24
    },
    "11:10": {
      "questIDHigh:4": 0,
      "sizeX:3": 24,
      "x:3": 504,
      "y:3": 336,
      "questIDLow:4": 2589,
      "sizeY:3": 24
    },
    "12:10": {
      "questIDHigh:4": 0,
      "sizeX:3": 24,
      "x:3": 456,
      "y:3": 300,
      "questIDLow:4": 2595,
      "sizeY:3": 24
    },
    "13:10": {
      "questIDHigh:4": 0,
      "sizeX:3": 72,
      "x:3": 192,
      "y:3": 84,
      "questIDLow:4": 2616,
      "sizeY:3": 72
    },
    "14:10": {
      "questIDHigh:4": 0,
      "sizeX:3": 48,
      "x:3": 96,
      "y:3": 0,
      "questIDLow:4": 2617,
      "sizeY:3": 48
    },
    "15:10": {
      "questIDHigh:4": 0,
      "sizeX:3": 48,
      "x:3": 0,
      "y:3": 0,
      "questIDLow:4": 2618,
      "sizeY:3": 48
    },
    "16:10": {
      "questIDHigh:4": 0,
      "sizeX:3": 48,
      "x:3": 288,
      "y:3": 0,
      "questIDLow:4": 2621,
      "sizeY:3": 48
    },
    "17:10": {
      "questIDHigh:4": 0,
      "sizeX:3": 48,
      "x:3": 96,
      "y:3": 96,
      "questIDLow:4": 2624,
      "sizeY:3": 48
    },
    "18:10": {
      "questIDHigh:4": 0,
      "sizeX:3": 48,
      "x:3": 192,
      "y:3": 0,
      "questIDLow:4": 2629,
      "sizeY:3": 48
    },
    "19:10": {
      "questIDHigh:4": 0,
      "sizeX:3": 48,
      "x:3": 288,
      "y:3": 384,
      "questIDLow:4": 2636,
      "sizeY:3": 48
    },
    "20:10": {
      "questIDHigh:4": 0,
      "sizeX:3": 48,
      "x:3": 288,
      "y:3": 96,
      "questIDLow:4": 2648,
      "sizeY:3": 48
    },
    "21:10": {
      "questIDHigh:4": 0,
      "sizeX:3": 48,
      "x:3": 384,
      "y:3": 192,
      "questIDLow:4": 2657,
      "sizeY:3": 48
    },
    "22:10": {
      "questIDHigh:4": 0,
      "sizeX:3": 48,
      "x:3": 384,
      "y:3": 384,
      "questIDLow:4": 2659,
      "sizeY:3": 48
    },
    "23:10": {
      "questIDHigh:4": 0,
      "sizeX:3": 48,
      "x:3": 192,
      "y:3": 384,
      "questIDLow:4": 2660,
      "sizeY:3": 48
    },
    "24:10": {
      "questIDHigh:4": 0,
      "sizeX:3": 48,
      "x:3": 96,
      "y:3": 384,
      "questIDLow:4": 2661,
      "sizeY:3": 48
    },
    "25:10": {
      "questIDHigh:4": 0,
      "sizeX:3": 48,
      "x:3": 0,
      "y:3": 384,
      "questIDLow:4": 2662,
      "sizeY:3": 48
    },
    "26:10": {
      "questIDHigh:4": 0,
      "sizeX:3": 48,
      "x:3": 0,
      "y:3": 288,
      "questIDLow:4": 2663,
      "sizeY:3": 48
    },
    "27:10": {
      "questIDHigh:4": 0,
      "sizeX:3": 48,
      "x:3": 0,
      "y:3": 192,
      "questIDLow:4": 2664,
      "sizeY:3": 48
    },
    "28:10": {
      "questIDHigh:4": 0,
      "sizeX:3": 48,
      "x:3": 0,
      "y:3": 96,
      "questIDLow:4": 2665,
      "sizeY:3": 48
    },
    "29:10": {
      "questIDHigh:4": 0,
      "sizeX:3": 48,
      "x:3": 288,
      "y:3": 192,
      "questIDLow:4": 2674,
      "sizeY:3": 48
    },
    "30:10": {
      "questIDHigh:4": 0,
      "sizeX:3": 48,
      "x:3": 288,
      "y:3": 288,
      "questIDLow:4": 2675,
      "sizeY:3": 48
    },
    "31:10": {
      "questIDHigh:4": 0,
      "sizeX:3": 24,
      "x:3": 360,
      "y:3": 336,
      "questIDLow:4": 2676,
      "sizeY:3": 24
    },
    "32:10": {
      "questIDHigh:4": 0,
      "sizeX:3": 48,
      "x:3": 96,
      "y:3": 288,
      "questIDLow:4": 2679,
      "sizeY:3": 48
    },
    "33:10": {
      "questIDHigh:4": 0,
      "sizeX:3": 24,
      "x:3": 456,
      "y:3": 204,
      "questIDLow:4": 2681,
      "sizeY:3": 24
    },
    "34:10": {
      "questIDHigh:4": 0,
      "sizeX:3": 48,
      "x:3": 96,
      "y:3": 192,
      "questIDLow:4": 2696,
      "sizeY:3": 48
    },
    "35:10": {
      "questIDHigh:4": 0,
      "sizeX:3": 24,
      "x:3": 456,
      "y:3": 156,
      "questIDLow:4": 2717,
      "sizeY:3": 24
    },
    "36:10": {
      "questIDHigh:4": 0,
      "sizeX:3": 24,
      "x:3": 456,
      "y:3": 252,
      "questIDLow:4": 2888,
      "sizeY:3": 24
    },
    "37:10": {
      "questIDHigh:4": 0,
      "sizeX:3": 24,
      "x:3": 456,
      "y:3": 108,
      "questIDLow:4": 3216,
      "sizeY:3": 24
    },
    "38:10": {
      "questIDHigh:4": 0,
      "sizeX:3": 24,
      "x:3": 504,
      "y:3": 156,
      "questIDLow:4": 3249,
      "sizeY:3": 24
    },
    "39:10": {
      "questIDHigh:4": 0,
      "sizeX:3": 24,
      "x:3": 240,
      "y:3": 264,
      "questIDLow:4": 3275,
      "sizeY:3": 24
    },
    "40:10": {
      "questIDHigh:4": 0,
      "sizeX:3": 24,
      "x:3": 504,
      "y:3": 108,
      "questIDLow:4": 3276,
      "sizeY:3": 24
    },
    "41:10": {
      "questIDHigh:4": 0,
      "sizeX:3": 24,
      "x:3": 192,
      "y:3": 264,
      "questIDLow:4": 3280,
      "sizeY:3": 24
    },
    "42:10": {
      "questIDHigh:4": 7141268147557583179,
      "sizeX:3": 24,
      "x:3": 204,
      "y:3": -48,
      "questIDLow:4": -5813797741888729661,
      "sizeY:3": 24
    }
  },
  "questLineIDLow:4": 46,
  "questLineIDHigh:4": 0,
  "properties:10": {
    "betterquesting:10": {
      "visibility:8": "UNLOCKED",
      "name:8": "Tier 9 - UHV",
      "icon:10": {
        "id:8": "Avaritia:Resource",
        "Count:3": 1,
        "Damage:2": 6,
        "OreDict:8": ""
      },
      "bg_image:8": "",
      "bg_size:3": 256,
      "desc:8": "Uhh... hi? You really aren\u0027t supposed to be here, you know? We\u0027re still, you know, making this tier, right?"
    }
  }
}