{
  "quests:9": {
    "0:10": {
      "questIDHigh:4": -1767493910114646216,
      "sizeX:3": 24,
      "x:3": 996,
      "y:3": 432,
      "questIDLow:4": -7131856560517868006,
      "sizeY:3": 24
    },
    "1:10": {
      "questIDHigh:4": 0,
      "sizeX:3": 72,
      "x:3": 732,
      "y:3": 228,
      "questIDLow:4": 88,
      "sizeY:3": 72
    },
    "2:10": {
      "questIDHigh:4": 0,
      "sizeX:3": 48,
      "x:3": 672,
      "y:3": 108,
      "questIDLow:4": 90,
      "sizeY:3": 48
    },
    "3:10": {
      "questIDHigh:4": 0,
      "sizeX:3": 48,
      "x:3": 564,
      "y:3": 240,
      "questIDLow:4": 91,
      "sizeY:3": 48
    },
    "4:10": {
      "questIDHigh:4": 0,
      "sizeX:3": 48,
      "x:3": 924,
      "y:3": 384,
      "questIDLow:4": 92,
      "sizeY:3": 48
    },
    "5:10": {
      "questIDHigh:4": 0,
      "sizeX:3": 48,
      "x:3": 648,
      "y:3": 384,
      "questIDLow:4": 93,
      "sizeY:3": 48
    },
    "6:10": {
      "questIDHigh:4": 0,
      "sizeX:3": 48,
      "x:3": 924,
      "y:3": 312,
      "questIDLow:4": 94,
      "sizeY:3": 48
    },
    "7:10": {
      "questIDHigh:4": 0,
      "sizeX:3": 48,
      "x:3": 840,
      "y:3": 384,
      "questIDLow:4": 95,
      "sizeY:3": 48
    },
    "8:10": {
      "questIDHigh:4": 0,
      "sizeX:3": 24,
      "x:3": 636,
      "y:3": 132,
      "questIDLow:4": 96,
      "sizeY:3": 24
    },
    "9:10": {
      "questIDHigh:4": 0,
      "sizeX:3": 72,
      "x:3": 912,
      "y:3": 564,
      "questIDLow:4": 97,
      "sizeY:3": 72
    },
    "10:10": {
      "questIDHigh:4": 0,
      "sizeX:3": 48,
      "x:3": 372,
      "y:3": 36,
      "questIDLow:4": 98,
      "sizeY:3": 48
    },
    "11:10": {
      "questIDHigh:4": 0,
      "sizeX:3": 24,
      "x:3": 780,
      "y:3": 372,
      "questIDLow:4": 100,
      "sizeY:3": 24
    },
    "12:10": {
      "questIDHigh:4": 0,
      "sizeX:3": 24,
      "x:3": 780,
      "y:3": 420,
      "questIDLow:4": 101,
      "sizeY:3": 24
    },
    "13:10": {
      "questIDHigh:4": 0,
      "sizeX:3": 48,
      "x:3": 372,
      "y:3": 144,
      "questIDLow:4": 102,
      "sizeY:3": 48
    },
    "14:10": {
      "questIDHigh:4": 0,
      "sizeX:3": 72,
      "x:3": 732,
      "y:3": 84,
      "questIDLow:4": 103,
      "sizeY:3": 72
    },
    "15:10": {
      "questIDHigh:4": 0,
      "sizeX:3": 24,
      "x:3": 816,
      "y:3": 132,
      "questIDLow:4": 104,
      "sizeY:3": 24
    },
    "16:10": {
      "questIDHigh:4": 0,
      "sizeX:3": 48,
      "x:3": 840,
      "y:3": 36,
      "questIDLow:4": 105,
      "sizeY:3": 48
    },
    "17:10": {
      "questIDHigh:4": 0,
      "sizeX:3": 24,
      "x:3": 684,
      "y:3": 228,
      "questIDLow:4": 113,
      "sizeY:3": 24
    },
    "18:10": {
      "questIDHigh:4": 0,
      "sizeX:3": 24,
      "x:3": 636,
      "y:3": 180,
      "questIDLow:4": 114,
      "sizeY:3": 24
    },
    "19:10": {
      "questIDHigh:4": 0,
      "sizeX:3": 24,
      "x:3": 636,
      "y:3": 228,
      "questIDLow:4": 115,
      "sizeY:3": 24
    },
    "20:10": {
      "questIDHigh:4": 0,
      "sizeX:3": 24,
      "x:3": 732,
      "y:3": 324,
      "questIDLow:4": 116,
      "sizeY:3": 24
    },
    "21:10": {
      "questIDHigh:4": 0,
      "sizeX:3": 24,
      "x:3": 996,
      "y:3": 528,
      "questIDLow:4": 117,
      "sizeY:3": 24
    },
    "22:10": {
      "questIDHigh:4": 0,
      "sizeX:3": 24,
      "x:3": 876,
      "y:3": 516,
      "questIDLow:4": 118,
      "sizeY:3": 24
    },
    "23:10": {
      "questIDHigh:4": 0,
      "sizeX:3": 48,
      "x:3": 1044,
      "y:3": 300,
      "questIDLow:4": 529,
      "sizeY:3": 48
    },
    "24:10": {
      "questIDHigh:4": 0,
      "sizeX:3": 48,
      "x:3": 1116,
      "y:3": 300,
      "questIDLow:4": 530,
      "sizeY:3": 48
    },
    "25:10": {
      "questIDHigh:4": 0,
      "sizeX:3": 24,
      "x:3": 1128,
      "y:3": 396,
      "questIDLow:4": 531,
      "sizeY:3": 24
    },
    "26:10": {
      "questIDHigh:4": 0,
      "sizeX:3": 24,
      "x:3": 828,
      "y:3": 324,
      "questIDLow:4": 532,
      "sizeY:3": 24
    },
    "27:10": {
      "questIDHigh:4": 0,
      "sizeX:3": 24,
      "x:3": 780,
      "y:3": 324,
      "questIDLow:4": 533,
      "sizeY:3": 24
    },
    "28:10": {
      "questIDHigh:4": 0,
      "sizeX:3": 24,
      "x:3": 684,
      "y:3": 468,
      "questIDLow:4": 538,
      "sizeY:3": 24
    },
    "29:10": {
      "questIDHigh:4": 0,
      "sizeX:3": 48,
      "x:3": 576,
      "y:3": 696,
      "questIDLow:4": 539,
      "sizeY:3": 48
    },
    "30:10": {
      "questIDHigh:4": 0,
      "sizeX:3": 24,
      "x:3": 384,
      "y:3": 252,
      "questIDLow:4": 540,
      "sizeY:3": 24
    },
    "31:10": {
      "questIDHigh:4": 0,
      "sizeX:3": 24,
      "x:3": 468,
      "y:3": 252,
      "questIDLow:4": 541,
      "sizeY:3": 24
    },
    "32:10": {
      "questIDHigh:4": 0,
      "sizeX:3": 48,
      "x:3": 924,
      "y:3": 192,
      "questIDLow:4": 542,
      "sizeY:3": 48
    },
    "33:10": {
      "questIDHigh:4": 0,
      "sizeX:3": 48,
      "x:3": 576,
      "y:3": 552,
      "questIDLow:4": 543,
      "sizeY:3": 48
    },
    "34:10": {
      "questIDHigh:4": 0,
      "sizeX:3": 24,
      "x:3": 780,
      "y:3": 468,
      "questIDLow:4": 544,
      "sizeY:3": 24
    },
    "35:10": {
      "questIDHigh:4": 0,
      "sizeX:3": 24,
      "x:3": 732,
      "y:3": 420,
      "questIDLow:4": 545,
      "sizeY:3": 24
    },
    "36:10": {
      "questIDHigh:4": 0,
      "sizeX:3": 48,
      "x:3": 552,
      "y:3": 384,
      "questIDLow:4": 546,
      "sizeY:3": 48
    },
    "37:10": {
      "questIDHigh:4": 0,
      "sizeX:3": 48,
      "x:3": 456,
      "y:3": 384,
      "questIDLow:4": 547,
      "sizeY:3": 48
    },
    "38:10": {
      "questIDHigh:4": 0,
      "sizeX:3": 24,
      "x:3": 540,
      "y:3": 468,
      "questIDLow:4": 548,
      "sizeY:3": 24
    },
    "39:10": {
      "questIDHigh:4": 0,
      "sizeX:3": 24,
      "x:3": 540,
      "y:3": 516,
      "questIDLow:4": 549,
      "sizeY:3": 24
    },
    "40:10": {
      "questIDHigh:4": 0,
      "sizeX:3": 48,
      "x:3": 456,
      "y:3": 600,
      "questIDLow:4": 550,
      "sizeY:3": 48
    },
    "41:10": {
      "questIDHigh:4": 0,
      "sizeX:3": 24,
      "x:3": 492,
      "y:3": 468,
      "questIDLow:4": 551,
      "sizeY:3": 24
    },
    "42:10": {
      "questIDHigh:4": 0,
      "sizeX:3": 24,
      "x:3": 492,
      "y:3": 516,
      "questIDLow:4": 552,
      "sizeY:3": 24
    },
    "43:10": {
      "questIDHigh:4": 0,
      "sizeX:3": 24,
      "x:3": 816,
      "y:3": 204,
      "questIDLow:4": 554,
      "sizeY:3": 24
    },
    "44:10": {
      "questIDHigh:4": 0,
      "sizeX:3": 24,
      "x:3": 528,
      "y:3": 696,
      "questIDLow:4": 555,
      "sizeY:3": 24
    },
    "45:10": {
      "questIDHigh:4": 0,
      "sizeX:3": 48,
      "x:3": 768,
      "y:3": 552,
      "questIDLow:4": 579,
      "sizeY:3": 48
    },
    "46:10": {
      "questIDHigh:4": 0,
      "sizeX:3": 24,
      "x:3": 588,
      "y:3": 132,
      "questIDLow:4": 587,
      "sizeY:3": 24
    },
    "47:10": {
      "questIDHigh:4": 0,
      "sizeX:3": 24,
      "x:3": 432,
      "y:3": 324,
      "questIDLow:4": 597,
      "sizeY:3": 24
    },
    "48:10": {
      "questIDHigh:4": 0,
      "sizeX:3": 24,
      "x:3": 384,
      "y:3": 300,
      "questIDLow:4": 598,
      "sizeY:3": 24
    },
    "49:10": {
      "questIDHigh:4": 0,
      "sizeX:3": 24,
      "x:3": 1260,
      "y:3": 204,
      "questIDLow:4": 599,
      "sizeY:3": 24
    },
    "50:10": {
      "questIDHigh:4": 0,
      "sizeX:3": 24,
      "x:3": 384,
      "y:3": 348,
      "questIDLow:4": 608,
      "sizeY:3": 24
    },
    "51:10": {
      "questIDHigh:4": 0,
      "sizeX:3": 48,
      "x:3": 276,
      "y:3": 312,
      "questIDLow:4": 609,
      "sizeY:3": 48
    },
    "52:10": {
      "questIDHigh:4": 0,
      "sizeX:3": 24,
      "x:3": 192,
      "y:3": 204,
      "questIDLow:4": 616,
      "sizeY:3": 24
    },
    "53:10": {
      "questIDHigh:4": 0,
      "sizeX:3": 48,
      "x:3": 276,
      "y:3": 192,
      "questIDLow:4": 617,
      "sizeY:3": 48
    },
    "54:10": {
      "questIDHigh:4": 0,
      "sizeX:3": 24,
      "x:3": 192,
      "y:3": 240,
      "questIDLow:4": 618,
      "sizeY:3": 24
    },
    "55:10": {
      "questIDHigh:4": 0,
      "sizeX:3": 24,
      "x:3": 192,
      "y:3": 168,
      "questIDLow:4": 620,
      "sizeY:3": 24
    },
    "56:10": {
      "questIDHigh:4": 0,
      "sizeX:3": 24,
      "x:3": 228,
      "y:3": 396,
      "questIDLow:4": 621,
      "sizeY:3": 24
    },
    "57:10": {
      "questIDHigh:4": 0,
      "sizeX:3": 24,
      "x:3": 228,
      "y:3": 360,
      "questIDLow:4": 622,
      "sizeY:3": 24
    },
    "58:10": {
      "questIDHigh:4": 0,
      "sizeX:3": 24,
      "x:3": 228,
      "y:3": 432,
      "questIDLow:4": 623,
      "sizeY:3": 24
    },
    "59:10": {
      "questIDHigh:4": 0,
      "sizeX:3": 48,
      "x:3": 276,
      "y:3": 468,
      "questIDLow:4": 624,
      "sizeY:3": 48
    },
    "60:10": {
      "questIDHigh:4": 0,
      "sizeX:3": 24,
      "x:3": 384,
      "y:3": 108,
      "questIDLow:4": 626,
      "sizeY:3": 24
    },
    "61:10": {
      "questIDHigh:4": 0,
      "sizeX:3": 24,
      "x:3": 444,
      "y:3": 468,
      "questIDLow:4": 639,
      "sizeY:3": 24
    },
    "62:10": {
      "questIDHigh:4": 0,
      "sizeX:3": 24,
      "x:3": 348,
      "y:3": 564,
      "questIDLow:4": 640,
      "sizeY:3": 24
    },
    "63:10": {
      "questIDHigh:4": 0,
      "sizeX:3": 24,
      "x:3": 444,
      "y:3": 516,
      "questIDLow:4": 641,
      "sizeY:3": 24
    },
    "64:10": {
      "questIDHigh:4": 0,
      "sizeX:3": 24,
      "x:3": 396,
      "y:3": 468,
      "questIDLow:4": 642,
      "sizeY:3": 24
    },
    "65:10": {
      "questIDHigh:4": 0,
      "sizeX:3": 24,
      "x:3": 396,
      "y:3": 516,
      "questIDLow:4": 643,
      "sizeY:3": 24
    },
    "66:10": {
      "questIDHigh:4": 0,
      "sizeX:3": 24,
      "x:3": 348,
      "y:3": 516,
      "questIDLow:4": 644,
      "sizeY:3": 24
    },
    "67:10": {
      "questIDHigh:4": 0,
      "sizeX:3": 24,
      "x:3": 228,
      "y:3": 480,
      "questIDLow:4": 646,
      "sizeY:3": 24
    },
    "68:10": {
      "questIDHigh:4": 0,
      "sizeX:3": 48,
      "x:3": 276,
      "y:3": 540,
      "questIDLow:4": 662,
      "sizeY:3": 48
    },
    "69:10": {
      "questIDHigh:4": 0,
      "sizeX:3": 24,
      "x:3": 228,
      "y:3": 540,
      "questIDLow:4": 663,
      "sizeY:3": 24
    },
    "70:10": {
      "questIDHigh:4": 0,
      "sizeX:3": 24,
      "x:3": 852,
      "y:3": 672,
      "questIDLow:4": 673,
      "sizeY:3": 24
    },
    "71:10": {
      "questIDHigh:4": 0,
      "sizeX:3": 24,
      "x:3": 1092,
      "y:3": 252,
      "questIDLow:4": 716,
      "sizeY:3": 24
    },
    "72:10": {
      "questIDHigh:4": 0,
      "sizeX:3": 72,
      "x:3": 1032,
      "y:3": 456,
      "questIDLow:4": 717,
      "sizeY:3": 72
    },
    "73:10": {
      "questIDHigh:4": 0,
      "sizeX:3": 24,
      "x:3": 564,
      "y:3": 612,
      "questIDLow:4": 726,
      "sizeY:3": 24
    },
    "74:10": {
      "questIDHigh:4": 0,
      "sizeX:3": 48,
      "x:3": 924,
      "y:3": 696,
      "questIDLow:4": 745,
      "sizeY:3": 48
    },
    "75:10": {
      "questIDHigh:4": 0,
      "sizeX:3": 48,
      "x:3": 1200,
      "y:3": 468,
      "questIDLow:4": 747,
      "sizeY:3": 48
    },
    "76:10": {
      "questIDHigh:4": 0,
      "sizeX:3": 48,
      "x:3": 1044,
      "y:3": 576,
      "questIDLow:4": 748,
      "sizeY:3": 48
    },
    "77:10": {
      "questIDHigh:4": 0,
      "sizeX:3": 24,
      "x:3": 1176,
      "y:3": 396,
      "questIDLow:4": 767,
      "sizeY:3": 24
    },
    "78:10": {
      "questIDHigh:4": 0,
      "sizeX:3": 24,
      "x:3": 732,
      "y:3": 516,
      "questIDLow:4": 771,
      "sizeY:3": 24
    },
    "79:10": {
      "questIDHigh:4": 0,
      "sizeX:3": 48,
      "x:3": 1044,
      "y:3": 384,
      "questIDLow:4": 795,
      "sizeY:3": 48
    },
    "80:10": {
      "questIDHigh:4": 0,
      "sizeX:3": 48,
      "x:3": 1200,
      "y:3": 192,
      "questIDLow:4": 836,
      "sizeY:3": 48
    },
    "81:10": {
      "questIDHigh:4": 0,
      "sizeX:3": 24,
      "x:3": 996,
      "y:3": 360,
      "questIDLow:4": 839,
      "sizeY:3": 24
    },
    "82:10": {
      "questIDHigh:4": 0,
      "sizeX:3": 24,
      "x:3": 396,
      "y:3": 564,
      "questIDLow:4": 840,
      "sizeY:3": 24
    },
    "83:10": {
      "questIDHigh:4": 0,
      "sizeX:3": 24,
      "x:3": 876,
      "y:3": 324,
      "questIDLow:4": 869,
      "sizeY:3": 24
    },
    "84:10": {
      "questIDHigh:4": 0,
      "sizeX:3": 24,
      "x:3": 588,
      "y:3": 468,
      "questIDLow:4": 891,
      "sizeY:3": 24
    },
    "85:10": {
      "questIDHigh:4": 0,
      "sizeX:3": 24,
      "x:3": 588,
      "y:3": 516,
      "questIDLow:4": 892,
      "sizeY:3": 24
    },
    "86:10": {
      "questIDHigh:4": 0,
      "sizeX:3": 24,
      "x:3": 636,
      "y:3": 468,
      "questIDLow:4": 898,
      "sizeY:3": 24
    },
    "87:10": {
      "questIDHigh:4": 0,
      "sizeX:3": 24,
      "x:3": 1128,
      "y:3": 252,
      "questIDLow:4": 930,
      "sizeY:3": 24
    },
    "88:10": {
      "questIDHigh:4": 0,
      "sizeX:3": 24,
      "x:3": 240,
      "y:3": 108,
      "questIDLow:4": 938,
      "sizeY:3": 24
    },
    "89:10": {
      "questIDHigh:4": 0,
      "sizeX:3": 24,
      "x:3": 192,
      "y:3": 108,
      "questIDLow:4": 939,
      "sizeY:3": 24
    },
    "90:10": {
      "questIDHigh:4": 0,
      "sizeX:3": 24,
      "x:3": 432,
      "y:3": 108,
      "questIDLow:4": 962,
      "sizeY:3": 24
    },
    "91:10": {
      "questIDHigh:4": 0,
      "sizeX:3": 24,
      "x:3": 336,
      "y:3": 36,
      "questIDLow:4": 1035,
      "sizeY:3": 24
    },
    "92:10": {
      "questIDHigh:4": 0,
      "sizeX:3": 24,
      "x:3": 504,
      "y:3": 324,
      "questIDLow:4": 1084,
      "sizeY:3": 24
    },
    "93:10": {
      "questIDHigh:4": 0,
      "sizeX:3": 24,
      "x:3": 540,
      "y:3": 348,
      "questIDLow:4": 1090,
      "sizeY:3": 24
    },
    "94:10": {
      "questIDHigh:4": 0,
      "sizeX:3": 24,
      "x:3": 432,
      "y:3": 156,
      "questIDLow:4": 1091,
      "sizeY:3": 24
    },
    "95:10": {
      "questIDHigh:4": 0,
      "sizeX:3": 24,
      "x:3": 336,
      "y:3": 120,
      "questIDLow:4": 1094,
      "sizeY:3": 24
    },
    "96:10": {
      "questIDHigh:4": 0,
      "sizeX:3": 24,
      "x:3": 960,
      "y:3": 516,
      "questIDLow:4": 1131,
      "sizeY:3": 24
    },
    "97:10": {
      "questIDHigh:4": 0,
      "sizeX:3": 24,
      "x:3": 384,
      "y:3": 384,
      "questIDLow:4": 1134,
      "sizeY:3": 24
    },
    "98:10": {
      "questIDHigh:4": 0,
      "sizeX:3": 24,
      "x:3": 996,
      "y:3": 612,
      "questIDLow:4": 1136,
      "sizeY:3": 24
    },
    "99:10": {
      "questIDHigh:4": 0,
      "sizeX:3": 24,
      "x:3": 780,
      "y:3": 672,
      "questIDLow:4": 1149,
      "sizeY:3": 24
    },
    "100:10": {
      "questIDHigh:4": 0,
      "sizeX:3": 24,
      "x:3": 732,
      "y:3": 624,
      "questIDLow:4": 1150,
      "sizeY:3": 24
    },
    "101:10": {
      "questIDHigh:4": 0,
      "sizeX:3": 24,
      "x:3": 780,
      "y:3": 624,
      "questIDLow:4": 1152,
      "sizeY:3": 24
    },
    "102:10": {
      "questIDHigh:4": 0,
      "sizeX:3": 24,
      "x:3": 828,
      "y:3": 624,
      "questIDLow:4": 1153,
      "sizeY:3": 24
    },
    "103:10": {
      "questIDHigh:4": 0,
      "sizeX:3": 24,
      "x:3": 684,
      "y:3": 624,
      "questIDLow:4": 1154,
      "sizeY:3": 24
    },
    "104:10": {
      "questIDHigh:4": 0,
      "sizeX:3": 48,
      "x:3": 672,
      "y:3": 552,
      "questIDLow:4": 1155,
      "sizeY:3": 48
    },
    "105:10": {
      "questIDHigh:4": 0,
      "sizeX:3": 24,
      "x:3": 912,
      "y:3": 12,
      "questIDLow:4": 1160,
      "sizeY:3": 24
    },
    "106:10": {
      "questIDHigh:4": 0,
      "sizeX:3": 24,
      "x:3": 996,
      "y:3": 276,
      "questIDLow:4": 1166,
      "sizeY:3": 24
    },
    "107:10": {
      "questIDHigh:4": 0,
      "sizeX:3": 24,
      "x:3": 180,
      "y:3": 396,
      "questIDLow:4": 1167,
      "sizeY:3": 24
    },
    "108:10": {
      "questIDHigh:4": 0,
      "sizeX:3": 24,
      "x:3": 180,
      "y:3": 432,
      "questIDLow:4": 1168,
      "sizeY:3": 24
    },
    "109:10": {
      "questIDHigh:4": 0,
      "sizeX:3": 24,
      "x:3": 228,
      "y:3": 576,
      "questIDLow:4": 1172,
      "sizeY:3": 24
    },
    "110:10": {
      "questIDHigh:4": 0,
      "sizeX:3": 24,
      "x:3": 624,
      "y:3": 324,
      "questIDLow:4": 1273,
      "sizeY:3": 24
    },
    "111:10": {
      "questIDHigh:4": 0,
      "sizeX:3": 24,
      "x:3": 732,
      "y:3": 468,
      "questIDLow:4": 1274,
      "sizeY:3": 24
    },
    "112:10": {
      "questIDHigh:4": 0,
      "sizeX:3": 24,
      "x:3": 336,
      "y:3": 72,
      "questIDLow:4": 1285,
      "sizeY:3": 24
    },
    "113:10": {
      "questIDHigh:4": 0,
      "sizeX:3": 24,
      "x:3": 684,
      "y:3": 672,
      "questIDLow:4": 1485,
      "sizeY:3": 24
    },
    "114:10": {
      "questIDHigh:4": 0,
      "sizeX:3": 24,
      "x:3": 660,
      "y:3": 324,
      "questIDLow:4": 1499,
      "sizeY:3": 24
    },
    "115:10": {
      "questIDHigh:4": 0,
      "sizeX:3": 24,
      "x:3": 900,
      "y:3": 648,
      "questIDLow:4": 1510,
      "sizeY:3": 24
    },
    "116:10": {
      "questIDHigh:4": 0,
      "sizeX:3": 24,
      "x:3": 912,
      "y:3": 48,
      "questIDLow:4": 1519,
      "sizeY:3": 24
    },
    "117:10": {
      "questIDHigh:4": 0,
      "sizeX:3": 24,
      "x:3": 336,
      "y:3": 192,
      "questIDLow:4": 1528,
      "sizeY:3": 24
    },
    "118:10": {
      "questIDHigh:4": 0,
      "sizeX:3": 24,
      "x:3": 228,
      "y:3": 288,
      "questIDLow:4": 1537,
      "sizeY:3": 24
    },
    "119:10": {
      "questIDHigh:4": 0,
      "sizeX:3": 24,
      "x:3": 732,
      "y:3": 672,
      "questIDLow:4": 1540,
      "sizeY:3": 24
    },
    "120:10": {
      "questIDHigh:4": 0,
      "sizeX:3": 24,
      "x:3": 588,
      "y:3": 180,
      "questIDLow:4": 1599,
      "sizeY:3": 24
    },
    "121:10": {
      "questIDHigh:4": 0,
      "sizeX:3": 24,
      "x:3": 336,
      "y:3": 156,
      "questIDLow:4": 1653,
      "sizeY:3": 24
    },
    "122:10": {
      "questIDHigh:4": 0,
      "sizeX:3": 24,
      "x:3": 636,
      "y:3": 648,
      "questIDLow:4": 1791,
      "sizeY:3": 24
    },
    "123:10": {
      "questIDHigh:4": 0,
      "sizeX:3": 24,
      "x:3": 1176,
      "y:3": 348,
      "questIDLow:4": 1792,
      "sizeY:3": 24
    },
    "124:10": {
      "questIDHigh:4": 0,
      "sizeX:3": 24,
      "x:3": 1212,
      "y:3": 156,
      "questIDLow:4": 1796,
      "sizeY:3": 24
    },
    "125:10": {
      "questIDHigh:4": 0,
      "sizeX:3": 24,
      "x:3": 1212,
      "y:3": 528,
      "questIDLow:4": 1821,
      "sizeY:3": 24
    },
    "126:10": {
      "questIDHigh:4": 0,
      "sizeX:3": 24,
      "x:3": 732,
      "y:3": 372,
      "questIDLow:4": 1846,
      "sizeY:3": 24
    },
    "127:10": {
      "questIDHigh:4": 0,
      "sizeX:3": 24,
      "x:3": 996,
      "y:3": 564,
      "questIDLow:4": 1863,
      "sizeY:3": 24
    },
    "128:10": {
      "questIDHigh:4": 0,
      "sizeX:3": 24,
      "x:3": 936,
      "y:3": 648,
      "questIDLow:4": 1865,
      "sizeY:3": 24
    },
    "129:10": {
      "questIDHigh:4": 0,
      "sizeX:3": 24,
      "x:3": 816,
      "y:3": 168,
      "questIDLow:4": 1887,
      "sizeY:3": 24
    },
    "130:10": {
      "questIDHigh:4": 0,
      "sizeX:3": 24,
      "x:3": 540,
      "y:3": 648,
      "questIDLow:4": 1911,
      "sizeY:3": 24
    },
    "131:10": {
      "questIDHigh:4": 0,
      "sizeX:3": 24,
      "x:3": 876,
      "y:3": 624,
      "questIDLow:4": 1918,
      "sizeY:3": 24
    },
    "132:10": {
      "questIDHigh:4": 0,
      "sizeX:3": 24,
      "x:3": 912,
      "y:3": 84,
      "questIDLow:4": 2047,
      "sizeY:3": 24
    },
    "133:10": {
      "questIDHigh:4": 0,
      "sizeX:3": 24,
      "x:3": 528,
      "y:3": 216,
      "questIDLow:4": 2142,
      "sizeY:3": 24
    },
    "134:10": {
      "questIDHigh:4": 0,
      "sizeX:3": 24,
      "x:3": 828,
      "y:3": 288,
      "questIDLow:4": 2143,
      "sizeY:3": 24
    },
    "135:10": {
      "questIDHigh:4": 0,
      "sizeX:3": 24,
      "x:3": 612,
      "y:3": 612,
      "questIDLow:4": 2393,
      "sizeY:3": 24
    },
    "136:10": {
      "questIDHigh:4": 0,
      "sizeX:3": 24,
      "x:3": 876,
      "y:3": 588,
      "questIDLow:4": 2403,
      "sizeY:3": 24
    },
    "137:10": {
      "questIDHigh:4": 0,
      "sizeX:3": 24,
      "x:3": 588,
      "y:3": 348,
      "questIDLow:4": 2444,
      "sizeY:3": 24
    },
    "138:10": {
      "questIDHigh:4": 0,
      "sizeX:3": 24,
      "x:3": 180,
      "y:3": 360,
      "questIDLow:4": 2697,
      "sizeY:3": 24
    },
    "139:10": {
      "questIDHigh:4": 0,
      "sizeX:3": 24,
      "x:3": 684,
      "y:3": 516,
      "questIDLow:4": 2849,
      "sizeY:3": 24
    },
    "140:10": {
      "questIDHigh:4": 0,
      "sizeX:3": 24,
      "x:3": 1176,
      "y:3": 252,
      "questIDLow:4": 2850,
      "sizeY:3": 24
    },
    "141:10": {
      "questIDHigh:4": 0,
      "sizeX:3": 24,
      "x:3": 684,
      "y:3": 288,
      "questIDLow:4": 2858,
      "sizeY:3": 24
    },
    "142:10": {
      "questIDHigh:4": 0,
      "sizeX:3": 24,
      "x:3": 876,
      "y:3": 468,
      "questIDLow:4": 2861,
      "sizeY:3": 24
    },
    "143:10": {
      "questIDHigh:4": 0,
      "sizeX:3": 24,
      "x:3": 228,
      "y:3": 324,
      "questIDLow:4": 2891,
      "sizeY:3": 24
    },
    "144:10": {
      "questIDHigh:4": 0,
      "sizeX:3": 24,
      "x:3": 912,
      "y:3": 516,
      "questIDLow:4": 2914,
      "sizeY:3": 24
    },
    "145:10": {
      "questIDHigh:4": 0,
      "sizeX:3": 24,
      "x:3": 588,
      "y:3": 648,
      "questIDLow:4": 2915,
      "sizeY:3": 24
    },
    "146:10": {
      "questIDHigh:4": 0,
      "sizeX:3": 24,
      "x:3": 816,
      "y:3": 96,
      "questIDLow:4": 2979,
      "sizeY:3": 24
    },
    "147:10": {
      "questIDHigh:4": 0,
      "sizeX:3": 24,
      "x:3": 780,
      "y:3": 180,
      "questIDLow:4": 2983,
      "sizeY:3": 24
    },
    "148:10": {
      "questIDHigh:4": 0,
      "sizeX:3": 24,
      "x:3": 516,
      "y:3": 420,
      "questIDLow:4": 2986,
      "sizeY:3": 24
    },
    "149:10": {
      "questIDHigh:4": 2673664767747114720,
      "sizeX:3": 24,
      "x:3": 960,
      "y:3": 456,
      "questIDLow:4": -8716647126264214083,
      "sizeY:3": 24
    }
  },
  "questLineIDLow:4": 3,
  "questLineIDHigh:4": 0,
  "properties:10": {
    "betterquesting:10": {
      "visibility:8": "UNLOCKED",
      "name:8": "Tier 1 - LV",
      "icon:10": {
        "id:8": "gregtech:gt.metaitem.01",
        "Count:3": 1,
        "Damage:2": 17019,
        "OreDict:8": ""
      },
      "bg_image:8": "",
      "bg_size:3": 256,
      "desc:8": "The first \"voltage\" tier of this pack. Things should be a little easier with some of the machines you can now make, and almost every type of machine is now available, try not to be overwhelmed. You can get away with using LV machines for automating processing of things like polyethylene or electrolyzing water the whole game, so consider setting that up when you need it."
    }
  }
}