{
  "quests:9": {
    "0:10": {
      "questIDHigh:4": 0,
      "sizeX:3": 48,
      "x:3": 420,
      "y:3": 252,
      "questIDLow:4": 126,
      "sizeY:3": 48
    },
    "1:10": {
      "questIDHigh:4": 0,
      "sizeX:3": 24,
      "x:3": 828,
      "y:3": 168,
      "questIDLow:4": 128,
      "sizeY:3": 24
    },
    "2:10": {
      "questIDHigh:4": 0,
      "sizeX:3": 24,
      "x:3": 972,
      "y:3": 120,
      "questIDLow:4": 129,
      "sizeY:3": 24
    },
    "3:10": {
      "questIDHigh:4": 0,
      "sizeX:3": 24,
      "x:3": 1020,
      "y:3": 168,
      "questIDLow:4": 130,
      "sizeY:3": 24
    },
    "4:10": {
      "questIDHigh:4": 0,
      "sizeX:3": 24,
      "x:3": 924,
      "y:3": 168,
      "questIDLow:4": 131,
      "sizeY:3": 24
    },
    "5:10": {
      "questIDHigh:4": 0,
      "sizeX:3": 24,
      "x:3": 1068,
      "y:3": 168,
      "questIDLow:4": 132,
      "sizeY:3": 24
    },
    "6:10": {
      "questIDHigh:4": 0,
      "sizeX:3": 24,
      "x:3": 1020,
      "y:3": 120,
      "questIDLow:4": 134,
      "sizeY:3": 24
    },
    "7:10": {
      "questIDHigh:4": 0,
      "sizeX:3": 24,
      "x:3": 1068,
      "y:3": 72,
      "questIDLow:4": 135,
      "sizeY:3": 24
    },
    "8:10": {
      "questIDHigh:4": 0,
      "sizeX:3": 24,
      "x:3": 1068,
      "y:3": 120,
      "questIDLow:4": 136,
      "sizeY:3": 24
    },
    "9:10": {
      "questIDHigh:4": 0,
      "sizeX:3": 24,
      "x:3": 1020,
      "y:3": 72,
      "questIDLow:4": 137,
      "sizeY:3": 24
    },
    "10:10": {
      "questIDHigh:4": 0,
      "sizeX:3": 24,
      "x:3": 828,
      "y:3": 120,
      "questIDLow:4": 138,
      "sizeY:3": 24
    },
    "11:10": {
      "questIDHigh:4": 0,
      "sizeX:3": 24,
      "x:3": 780,
      "y:3": 72,
      "questIDLow:4": 140,
      "sizeY:3": 24
    },
    "12:10": {
      "questIDHigh:4": 0,
      "sizeX:3": 24,
      "x:3": 1068,
      "y:3": 216,
      "questIDLow:4": 142,
      "sizeY:3": 24
    },
    "13:10": {
      "questIDHigh:4": 0,
      "sizeX:3": 24,
      "x:3": 972,
      "y:3": 168,
      "questIDLow:4": 143,
      "sizeY:3": 24
    },
    "14:10": {
      "questIDHigh:4": 0,
      "sizeX:3": 24,
      "x:3": 972,
      "y:3": 72,
      "questIDLow:4": 145,
      "sizeY:3": 24
    },
    "15:10": {
      "questIDHigh:4": 0,
      "sizeX:3": 24,
      "x:3": 1020,
      "y:3": 216,
      "questIDLow:4": 148,
      "sizeY:3": 24
    },
    "16:10": {
      "questIDHigh:4": 0,
      "sizeX:3": 24,
      "x:3": 1116,
      "y:3": 216,
      "questIDLow:4": 149,
      "sizeY:3": 24
    },
    "17:10": {
      "questIDHigh:4": 0,
      "sizeX:3": 24,
      "x:3": 1068,
      "y:3": 264,
      "questIDLow:4": 150,
      "sizeY:3": 24
    },
    "18:10": {
      "questIDHigh:4": 0,
      "sizeX:3": 24,
      "x:3": 336,
      "y:3": 192,
      "questIDLow:4": 153,
      "sizeY:3": 24
    },
    "19:10": {
      "questIDHigh:4": 0,
      "sizeX:3": 24,
      "x:3": 288,
      "y:3": 192,
      "questIDLow:4": 154,
      "sizeY:3": 24
    },
    "20:10": {
      "questIDHigh:4": 0,
      "sizeX:3": 24,
      "x:3": 828,
      "y:3": 468,
      "questIDLow:4": 166,
      "sizeY:3": 24
    },
    "21:10": {
      "questIDHigh:4": 0,
      "sizeX:3": 24,
      "x:3": 828,
      "y:3": 504,
      "questIDLow:4": 168,
      "sizeY:3": 24
    },
    "22:10": {
      "questIDHigh:4": 0,
      "sizeX:3": 24,
      "x:3": 204,
      "y:3": 624,
      "questIDLow:4": 206,
      "sizeY:3": 24
    },
    "23:10": {
      "questIDHigh:4": 0,
      "sizeX:3": 24,
      "x:3": 132,
      "y:3": 372,
      "questIDLow:4": 553,
      "sizeY:3": 24
    },
    "24:10": {
      "questIDHigh:4": 0,
      "sizeX:3": 24,
      "x:3": 924,
      "y:3": 72,
      "questIDLow:4": 604,
      "sizeY:3": 24
    },
    "25:10": {
      "questIDHigh:4": 0,
      "sizeX:3": 24,
      "x:3": 336,
      "y:3": 48,
      "questIDLow:4": 730,
      "sizeY:3": 24
    },
    "26:10": {
      "questIDHigh:4": 0,
      "sizeX:3": 24,
      "x:3": 288,
      "y:3": 48,
      "questIDLow:4": 731,
      "sizeY:3": 24
    },
    "27:10": {
      "questIDHigh:4": 0,
      "sizeX:3": 24,
      "x:3": 240,
      "y:3": 48,
      "questIDLow:4": 732,
      "sizeY:3": 24
    },
    "28:10": {
      "questIDHigh:4": 0,
      "sizeX:3": 24,
      "x:3": 144,
      "y:3": 48,
      "questIDLow:4": 733,
      "sizeY:3": 24
    },
    "29:10": {
      "questIDHigh:4": 0,
      "sizeX:3": 24,
      "x:3": 96,
      "y:3": 96,
      "questIDLow:4": 734,
      "sizeY:3": 24
    },
    "30:10": {
      "questIDHigh:4": 0,
      "sizeX:3": 24,
      "x:3": 144,
      "y:3": 96,
      "questIDLow:4": 735,
      "sizeY:3": 24
    },
    "31:10": {
      "questIDHigh:4": 0,
      "sizeX:3": 24,
      "x:3": 144,
      "y:3": 192,
      "questIDLow:4": 736,
      "sizeY:3": 24
    },
    "32:10": {
      "questIDHigh:4": 0,
      "sizeX:3": 48,
      "x:3": 924,
      "y:3": 324,
      "questIDLow:4": 740,
      "sizeY:3": 48
    },
    "33:10": {
      "questIDHigh:4": 0,
      "sizeX:3": 48,
      "x:3": 312,
      "y:3": 540,
      "questIDLow:4": 746,
      "sizeY:3": 48
    },
    "34:10": {
      "questIDHigh:4": 0,
      "sizeX:3": 48,
      "x:3": 48,
      "y:3": 324,
      "questIDLow:4": 749,
      "sizeY:3": 48
    },
    "35:10": {
      "questIDHigh:4": 0,
      "sizeX:3": 48,
      "x:3": 672,
      "y:3": 396,
      "questIDLow:4": 750,
      "sizeY:3": 48
    },
    "36:10": {
      "questIDHigh:4": 0,
      "sizeX:3": 48,
      "x:3": 168,
      "y:3": 324,
      "questIDLow:4": 751,
      "sizeY:3": 48
    },
    "37:10": {
      "questIDHigh:4": 0,
      "sizeX:3": 48,
      "x:3": 420,
      "y:3": 612,
      "questIDLow:4": 752,
      "sizeY:3": 48
    },
    "38:10": {
      "questIDHigh:4": 0,
      "sizeX:3": 72,
      "x:3": 36,
      "y:3": 456,
      "questIDLow:4": 753,
      "sizeY:3": 72
    },
    "39:10": {
      "questIDHigh:4": 0,
      "sizeX:3": 48,
      "x:3": 168,
      "y:3": 468,
      "questIDLow:4": 754,
      "sizeY:3": 48
    },
    "40:10": {
      "questIDHigh:4": 0,
      "sizeX:3": 24,
      "x:3": 336,
      "y:3": 276,
      "questIDLow:4": 757,
      "sizeY:3": 24
    },
    "41:10": {
      "questIDHigh:4": 0,
      "sizeX:3": 48,
      "x:3": 588,
      "y:3": 396,
      "questIDLow:4": 759,
      "sizeY:3": 48
    },
    "42:10": {
      "questIDHigh:4": 0,
      "sizeX:3": 24,
      "x:3": 336,
      "y:3": 312,
      "questIDLow:4": 760,
      "sizeY:3": 24
    },
    "43:10": {
      "questIDHigh:4": 0,
      "sizeX:3": 24,
      "x:3": 552,
      "y:3": 408,
      "questIDLow:4": 773,
      "sizeY:3": 24
    },
    "44:10": {
      "questIDHigh:4": 0,
      "sizeX:3": 24,
      "x:3": 288,
      "y:3": 96,
      "questIDLow:4": 774,
      "sizeY:3": 24
    },
    "45:10": {
      "questIDHigh:4": 0,
      "sizeX:3": 24,
      "x:3": 552,
      "y:3": 444,
      "questIDLow:4": 778,
      "sizeY:3": 24
    },
    "46:10": {
      "questIDHigh:4": 0,
      "sizeX:3": 24,
      "x:3": 240,
      "y:3": 96,
      "questIDLow:4": 780,
      "sizeY:3": 24
    },
    "47:10": {
      "questIDHigh:4": 0,
      "sizeX:3": 48,
      "x:3": 312,
      "y:3": 396,
      "questIDLow:4": 782,
      "sizeY:3": 48
    },
    "48:10": {
      "questIDHigh:4": 0,
      "sizeX:3": 48,
      "x:3": 492,
      "y:3": 612,
      "questIDLow:4": 785,
      "sizeY:3": 48
    },
    "49:10": {
      "questIDHigh:4": 0,
      "sizeX:3": 48,
      "x:3": 240,
      "y:3": 468,
      "questIDLow:4": 791,
      "sizeY:3": 48
    },
    "50:10": {
      "questIDHigh:4": 0,
      "sizeX:3": 48,
      "x:3": 240,
      "y:3": 396,
      "questIDLow:4": 792,
      "sizeY:3": 48
    },
    "51:10": {
      "questIDHigh:4": 0,
      "sizeX:3": 48,
      "x:3": 492,
      "y:3": 540,
      "questIDLow:4": 793,
      "sizeY:3": 48
    },
    "52:10": {
      "questIDHigh:4": 0,
      "sizeX:3": 48,
      "x:3": 420,
      "y:3": 540,
      "questIDLow:4": 794,
      "sizeY:3": 48
    },
    "53:10": {
      "questIDHigh:4": 0,
      "sizeX:3": 48,
      "x:3": 312,
      "y:3": 468,
      "questIDLow:4": 837,
      "sizeY:3": 48
    },
    "54:10": {
      "questIDHigh:4": 0,
      "sizeX:3": 72,
      "x:3": 576,
      "y:3": 528,
      "questIDLow:4": 838,
      "sizeY:3": 72
    },
    "55:10": {
      "questIDHigh:4": 0,
      "sizeX:3": 24,
      "x:3": 96,
      "y:3": 192,
      "questIDLow:4": 842,
      "sizeY:3": 24
    },
    "56:10": {
      "questIDHigh:4": 0,
      "sizeX:3": 24,
      "x:3": 144,
      "y:3": 240,
      "questIDLow:4": 843,
      "sizeY:3": 24
    },
    "57:10": {
      "questIDHigh:4": 0,
      "sizeX:3": 24,
      "x:3": 192,
      "y:3": 192,
      "questIDLow:4": 844,
      "sizeY:3": 24
    },
    "58:10": {
      "questIDHigh:4": 0,
      "sizeX:3": 24,
      "x:3": 192,
      "y:3": 240,
      "questIDLow:4": 845,
      "sizeY:3": 24
    },
    "59:10": {
      "questIDHigh:4": 0,
      "sizeX:3": 48,
      "x:3": 504,
      "y:3": 324,
      "questIDLow:4": 846,
      "sizeY:3": 48
    },
    "60:10": {
      "questIDHigh:4": 0,
      "sizeX:3": 48,
      "x:3": 588,
      "y:3": 324,
      "questIDLow:4": 847,
      "sizeY:3": 48
    },
    "61:10": {
      "questIDHigh:4": 0,
      "sizeX:3": 24,
      "x:3": 96,
      "y:3": 288,
      "questIDLow:4": 848,
      "sizeY:3": 24
    },
    "62:10": {
      "questIDHigh:4": 0,
      "sizeX:3": 24,
      "x:3": 336,
      "y:3": 240,
      "questIDLow:4": 849,
      "sizeY:3": 24
    },
    "63:10": {
      "questIDHigh:4": 0,
      "sizeX:3": 24,
      "x:3": 516,
      "y:3": 444,
      "questIDLow:4": 850,
      "sizeY:3": 24
    },
    "64:10": {
      "questIDHigh:4": 0,
      "sizeX:3": 24,
      "x:3": 516,
      "y:3": 408,
      "questIDLow:4": 852,
      "sizeY:3": 24
    },
    "65:10": {
      "questIDHigh:4": 0,
      "sizeX:3": 48,
      "x:3": 672,
      "y:3": 252,
      "questIDLow:4": 893,
      "sizeY:3": 48
    },
    "66:10": {
      "questIDHigh:4": 0,
      "sizeX:3": 24,
      "x:3": 636,
      "y:3": 240,
      "questIDLow:4": 894,
      "sizeY:3": 24
    },
    "67:10": {
      "questIDHigh:4": 0,
      "sizeX:3": 48,
      "x:3": 756,
      "y:3": 252,
      "questIDLow:4": 895,
      "sizeY:3": 48
    },
    "68:10": {
      "questIDHigh:4": 0,
      "sizeX:3": 48,
      "x:3": 840,
      "y:3": 252,
      "questIDLow:4": 896,
      "sizeY:3": 48
    },
    "69:10": {
      "questIDHigh:4": 0,
      "sizeX:3": 48,
      "x:3": 840,
      "y:3": 324,
      "questIDLow:4": 897,
      "sizeY:3": 48
    },
    "70:10": {
      "questIDHigh:4": 0,
      "sizeX:3": 24,
      "x:3": 840,
      "y:3": 216,
      "questIDLow:4": 931,
      "sizeY:3": 24
    },
    "71:10": {
      "questIDHigh:4": 0,
      "sizeX:3": 24,
      "x:3": 264,
      "y:3": 360,
      "questIDLow:4": 933,
      "sizeY:3": 24
    },
    "72:10": {
      "questIDHigh:4": 0,
      "sizeX:3": 24,
      "x:3": 300,
      "y:3": 360,
      "questIDLow:4": 934,
      "sizeY:3": 24
    },
    "73:10": {
      "questIDHigh:4": 0,
      "sizeX:3": 24,
      "x:3": 264,
      "y:3": 324,
      "questIDLow:4": 935,
      "sizeY:3": 24
    },
    "74:10": {
      "questIDHigh:4": 0,
      "sizeX:3": 24,
      "x:3": 636,
      "y:3": 300,
      "questIDLow:4": 944,
      "sizeY:3": 24
    },
    "75:10": {
      "questIDHigh:4": 0,
      "sizeX:3": 48,
      "x:3": 672,
      "y:3": 324,
      "questIDLow:4": 951,
      "sizeY:3": 48
    },
    "76:10": {
      "questIDHigh:4": 0,
      "sizeX:3": 24,
      "x:3": 828,
      "y:3": 72,
      "questIDLow:4": 953,
      "sizeY:3": 24
    },
    "77:10": {
      "questIDHigh:4": 0,
      "sizeX:3": 48,
      "x:3": 756,
      "y:3": 480,
      "questIDLow:4": 1015,
      "sizeY:3": 48
    },
    "78:10": {
      "questIDHigh:4": 0,
      "sizeX:3": 48,
      "x:3": 756,
      "y:3": 396,
      "questIDLow:4": 1020,
      "sizeY:3": 48
    },
    "79:10": {
      "questIDHigh:4": 0,
      "sizeX:3": 48,
      "x:3": 672,
      "y:3": 480,
      "questIDLow:4": 1021,
      "sizeY:3": 48
    },
    "80:10": {
      "questIDHigh:4": 0,
      "sizeX:3": 48,
      "x:3": 924,
      "y:3": 252,
      "questIDLow:4": 1081,
      "sizeY:3": 48
    },
    "81:10": {
      "questIDHigh:4": 0,
      "sizeX:3": 24,
      "x:3": 288,
      "y:3": 144,
      "questIDLow:4": 1093,
      "sizeY:3": 24
    },
    "82:10": {
      "questIDHigh:4": 0,
      "sizeX:3": 72,
      "x:3": 408,
      "y:3": 144,
      "questIDLow:4": 1148,
      "sizeY:3": 72
    },
    "83:10": {
      "questIDHigh:4": 0,
      "sizeX:3": 24,
      "x:3": 984,
      "y:3": 264,
      "questIDLow:4": 1180,
      "sizeY:3": 24
    },
    "84:10": {
      "questIDHigh:4": 0,
      "sizeX:3": 24,
      "x:3": 240,
      "y:3": 192,
      "questIDLow:4": 1226,
      "sizeY:3": 24
    },
    "85:10": {
      "questIDHigh:4": 0,
      "sizeX:3": 24,
      "x:3": 684,
      "y:3": 540,
      "questIDLow:4": 1227,
      "sizeY:3": 24
    },
    "86:10": {
      "questIDHigh:4": 0,
      "sizeX:3": 24,
      "x:3": 804,
      "y:3": 216,
      "questIDLow:4": 1279,
      "sizeY:3": 24
    },
    "87:10": {
      "questIDHigh:4": 0,
      "sizeX:3": 24,
      "x:3": 468,
      "y:3": 96,
      "questIDLow:4": 1320,
      "sizeY:3": 24
    },
    "88:10": {
      "questIDHigh:4": 0,
      "sizeX:3": 24,
      "x:3": 432,
      "y:3": 96,
      "questIDLow:4": 1321,
      "sizeY:3": 24
    },
    "89:10": {
      "questIDHigh:4": 0,
      "sizeX:3": 24,
      "x:3": 336,
      "y:3": 144,
      "questIDLow:4": 1322,
      "sizeY:3": 24
    },
    "90:10": {
      "questIDHigh:4": 0,
      "sizeX:3": 24,
      "x:3": 144,
      "y:3": 144,
      "questIDLow:4": 1323,
      "sizeY:3": 24
    },
    "91:10": {
      "questIDHigh:4": 0,
      "sizeX:3": 24,
      "x:3": 144,
      "y:3": 288,
      "questIDLow:4": 1324,
      "sizeY:3": 24
    },
    "92:10": {
      "questIDHigh:4": 0,
      "sizeX:3": 24,
      "x:3": 96,
      "y:3": 408,
      "questIDLow:4": 1404,
      "sizeY:3": 24
    },
    "93:10": {
      "questIDHigh:4": 0,
      "sizeX:3": 24,
      "x:3": 108,
      "y:3": 552,
      "questIDLow:4": 1417,
      "sizeY:3": 24
    },
    "94:10": {
      "questIDHigh:4": 0,
      "sizeX:3": 48,
      "x:3": 708,
      "y:3": 84,
      "questIDLow:4": 1477,
      "sizeY:3": 48
    },
    "95:10": {
      "questIDHigh:4": 0,
      "sizeX:3": 48,
      "x:3": 636,
      "y:3": 84,
      "questIDLow:4": 1478,
      "sizeY:3": 48
    },
    "96:10": {
      "questIDHigh:4": 0,
      "sizeX:3": 24,
      "x:3": 720,
      "y:3": 48,
      "questIDLow:4": 1482,
      "sizeY:3": 24
    },
    "97:10": {
      "questIDHigh:4": 0,
      "sizeX:3": 24,
      "x:3": 456,
      "y:3": 432,
      "questIDLow:4": 1492,
      "sizeY:3": 24
    },
    "98:10": {
      "questIDHigh:4": 0,
      "sizeX:3": 24,
      "x:3": 60,
      "y:3": 552,
      "questIDLow:4": 1494,
      "sizeY:3": 24
    },
    "99:10": {
      "questIDHigh:4": 0,
      "sizeX:3": 24,
      "x:3": 780,
      "y:3": 120,
      "questIDLow:4": 1518,
      "sizeY:3": 24
    },
    "100:10": {
      "questIDHigh:4": 0,
      "sizeX:3": 24,
      "x:3": 864,
      "y:3": 468,
      "questIDLow:4": 1520,
      "sizeY:3": 24
    },
    "101:10": {
      "questIDHigh:4": 0,
      "sizeX:3": 24,
      "x:3": 876,
      "y:3": 72,
      "questIDLow:4": 1527,
      "sizeY:3": 24
    },
    "102:10": {
      "questIDHigh:4": 0,
      "sizeX:3": 24,
      "x:3": 192,
      "y:3": 288,
      "questIDLow:4": 1544,
      "sizeY:3": 24
    },
    "103:10": {
      "questIDHigh:4": 0,
      "sizeX:3": 24,
      "x:3": 876,
      "y:3": 216,
      "questIDLow:4": 1547,
      "sizeY:3": 24
    },
    "104:10": {
      "questIDHigh:4": 0,
      "sizeX:3": 24,
      "x:3": 456,
      "y:3": 384,
      "questIDLow:4": 1549,
      "sizeY:3": 24
    },
    "105:10": {
      "questIDHigh:4": 0,
      "sizeX:3": 48,
      "x:3": 840,
      "y:3": 396,
      "questIDLow:4": 1598,
      "sizeY:3": 48
    },
    "106:10": {
      "questIDHigh:4": 0,
      "sizeX:3": 24,
      "x:3": 912,
      "y:3": 384,
      "questIDLow:4": 1614,
      "sizeY:3": 24
    },
    "107:10": {
      "questIDHigh:4": 0,
      "sizeX:3": 24,
      "x:3": 876,
      "y:3": 24,
      "questIDLow:4": 1643,
      "sizeY:3": 24
    },
    "108:10": {
      "questIDHigh:4": 0,
      "sizeX:3": 24,
      "x:3": 984,
      "y:3": 312,
      "questIDLow:4": 1736,
      "sizeY:3": 24
    },
    "109:10": {
      "questIDHigh:4": 0,
      "sizeX:3": 24,
      "x:3": 552,
      "y:3": 252,
      "questIDLow:4": 1744,
      "sizeY:3": 24
    },
    "110:10": {
      "questIDHigh:4": 0,
      "sizeX:3": 48,
      "x:3": 420,
      "y:3": 468,
      "questIDLow:4": 1788,
      "sizeY:3": 48
    },
    "111:10": {
      "questIDHigh:4": 0,
      "sizeX:3": 24,
      "x:3": 372,
      "y:3": 336,
      "questIDLow:4": 1819,
      "sizeY:3": 24
    },
    "112:10": {
      "questIDHigh:4": 0,
      "sizeX:3": 24,
      "x:3": 600,
      "y:3": 492,
      "questIDLow:4": 1823,
      "sizeY:3": 24
    },
    "113:10": {
      "questIDHigh:4": 0,
      "sizeX:3": 24,
      "x:3": 876,
      "y:3": 120,
      "questIDLow:4": 1835,
      "sizeY:3": 24
    },
    "114:10": {
      "questIDHigh:4": 0,
      "sizeX:3": 24,
      "x:3": 636,
      "y:3": 204,
      "questIDLow:4": 1850,
      "sizeY:3": 24
    },
    "115:10": {
      "questIDHigh:4": 0,
      "sizeX:3": 48,
      "x:3": 672,
      "y:3": 156,
      "questIDLow:4": 1867,
      "sizeY:3": 48
    },
    "116:10": {
      "questIDHigh:4": 0,
      "sizeX:3": 48,
      "x:3": 168,
      "y:3": 396,
      "questIDLow:4": 1868,
      "sizeY:3": 48
    },
    "117:10": {
      "questIDHigh:4": 0,
      "sizeX:3": 24,
      "x:3": 600,
      "y:3": 288,
      "questIDLow:4": 1872,
      "sizeY:3": 24
    },
    "118:10": {
      "questIDHigh:4": 0,
      "sizeX:3": 24,
      "x:3": 600,
      "y:3": 252,
      "questIDLow:4": 1873,
      "sizeY:3": 24
    },
    "119:10": {
      "questIDHigh:4": 0,
      "sizeX:3": 24,
      "x:3": 600,
      "y:3": 216,
      "questIDLow:4": 1874,
      "sizeY:3": 24
    },
    "120:10": {
      "questIDHigh:4": 0,
      "sizeX:3": 24,
      "x:3": 132,
      "y:3": 432,
      "questIDLow:4": 1898,
      "sizeY:3": 24
    },
    "121:10": {
      "questIDHigh:4": 0,
      "sizeX:3": 24,
      "x:3": 960,
      "y:3": 216,
      "questIDLow:4": 1907,
      "sizeY:3": 24
    },
    "122:10": {
      "questIDHigh:4": 0,
      "sizeX:3": 24,
      "x:3": 984,
      "y:3": 360,
      "questIDLow:4": 1910,
      "sizeY:3": 24
    },
    "123:10": {
      "questIDHigh:4": 0,
      "sizeX:3": 24,
      "x:3": 636,
      "y:3": 144,
      "questIDLow:4": 1913,
      "sizeY:3": 24
    },
    "124:10": {
      "questIDHigh:4": 0,
      "sizeX:3": 24,
      "x:3": 600,
      "y:3": 144,
      "questIDLow:4": 1914,
      "sizeY:3": 24
    },
    "125:10": {
      "questIDHigh:4": 0,
      "sizeX:3": 24,
      "x:3": 648,
      "y:3": 48,
      "questIDLow:4": 1916,
      "sizeY:3": 24
    },
    "126:10": {
      "questIDHigh:4": 0,
      "sizeX:3": 24,
      "x:3": 648,
      "y:3": 12,
      "questIDLow:4": 1917,
      "sizeY:3": 24
    },
    "127:10": {
      "questIDHigh:4": 0,
      "sizeX:3": 24,
      "x:3": 1020,
      "y:3": 264,
      "questIDLow:4": 2014,
      "sizeY:3": 24
    },
    "128:10": {
      "questIDHigh:4": 0,
      "sizeX:3": 24,
      "x:3": 492,
      "y:3": 264,
      "questIDLow:4": 2043,
      "sizeY:3": 24
    },
    "129:10": {
      "questIDHigh:4": 0,
      "sizeX:3": 24,
      "x:3": 972,
      "y:3": 24,
      "questIDLow:4": 2086,
      "sizeY:3": 24
    },
    "130:10": {
      "questIDHigh:4": 0,
      "sizeX:3": 24,
      "x:3": 948,
      "y:3": 384,
      "questIDLow:4": 2110,
      "sizeY:3": 24
    },
    "131:10": {
      "questIDHigh:4": 0,
      "sizeX:3": 24,
      "x:3": 528,
      "y:3": 144,
      "questIDLow:4": 2141,
      "sizeY:3": 24
    },
    "132:10": {
      "questIDHigh:4": 0,
      "sizeX:3": 24,
      "x:3": 240,
      "y:3": 144,
      "questIDLow:4": 2253,
      "sizeY:3": 24
    },
    "133:10": {
      "questIDHigh:4": 0,
      "sizeX:3": 24,
      "x:3": 912,
      "y:3": 420,
      "questIDLow:4": 2409,
      "sizeY:3": 24
    },
    "134:10": {
      "questIDHigh:4": 0,
      "sizeX:3": 24,
      "x:3": 912,
      "y:3": 216,
      "questIDLow:4": 2414,
      "sizeY:3": 24
    },
    "135:10": {
      "questIDHigh:4": 0,
      "sizeX:3": 24,
      "x:3": 876,
      "y:3": 168,
      "questIDLow:4": 2426,
      "sizeY:3": 24
    },
    "136:10": {
      "questIDHigh:4": 0,
      "sizeX:3": 24,
      "x:3": 600,
      "y:3": 456,
      "questIDLow:4": 2736,
      "sizeY:3": 24
    },
    "137:10": {
      "questIDHigh:4": 0,
      "sizeX:3": 24,
      "x:3": 264,
      "y:3": 288,
      "questIDLow:4": 2975,
      "sizeY:3": 24
    },
    "138:10": {
      "questIDHigh:4": 0,
      "sizeX:3": 24,
      "x:3": 96,
      "y:3": 144,
      "questIDLow:4": 3069,
      "sizeY:3": 24
    },
    "139:10": {
      "questIDHigh:4": 0,
      "sizeX:3": 24,
      "x:3": 192,
      "y:3": 96,
      "questIDLow:4": 3070,
      "sizeY:3": 24
    },
    "140:10": {
      "questIDHigh:4": 0,
      "sizeX:3": 48,
      "x:3": 168,
      "y:3": 540,
      "questIDLow:4": 3071,
      "sizeY:3": 48
    },
    "141:10": {
      "questIDHigh:4": 0,
      "sizeX:3": 48,
      "x:3": 240,
      "y:3": 540,
      "questIDLow:4": 3072,
      "sizeY:3": 48
    },
    "142:10": {
      "questIDHigh:4": 0,
      "sizeX:3": 48,
      "x:3": 240,
      "y:3": 612,
      "questIDLow:4": 3073,
      "sizeY:3": 48
    },
    "143:10": {
      "questIDHigh:4": 0,
      "sizeX:3": 48,
      "x:3": 420,
      "y:3": 324,
      "questIDLow:4": 3211,
      "sizeY:3": 48
    },
    "144:10": {
      "questIDHigh:4": 0,
      "sizeX:3": 24,
      "x:3": 408,
      "y:3": 384,
      "questIDLow:4": 3212,
      "sizeY:3": 24
    },
    "145:10": {
      "questIDHigh:4": 0,
      "sizeX:3": 24,
      "x:3": 408,
      "y:3": 432,
      "questIDLow:4": 3213,
      "sizeY:3": 24
    },
    "146:10": {
      "questIDHigh:4": 0,
      "sizeX:3": 24,
      "x:3": 372,
      "y:3": 408,
      "questIDLow:4": 3214,
      "sizeY:3": 24
    }
  },
  "questLineIDLow:4": 4,
  "questLineIDHigh:4": 0,
  "properties:10": {
    "betterquesting:10": {
      "visibility:8": "UNLOCKED",
      "name:8": "Tier 2 - MV",
      "icon:10": {
        "id:8": "IC2:itemPartCircuitAdv",
        "Count:3": 1,
        "Damage:2": 0,
        "OreDict:8": ""
      },
      "bg_image:8": "",
      "bg_size:3": 256,
      "desc:8": "Your second voltage tier. Don\u0027t mix different voltage levels, or you\u0027ll have a fancy new crater. Start thinking about how to expand your base. \n\nBTW, for OCing purposes, this counts as tier 2, ULV doesn\u0027t count."
    }
  }
}