{
  "quests:9": {
    "0:10": {
      "questIDHigh:4": 0,
      "sizeX:3": 24,
      "x:3": 564,
      "y:3": 156,
      "questIDLow:4": 375,
      "sizeY:3": 24
    },
    "1:10": {
      "questIDHigh:4": 0,
      "sizeX:3": 24,
      "x:3": 564,
      "y:3": 252,
      "questIDLow:4": 376,
      "sizeY:3": 24
    },
    "2:10": {
      "questIDHigh:4": 0,
      "sizeX:3": 24,
      "x:3": 648,
      "y:3": 216,
      "questIDLow:4": 377,
      "sizeY:3": 24
    },
    "3:10": {
      "questIDHigh:4": 0,
      "sizeX:3": 24,
      "x:3": 600,
      "y:3": 216,
      "questIDLow:4": 378,
      "sizeY:3": 24
    },
    "4:10": {
      "questIDHigh:4": 0,
      "sizeX:3": 24,
      "x:3": 528,
      "y:3": 216,
      "questIDLow:4": 379,
      "sizeY:3": 24
    },
    "5:10": {
      "questIDHigh:4": 0,
      "sizeX:3": 24,
      "x:3": 480,
      "y:3": 216,
      "questIDLow:4": 380,
      "sizeY:3": 24
    },
    "6:10": {
      "questIDHigh:4": 0,
      "sizeX:3": 24,
      "x:3": 648,
      "y:3": 288,
      "questIDLow:4": 381,
      "sizeY:3": 24
    },
    "7:10": {
      "questIDHigh:4": 0,
      "sizeX:3": 24,
      "x:3": 600,
      "y:3": 288,
      "questIDLow:4": 382,
      "sizeY:3": 24
    },
    "8:10": {
      "questIDHigh:4": 0,
      "sizeX:3": 24,
      "x:3": 528,
      "y:3": 288,
      "questIDLow:4": 383,
      "sizeY:3": 24
    },
    "9:10": {
      "questIDHigh:4": 0,
      "sizeX:3": 24,
      "x:3": 480,
      "y:3": 288,
      "questIDLow:4": 384,
      "sizeY:3": 24
    },
    "10:10": {
      "questIDHigh:4": 0,
      "sizeX:3": 24,
      "x:3": 564,
      "y:3": 348,
      "questIDLow:4": 385,
      "sizeY:3": 24
    },
    "11:10": {
      "questIDHigh:4": 0,
      "sizeX:3": 24,
      "x:3": 552,
      "y:3": 108,
      "questIDLow:4": 457,
      "sizeY:3": 24
    },
    "12:10": {
      "questIDHigh:4": 0,
      "sizeX:3": 48,
      "x:3": 48,
      "y:3": 336,
      "questIDLow:4": 1197,
      "sizeY:3": 48
    },
    "13:10": {
      "questIDHigh:4": 0,
      "sizeX:3": 48,
      "x:3": 156,
      "y:3": 432,
      "questIDLow:4": 1199,
      "sizeY:3": 48
    },
    "14:10": {
      "questIDHigh:4": 0,
      "sizeX:3": 48,
      "x:3": 372,
      "y:3": 48,
      "questIDLow:4": 2005,
      "sizeY:3": 48
    },
    "15:10": {
      "questIDHigh:4": 0,
      "sizeX:3": 48,
      "x:3": 480,
      "y:3": 48,
      "questIDLow:4": 2006,
      "sizeY:3": 48
    },
    "16:10": {
      "questIDHigh:4": 0,
      "sizeX:3": 72,
      "x:3": 252,
      "y:3": 36,
      "questIDLow:4": 2610,
      "sizeY:3": 72
    },
    "17:10": {
      "questIDHigh:4": 0,
      "sizeX:3": 48,
      "x:3": 156,
      "y:3": 48,
      "questIDLow:4": 2611,
      "sizeY:3": 48
    },
    "18:10": {
      "questIDHigh:4": 0,
      "sizeX:3": 48,
      "x:3": 48,
      "y:3": 48,
      "questIDLow:4": 2612,
      "sizeY:3": 48
    },
    "19:10": {
      "questIDHigh:4": 0,
      "sizeX:3": 48,
      "x:3": 264,
      "y:3": 144,
      "questIDLow:4": 2619,
      "sizeY:3": 48
    },
    "20:10": {
      "questIDHigh:4": 0,
      "sizeX:3": 48,
      "x:3": 48,
      "y:3": 240,
      "questIDLow:4": 2622,
      "sizeY:3": 48
    },
    "21:10": {
      "questIDHigh:4": 0,
      "sizeX:3": 48,
      "x:3": 156,
      "y:3": 144,
      "questIDLow:4": 2625,
      "sizeY:3": 48
    },
    "22:10": {
      "questIDHigh:4": 0,
      "sizeX:3": 48,
      "x:3": 264,
      "y:3": 240,
      "questIDLow:4": 2627,
      "sizeY:3": 48
    },
    "23:10": {
      "questIDHigh:4": 0,
      "sizeX:3": 48,
      "x:3": 372,
      "y:3": 144,
      "questIDLow:4": 2630,
      "sizeY:3": 48
    },
    "24:10": {
      "questIDHigh:4": 0,
      "sizeX:3": 48,
      "x:3": 372,
      "y:3": 336,
      "questIDLow:4": 2631,
      "sizeY:3": 48
    },
    "25:10": {
      "questIDHigh:4": 0,
      "sizeX:3": 48,
      "x:3": 372,
      "y:3": 240,
      "questIDLow:4": 2632,
      "sizeY:3": 48
    },
    "26:10": {
      "questIDHigh:4": 0,
      "sizeX:3": 24,
      "x:3": 324,
      "y:3": 300,
      "questIDLow:4": 2634,
      "sizeY:3": 24
    },
    "27:10": {
      "questIDHigh:4": 0,
      "sizeX:3": 24,
      "x:3": 276,
      "y:3": 300,
      "questIDLow:4": 2637,
      "sizeY:3": 24
    },
    "28:10": {
      "questIDHigh:4": 0,
      "sizeX:3": 24,
      "x:3": 216,
      "y:3": 108,
      "questIDLow:4": 2646,
      "sizeY:3": 24
    },
    "29:10": {
      "questIDHigh:4": 0,
      "sizeX:3": 48,
      "x:3": 48,
      "y:3": 432,
      "questIDLow:4": 2658,
      "sizeY:3": 48
    },
    "30:10": {
      "questIDHigh:4": 0,
      "sizeX:3": 48,
      "x:3": 156,
      "y:3": 240,
      "questIDLow:4": 2669,
      "sizeY:3": 48
    },
    "31:10": {
      "questIDHigh:4": 0,
      "sizeX:3": 24,
      "x:3": 552,
      "y:3": 60,
      "questIDLow:4": 2671,
      "sizeY:3": 24
    },
    "32:10": {
      "questIDHigh:4": 0,
      "sizeX:3": 24,
      "x:3": 432,
      "y:3": 36,
      "questIDLow:4": 2678,
      "sizeY:3": 24
    },
    "33:10": {
      "questIDHigh:4": 0,
      "sizeX:3": 24,
      "x:3": 432,
      "y:3": 84,
      "questIDLow:4": 2682,
      "sizeY:3": 24
    },
    "34:10": {
      "questIDHigh:4": 0,
      "sizeX:3": 24,
      "x:3": 384,
      "y:3": 12,
      "questIDLow:4": 2683,
      "sizeY:3": 24
    },
    "35:10": {
      "questIDHigh:4": 0,
      "sizeX:3": 24,
      "x:3": 492,
      "y:3": 12,
      "questIDLow:4": 2730,
      "sizeY:3": 24
    },
    "36:10": {
      "questIDHigh:4": 0,
      "sizeX:3": 24,
      "x:3": 492,
      "y:3": 108,
      "questIDLow:4": 2731,
      "sizeY:3": 24
    },
    "37:10": {
      "questIDHigh:4": 0,
      "sizeX:3": 24,
      "x:3": 396,
      "y:3": -60,
      "questIDLow:4": 2919,
      "sizeY:3": 24
    },
    "38:10": {
      "questIDHigh:4": 0,
      "sizeX:3": 24,
      "x:3": 300,
      "y:3": -12,
      "questIDLow:4": 2920,
      "sizeY:3": 24
    },
    "39:10": {
      "questIDHigh:4": 0,
      "sizeX:3": 24,
      "x:3": 300,
      "y:3": -60,
      "questIDLow:4": 2945,
      "sizeY:3": 24
    },
    "40:10": {
      "questIDHigh:4": 0,
      "sizeX:3": 24,
      "x:3": 348,
      "y:3": -12,
      "questIDLow:4": 2946,
      "sizeY:3": 24
    },
    "41:10": {
      "questIDHigh:4": 0,
      "sizeX:3": 24,
      "x:3": 348,
      "y:3": -60,
      "questIDLow:4": 2947,
      "sizeY:3": 24
    },
    "42:10": {
      "questIDHigh:4": 0,
      "sizeX:3": 24,
      "x:3": 108,
      "y:3": -12,
      "questIDLow:4": 2949,
      "sizeY:3": 24
    },
    "43:10": {
      "questIDHigh:4": 0,
      "sizeX:3": 24,
      "x:3": 252,
      "y:3": -12,
      "questIDLow:4": 2950,
      "sizeY:3": 24
    },
    "44:10": {
      "questIDHigh:4": 0,
      "sizeX:3": 24,
      "x:3": 252,
      "y:3": -60,
      "questIDLow:4": 2951,
      "sizeY:3": 24
    },
    "45:10": {
      "questIDHigh:4": 0,
      "sizeX:3": 24,
      "x:3": 204,
      "y:3": -12,
      "questIDLow:4": 2952,
      "sizeY:3": 24
    },
    "46:10": {
      "questIDHigh:4": 0,
      "sizeX:3": 24,
      "x:3": 204,
      "y:3": -60,
      "questIDLow:4": 2953,
      "sizeY:3": 24
    },
    "47:10": {
      "questIDHigh:4": 0,
      "sizeX:3": 24,
      "x:3": 156,
      "y:3": -12,
      "questIDLow:4": 2954,
      "sizeY:3": 24
    },
    "48:10": {
      "questIDHigh:4": 0,
      "sizeX:3": 24,
      "x:3": 156,
      "y:3": -60,
      "questIDLow:4": 2955,
      "sizeY:3": 24
    },
    "49:10": {
      "questIDHigh:4": 0,
      "sizeX:3": 48,
      "x:3": 552,
      "y:3": 432,
      "questIDLow:4": 3251,
      "sizeY:3": 48
    }
  },
  "questLineIDLow:4": 30,
  "questLineIDHigh:4": 0,
  "properties:10": {
    "betterquesting:10": {
      "visibility:8": "UNLOCKED",
      "name:8": "Tier 7 - ZPM",
      "icon:10": {
        "id:8": "gregtech:gt.metaitem.01",
        "Count:3": 1,
        "tag:10": {
          "GT.ItemCharge:4": 2000000000000
        },
        "Damage:2": 32598,
        "OreDict:8": ""
      },
      "bg_image:8": "",
      "bg_size:3": 256,
      "desc:8": "Congratulations, you\u0027ve completed the platline, assline, CAL, §oand§r fusion reactor and made it to the Zero Point Module tier. You\u0027re well into the late game now, but there\u0027s still a lot of stuff to do. Good luck!"
    }
  }
}