{
  "quests:9": {
    "0:10": {
      "questIDHigh:4": 0,
      "sizeX:3": 72,
      "x:3": 540,
      "y:3": 252,
      "questIDLow:4": 176,
      "sizeY:3": 72
    },
    "1:10": {
      "questIDHigh:4": 0,
      "sizeX:3": 48,
      "x:3": 228,
      "y:3": 348,
      "questIDLow:4": 186,
      "sizeY:3": 48
    },
    "2:10": {
      "questIDHigh:4": 0,
      "sizeX:3": 24,
      "x:3": 132,
      "y:3": 444,
      "questIDLow:4": 187,
      "sizeY:3": 24
    },
    "3:10": {
      "questIDHigh:4": 0,
      "sizeX:3": 24,
      "x:3": 36,
      "y:3": 444,
      "questIDLow:4": 188,
      "sizeY:3": 24
    },
    "4:10": {
      "questIDHigh:4": 0,
      "sizeX:3": 24,
      "x:3": 852,
      "y:3": 204,
      "questIDLow:4": 189,
      "sizeY:3": 24
    },
    "5:10": {
      "questIDHigh:4": 0,
      "sizeX:3": 48,
      "x:3": 792,
      "y:3": 264,
      "questIDLow:4": 190,
      "sizeY:3": 48
    },
    "6:10": {
      "questIDHigh:4": 0,
      "sizeX:3": 24,
      "x:3": 804,
      "y:3": 324,
      "questIDLow:4": 193,
      "sizeY:3": 24
    },
    "7:10": {
      "questIDHigh:4": 0,
      "sizeX:3": 24,
      "x:3": 804,
      "y:3": 192,
      "questIDLow:4": 194,
      "sizeY:3": 24
    },
    "8:10": {
      "questIDHigh:4": 0,
      "sizeX:3": 24,
      "x:3": 804,
      "y:3": 228,
      "questIDLow:4": 195,
      "sizeY:3": 24
    },
    "9:10": {
      "questIDHigh:4": 0,
      "sizeX:3": 24,
      "x:3": 852,
      "y:3": 312,
      "questIDLow:4": 196,
      "sizeY:3": 24
    },
    "10:10": {
      "questIDHigh:4": 0,
      "sizeX:3": 24,
      "x:3": 852,
      "y:3": 240,
      "questIDLow:4": 197,
      "sizeY:3": 24
    },
    "11:10": {
      "questIDHigh:4": 0,
      "sizeX:3": 24,
      "x:3": 660,
      "y:3": 216,
      "questIDLow:4": 199,
      "sizeY:3": 24
    },
    "12:10": {
      "questIDHigh:4": 0,
      "sizeX:3": 24,
      "x:3": 708,
      "y:3": 216,
      "questIDLow:4": 200,
      "sizeY:3": 24
    },
    "13:10": {
      "questIDHigh:4": 0,
      "sizeX:3": 36,
      "x:3": 480,
      "y:3": 276,
      "questIDLow:4": 212,
      "sizeY:3": 36
    },
    "14:10": {
      "questIDHigh:4": 0,
      "sizeX:3": 48,
      "x:3": 456,
      "y:3": 24,
      "questIDLow:4": 394,
      "sizeY:3": 48
    },
    "15:10": {
      "questIDHigh:4": 0,
      "sizeX:3": 36,
      "x:3": 528,
      "y:3": 72,
      "questIDLow:4": 459,
      "sizeY:3": 36
    },
    "16:10": {
      "questIDHigh:4": 0,
      "sizeX:3": 36,
      "x:3": 528,
      "y:3": 132,
      "questIDLow:4": 460,
      "sizeY:3": 36
    },
    "17:10": {
      "questIDHigh:4": 0,
      "sizeX:3": 36,
      "x:3": 528,
      "y:3": 192,
      "questIDLow:4": 461,
      "sizeY:3": 36
    },
    "18:10": {
      "questIDHigh:4": 0,
      "sizeX:3": 24,
      "x:3": 420,
      "y:3": 96,
      "questIDLow:4": 805,
      "sizeY:3": 24
    },
    "19:10": {
      "questIDHigh:4": 0,
      "sizeX:3": 24,
      "x:3": 660,
      "y:3": 180,
      "questIDLow:4": 859,
      "sizeY:3": 24
    },
    "20:10": {
      "questIDHigh:4": 0,
      "sizeX:3": 48,
      "x:3": 228,
      "y:3": 516,
      "questIDLow:4": 861,
      "sizeY:3": 48
    },
    "21:10": {
      "questIDHigh:4": 0,
      "sizeX:3": 24,
      "x:3": 516,
      "y:3": 348,
      "questIDLow:4": 1005,
      "sizeY:3": 24
    },
    "22:10": {
      "questIDHigh:4": 0,
      "sizeX:3": 48,
      "x:3": 204,
      "y:3": 84,
      "questIDLow:4": 1223,
      "sizeY:3": 48
    },
    "23:10": {
      "questIDHigh:4": 0,
      "sizeX:3": 36,
      "x:3": 588,
      "y:3": 0,
      "questIDLow:4": 1224,
      "sizeY:3": 36
    },
    "24:10": {
      "questIDHigh:4": 0,
      "sizeX:3": 36,
      "x:3": 648,
      "y:3": 132,
      "questIDLow:4": 1228,
      "sizeY:3": 36
    },
    "25:10": {
      "questIDHigh:4": 0,
      "sizeX:3": 36,
      "x:3": 588,
      "y:3": 192,
      "questIDLow:4": 1229,
      "sizeY:3": 36
    },
    "26:10": {
      "questIDHigh:4": 0,
      "sizeX:3": 36,
      "x:3": 588,
      "y:3": 132,
      "questIDLow:4": 1230,
      "sizeY:3": 36
    },
    "27:10": {
      "questIDHigh:4": 0,
      "sizeX:3": 36,
      "x:3": 408,
      "y:3": 0,
      "questIDLow:4": 1234,
      "sizeY:3": 36
    },
    "28:10": {
      "questIDHigh:4": 0,
      "sizeX:3": 24,
      "x:3": 348,
      "y:3": 180,
      "questIDLow:4": 1241,
      "sizeY:3": 24
    },
    "29:10": {
      "questIDHigh:4": 0,
      "sizeX:3": 24,
      "x:3": 660,
      "y:3": 252,
      "questIDLow:4": 1242,
      "sizeY:3": 24
    },
    "30:10": {
      "questIDHigh:4": 0,
      "sizeX:3": 24,
      "x:3": 180,
      "y:3": 444,
      "questIDLow:4": 1243,
      "sizeY:3": 24
    },
    "31:10": {
      "questIDHigh:4": 0,
      "sizeX:3": 24,
      "x:3": 84,
      "y:3": 444,
      "questIDLow:4": 1244,
      "sizeY:3": 24
    },
    "32:10": {
      "questIDHigh:4": 0,
      "sizeX:3": 48,
      "x:3": 456,
      "y:3": 168,
      "questIDLow:4": 1245,
      "sizeY:3": 48
    },
    "33:10": {
      "questIDHigh:4": 0,
      "sizeX:3": 48,
      "x:3": 288,
      "y:3": 84,
      "questIDLow:4": 1246,
      "sizeY:3": 48
    },
    "34:10": {
      "questIDHigh:4": 0,
      "sizeX:3": 48,
      "x:3": 288,
      "y:3": 168,
      "questIDLow:4": 1247,
      "sizeY:3": 48
    },
    "35:10": {
      "questIDHigh:4": 0,
      "sizeX:3": 48,
      "x:3": 120,
      "y:3": 0,
      "questIDLow:4": 1248,
      "sizeY:3": 48
    },
    "36:10": {
      "questIDHigh:4": 0,
      "sizeX:3": 36,
      "x:3": 336,
      "y:3": 0,
      "questIDLow:4": 1249,
      "sizeY:3": 36
    },
    "37:10": {
      "questIDHigh:4": 0,
      "sizeX:3": 48,
      "x:3": 120,
      "y:3": 84,
      "questIDLow:4": 1250,
      "sizeY:3": 48
    },
    "38:10": {
      "questIDHigh:4": 0,
      "sizeX:3": 48,
      "x:3": 120,
      "y:3": 168,
      "questIDLow:4": 1251,
      "sizeY:3": 48
    },
    "39:10": {
      "questIDHigh:4": 0,
      "sizeX:3": 48,
      "x:3": 384,
      "y:3": 168,
      "questIDLow:4": 1252,
      "sizeY:3": 48
    },
    "40:10": {
      "questIDHigh:4": 0,
      "sizeX:3": 48,
      "x:3": 120,
      "y:3": 252,
      "questIDLow:4": 1261,
      "sizeY:3": 48
    },
    "41:10": {
      "questIDHigh:4": 0,
      "sizeX:3": 24,
      "x:3": 708,
      "y:3": 252,
      "questIDLow:4": 1263,
      "sizeY:3": 24
    },
    "42:10": {
      "questIDHigh:4": 0,
      "sizeX:3": 48,
      "x:3": 456,
      "y:3": 96,
      "questIDLow:4": 1406,
      "sizeY:3": 48
    },
    "43:10": {
      "questIDHigh:4": 0,
      "sizeX:3": 24,
      "x:3": 348,
      "y:3": 96,
      "questIDLow:4": 1407,
      "sizeY:3": 24
    },
    "44:10": {
      "questIDHigh:4": 0,
      "sizeX:3": 24,
      "x:3": 180,
      "y:3": 528,
      "questIDLow:4": 1408,
      "sizeY:3": 24
    },
    "45:10": {
      "questIDHigh:4": 0,
      "sizeX:3": 24,
      "x:3": 132,
      "y:3": 528,
      "questIDLow:4": 1415,
      "sizeY:3": 24
    },
    "46:10": {
      "questIDHigh:4": 0,
      "sizeX:3": 24,
      "x:3": 432,
      "y:3": 240,
      "questIDLow:4": 1474,
      "sizeY:3": 24
    },
    "47:10": {
      "questIDHigh:4": 0,
      "sizeX:3": 24,
      "x:3": 336,
      "y:3": 240,
      "questIDLow:4": 1480,
      "sizeY:3": 24
    },
    "48:10": {
      "questIDHigh:4": 0,
      "sizeX:3": 36,
      "x:3": 180,
      "y:3": 276,
      "questIDLow:4": 1491,
      "sizeY:3": 36
    },
    "49:10": {
      "questIDHigh:4": 0,
      "sizeX:3": 36,
      "x:3": 696,
      "y:3": 312,
      "questIDLow:4": 1652,
      "sizeY:3": 36
    },
    "50:10": {
      "questIDHigh:4": 0,
      "sizeX:3": 24,
      "x:3": 300,
      "y:3": 360,
      "questIDLow:4": 1655,
      "sizeY:3": 24
    },
    "51:10": {
      "questIDHigh:4": 0,
      "sizeX:3": 24,
      "x:3": 348,
      "y:3": 360,
      "questIDLow:4": 1656,
      "sizeY:3": 24
    },
    "52:10": {
      "questIDHigh:4": 0,
      "sizeX:3": 24,
      "x:3": 348,
      "y:3": 408,
      "questIDLow:4": 1657,
      "sizeY:3": 24
    },
    "53:10": {
      "questIDHigh:4": 0,
      "sizeX:3": 24,
      "x:3": 348,
      "y:3": 456,
      "questIDLow:4": 1658,
      "sizeY:3": 24
    },
    "54:10": {
      "questIDHigh:4": 0,
      "sizeX:3": 24,
      "x:3": 300,
      "y:3": 456,
      "questIDLow:4": 1659,
      "sizeY:3": 24
    },
    "55:10": {
      "questIDHigh:4": 0,
      "sizeX:3": 36,
      "x:3": 660,
      "y:3": 0,
      "questIDLow:4": 1675,
      "sizeY:3": 36
    },
    "56:10": {
      "questIDHigh:4": 0,
      "sizeX:3": 36,
      "x:3": 732,
      "y:3": 0,
      "questIDLow:4": 1676,
      "sizeY:3": 36
    },
    "57:10": {
      "questIDHigh:4": 0,
      "sizeX:3": 36,
      "x:3": 732,
      "y:3": 72,
      "questIDLow:4": 1677,
      "sizeY:3": 36
    },
    "58:10": {
      "questIDHigh:4": 0,
      "sizeX:3": 24,
      "x:3": 300,
      "y:3": 408,
      "questIDLow:4": 1847,
      "sizeY:3": 24
    },
    "59:10": {
      "questIDHigh:4": 0,
      "sizeX:3": 24,
      "x:3": 84,
      "y:3": 12,
      "questIDLow:4": 1878,
      "sizeY:3": 24
    },
    "60:10": {
      "questIDHigh:4": 0,
      "sizeX:3": 24,
      "x:3": 48,
      "y:3": 48,
      "questIDLow:4": 1879,
      "sizeY:3": 24
    },
    "61:10": {
      "questIDHigh:4": 0,
      "sizeX:3": 24,
      "x:3": 48,
      "y:3": 12,
      "questIDLow:4": 1880,
      "sizeY:3": 24
    },
    "62:10": {
      "questIDHigh:4": 0,
      "sizeX:3": 48,
      "x:3": 228,
      "y:3": 432,
      "questIDLow:4": 1891,
      "sizeY:3": 48
    },
    "63:10": {
      "questIDHigh:4": 0,
      "sizeX:3": 24,
      "x:3": 804,
      "y:3": 360,
      "questIDLow:4": 1899,
      "sizeY:3": 24
    },
    "64:10": {
      "questIDHigh:4": 0,
      "sizeX:3": 24,
      "x:3": 804,
      "y:3": 396,
      "questIDLow:4": 1900,
      "sizeY:3": 24
    },
    "65:10": {
      "questIDHigh:4": 0,
      "sizeX:3": 24,
      "x:3": 852,
      "y:3": 276,
      "questIDLow:4": 1902,
      "sizeY:3": 24
    },
    "66:10": {
      "questIDHigh:4": 0,
      "sizeX:3": 24,
      "x:3": 288,
      "y:3": 240,
      "questIDLow:4": 1925,
      "sizeY:3": 24
    },
    "67:10": {
      "questIDHigh:4": 0,
      "sizeX:3": 48,
      "x:3": 432,
      "y:3": 348,
      "questIDLow:4": 2018,
      "sizeY:3": 48
    },
    "68:10": {
      "questIDHigh:4": 0,
      "sizeX:3": 48,
      "x:3": 432,
      "y:3": 432,
      "questIDLow:4": 2023,
      "sizeY:3": 48
    },
    "69:10": {
      "questIDHigh:4": 0,
      "sizeX:3": 24,
      "x:3": 852,
      "y:3": 168,
      "questIDLow:4": 2210,
      "sizeY:3": 24
    },
    "70:10": {
      "questIDHigh:4": 0,
      "sizeX:3": 36,
      "x:3": 564,
      "y:3": 552,
      "questIDLow:4": 2296,
      "sizeY:3": 36
    },
    "71:10": {
      "questIDHigh:4": 0,
      "sizeX:3": 36,
      "x:3": 564,
      "y:3": 492,
      "questIDLow:4": 2297,
      "sizeY:3": 36
    },
    "72:10": {
      "questIDHigh:4": 0,
      "sizeX:3": 36,
      "x:3": 636,
      "y:3": 492,
      "questIDLow:4": 2298,
      "sizeY:3": 36
    },
    "73:10": {
      "questIDHigh:4": 0,
      "sizeX:3": 36,
      "x:3": 564,
      "y:3": 432,
      "questIDLow:4": 2299,
      "sizeY:3": 36
    },
    "74:10": {
      "questIDHigh:4": 0,
      "sizeX:3": 36,
      "x:3": 564,
      "y:3": 372,
      "questIDLow:4": 2300,
      "sizeY:3": 36
    },
    "75:10": {
      "questIDHigh:4": 0,
      "sizeX:3": 36,
      "x:3": 504,
      "y:3": 432,
      "questIDLow:4": 2301,
      "sizeY:3": 36
    },
    "76:10": {
      "questIDHigh:4": 0,
      "sizeX:3": 36,
      "x:3": 636,
      "y:3": 432,
      "questIDLow:4": 2302,
      "sizeY:3": 36
    },
    "77:10": {
      "questIDHigh:4": 0,
      "sizeX:3": 36,
      "x:3": 240,
      "y:3": 276,
      "questIDLow:4": 2390,
      "sizeY:3": 36
    },
    "78:10": {
      "questIDHigh:4": 0,
      "sizeX:3": 24,
      "x:3": 384,
      "y:3": 240,
      "questIDLow:4": 2391,
      "sizeY:3": 24
    },
    "79:10": {
      "questIDHigh:4": 0,
      "sizeX:3": 36,
      "x:3": 636,
      "y:3": 372,
      "questIDLow:4": 2448,
      "sizeY:3": 36
    },
    "80:10": {
      "questIDHigh:4": 0,
      "sizeX:3": 36,
      "x:3": 696,
      "y:3": 372,
      "questIDLow:4": 2449,
      "sizeY:3": 36
    },
    "81:10": {
      "questIDHigh:4": 0,
      "sizeX:3": 36,
      "x:3": 696,
      "y:3": 432,
      "questIDLow:4": 2450,
      "sizeY:3": 36
    },
    "82:10": {
      "questIDHigh:4": 0,
      "sizeX:3": 24,
      "x:3": 384,
      "y:3": 132,
      "questIDLow:4": 2562,
      "sizeY:3": 24
    },
    "83:10": {
      "questIDHigh:4": 0,
      "sizeX:3": 24,
      "x:3": 420,
      "y:3": 132,
      "questIDLow:4": 2722,
      "sizeY:3": 24
    },
    "84:10": {
      "questIDHigh:4": 0,
      "sizeX:3": 36,
      "x:3": 360,
      "y:3": 276,
      "questIDLow:4": 2889,
      "sizeY:3": 36
    },
    "85:10": {
      "questIDHigh:4": 0,
      "sizeX:3": 36,
      "x:3": 300,
      "y:3": 276,
      "questIDLow:4": 2890,
      "sizeY:3": 36
    },
    "86:10": {
      "questIDHigh:4": 0,
      "sizeX:3": 36,
      "x:3": 420,
      "y:3": 276,
      "questIDLow:4": 2980,
      "sizeY:3": 36
    },
    "87:10": {
      "questIDHigh:4": 0,
      "sizeX:3": 24,
      "x:3": 852,
      "y:3": 348,
      "questIDLow:4": 3074,
      "sizeY:3": 24
    },
    "88:10": {
      "questIDHigh:4": 2757769119339072576,
      "sizeX:3": 24,
      "x:3": 636,
      "y:3": 324,
      "questIDLow:4": -7598566101277288092,
      "sizeY:3": 24
    },
    "89:10": {
      "questIDHigh:4": 2771602242186397908,
      "sizeX:3": 48,
      "x:3": 120,
      "y:3": 348,
      "questIDLow:4": -5984592636755449553,
      "sizeY:3": 48
    }
  },
  "questLineIDLow:4": 6,
  "questLineIDHigh:4": 0,
  "properties:10": {
    "betterquesting:10": {
      "visibility:8": "UNLOCKED",
      "name:8": "Tier 4 - EV",
      "icon:10": {
        "id:8": "IC2:blockGenerator",
        "Count:3": 1,
        "Damage:2": 5,
        "OreDict:8": ""
      },
      "bg_image:8": "",
      "bg_size:3": 256,
      "desc:8": "Welcome to EV! You have successfully gone to the moon and processed Titanium. You are now getting extreme levels of energy. In this tier you will unlock Nuclear energy, and Applied Energistics 2."
    }
  }
}