{
  "quests:9": {
    "0:10": {
      "questIDHigh:4": 0,
      "sizeX:3": 24,
      "x:3": 264,
      "y:3": 0,
      "questIDLow:4": 16,
      "sizeY:3": 24
    },
    "1:10": {
      "questIDHigh:4": 0,
      "sizeX:3": 72,
      "x:3": 48,
      "y:3": 36,
      "questIDLow:4": 44,
      "sizeY:3": 72
    },
    "2:10": {
      "questIDHigh:4": 0,
      "sizeX:3": 48,
      "x:3": 192,
      "y:3": 48,
      "questIDLow:4": 46,
      "sizeY:3": 48
    },
    "3:10": {
      "questIDHigh:4": 0,
      "sizeX:3": 24,
      "x:3": 180,
      "y:3": 0,
      "questIDLow:4": 47,
      "sizeY:3": 24
    },
    "4:10": {
      "questIDHigh:4": 0,
      "sizeX:3": 48,
      "x:3": 312,
      "y:3": 48,
      "questIDLow:4": 48,
      "sizeY:3": 48
    },
    "5:10": {
      "questIDHigh:4": 0,
      "sizeX:3": 48,
      "x:3": 552,
      "y:3": 48,
      "questIDLow:4": 49,
      "sizeY:3": 48
    },
    "6:10": {
      "questIDHigh:4": 0,
      "sizeX:3": 48,
      "x:3": 672,
      "y:3": 48,
      "questIDLow:4": 50,
      "sizeY:3": 48
    },
    "7:10": {
      "questIDHigh:4": 0,
      "sizeX:3": 48,
      "x:3": 672,
      "y:3": 228,
      "questIDLow:4": 51,
      "sizeY:3": 48
    },
    "8:10": {
      "questIDHigh:4": 0,
      "sizeX:3": 48,
      "x:3": 672,
      "y:3": 120,
      "questIDLow:4": 52,
      "sizeY:3": 48
    },
    "9:10": {
      "questIDHigh:4": 0,
      "sizeX:3": 48,
      "x:3": 312,
      "y:3": 216,
      "questIDLow:4": 53,
      "sizeY:3": 48
    },
    "10:10": {
      "questIDHigh:4": 0,
      "sizeX:3": 48,
      "x:3": 552,
      "y:3": 216,
      "questIDLow:4": 54,
      "sizeY:3": 48
    },
    "11:10": {
      "questIDHigh:4": 0,
      "sizeX:3": 24,
      "x:3": 636,
      "y:3": 228,
      "questIDLow:4": 55,
      "sizeY:3": 24
    },
    "12:10": {
      "questIDHigh:4": 0,
      "sizeX:3": 24,
      "x:3": 324,
      "y:3": 180,
      "questIDLow:4": 56,
      "sizeY:3": 24
    },
    "13:10": {
      "questIDHigh:4": 0,
      "sizeX:3": 24,
      "x:3": 732,
      "y:3": 264,
      "questIDLow:4": 57,
      "sizeY:3": 24
    },
    "14:10": {
      "questIDHigh:4": 0,
      "sizeX:3": 24,
      "x:3": 732,
      "y:3": 60,
      "questIDLow:4": 58,
      "sizeY:3": 24
    },
    "15:10": {
      "questIDHigh:4": 0,
      "sizeX:3": 24,
      "x:3": 72,
      "y:3": 132,
      "questIDLow:4": 59,
      "sizeY:3": 24
    },
    "16:10": {
      "questIDHigh:4": 0,
      "sizeX:3": 24,
      "x:3": 36,
      "y:3": 168,
      "questIDLow:4": 60,
      "sizeY:3": 24
    },
    "17:10": {
      "questIDHigh:4": 0,
      "sizeX:3": 24,
      "x:3": 36,
      "y:3": 132,
      "questIDLow:4": 61,
      "sizeY:3": 24
    },
    "18:10": {
      "questIDHigh:4": 0,
      "sizeX:3": 24,
      "x:3": 72,
      "y:3": 168,
      "questIDLow:4": 62,
      "sizeY:3": 24
    },
    "19:10": {
      "questIDHigh:4": 0,
      "sizeX:3": 24,
      "x:3": 0,
      "y:3": 60,
      "questIDLow:4": 63,
      "sizeY:3": 24
    },
    "20:10": {
      "questIDHigh:4": 0,
      "sizeX:3": 24,
      "x:3": 0,
      "y:3": 96,
      "questIDLow:4": 64,
      "sizeY:3": 24
    },
    "21:10": {
      "questIDHigh:4": 0,
      "sizeX:3": 48,
      "x:3": 192,
      "y:3": 360,
      "questIDLow:4": 65,
      "sizeY:3": 48
    },
    "22:10": {
      "questIDHigh:4": 0,
      "sizeX:3": 48,
      "x:3": 432,
      "y:3": 432,
      "questIDLow:4": 66,
      "sizeY:3": 48
    },
    "23:10": {
      "questIDHigh:4": 0,
      "sizeX:3": 48,
      "x:3": 552,
      "y:3": 432,
      "questIDLow:4": 67,
      "sizeY:3": 48
    },
    "24:10": {
      "questIDHigh:4": 0,
      "sizeX:3": 48,
      "x:3": 432,
      "y:3": 504,
      "questIDLow:4": 68,
      "sizeY:3": 48
    },
    "25:10": {
      "questIDHigh:4": 0,
      "sizeX:3": 48,
      "x:3": 672,
      "y:3": 432,
      "questIDLow:4": 69,
      "sizeY:3": 48
    },
    "26:10": {
      "questIDHigh:4": 0,
      "sizeX:3": 72,
      "x:3": 420,
      "y:3": 576,
      "questIDLow:4": 70,
      "sizeY:3": 72
    },
    "27:10": {
      "questIDHigh:4": 0,
      "sizeX:3": 48,
      "x:3": 672,
      "y:3": 588,
      "questIDLow:4": 71,
      "sizeY:3": 48
    },
    "28:10": {
      "questIDHigh:4": 0,
      "sizeX:3": 48,
      "x:3": 312,
      "y:3": 588,
      "questIDLow:4": 72,
      "sizeY:3": 48
    },
    "29:10": {
      "questIDHigh:4": 0,
      "sizeX:3": 48,
      "x:3": 192,
      "y:3": 588,
      "questIDLow:4": 73,
      "sizeY:3": 48
    },
    "30:10": {
      "questIDHigh:4": 0,
      "sizeX:3": 24,
      "x:3": 228,
      "y:3": 0,
      "questIDLow:4": 84,
      "sizeY:3": 24
    },
    "31:10": {
      "questIDHigh:4": 0,
      "sizeX:3": 24,
      "x:3": 84,
      "y:3": 396,
      "questIDLow:4": 119,
      "sizeY:3": 24
    },
    "32:10": {
      "questIDHigh:4": 0,
      "sizeX:3": 48,
      "x:3": 312,
      "y:3": 360,
      "questIDLow:4": 478,
      "sizeY:3": 48
    },
    "33:10": {
      "questIDHigh:4": 0,
      "sizeX:3": 48,
      "x:3": 432,
      "y:3": 360,
      "questIDLow:4": 479,
      "sizeY:3": 48
    },
    "34:10": {
      "questIDHigh:4": 0,
      "sizeX:3": 48,
      "x:3": 432,
      "y:3": 48,
      "questIDLow:4": 493,
      "sizeY:3": 48
    },
    "35:10": {
      "questIDHigh:4": 0,
      "sizeX:3": 24,
      "x:3": 528,
      "y:3": 120,
      "questIDLow:4": 495,
      "sizeY:3": 24
    },
    "36:10": {
      "questIDHigh:4": 0,
      "sizeX:3": 48,
      "x:3": 672,
      "y:3": 360,
      "questIDLow:4": 496,
      "sizeY:3": 48
    },
    "37:10": {
      "questIDHigh:4": 0,
      "sizeX:3": 24,
      "x:3": 372,
      "y:3": 324,
      "questIDLow:4": 497,
      "sizeY:3": 24
    },
    "38:10": {
      "questIDHigh:4": 0,
      "sizeX:3": 24,
      "x:3": 732,
      "y:3": 480,
      "questIDLow:4": 534,
      "sizeY:3": 24
    },
    "39:10": {
      "questIDHigh:4": 0,
      "sizeX:3": 24,
      "x:3": 732,
      "y:3": 444,
      "questIDLow:4": 536,
      "sizeY:3": 24
    },
    "40:10": {
      "questIDHigh:4": 0,
      "sizeX:3": 24,
      "x:3": 276,
      "y:3": 300,
      "questIDLow:4": 558,
      "sizeY:3": 24
    },
    "41:10": {
      "questIDHigh:4": 0,
      "sizeX:3": 24,
      "x:3": 636,
      "y:3": 264,
      "questIDLow:4": 576,
      "sizeY:3": 24
    },
    "42:10": {
      "questIDHigh:4": 0,
      "sizeX:3": 48,
      "x:3": 624,
      "y:3": 300,
      "questIDLow:4": 586,
      "sizeY:3": 48
    },
    "43:10": {
      "questIDHigh:4": 0,
      "sizeX:3": 24,
      "x:3": 240,
      "y:3": 300,
      "questIDLow:4": 596,
      "sizeY:3": 24
    },
    "44:10": {
      "questIDHigh:4": 0,
      "sizeX:3": 24,
      "x:3": 84,
      "y:3": 324,
      "questIDLow:4": 625,
      "sizeY:3": 24
    },
    "45:10": {
      "questIDHigh:4": 0,
      "sizeX:3": 48,
      "x:3": 432,
      "y:3": 216,
      "questIDLow:4": 694,
      "sizeY:3": 48
    },
    "46:10": {
      "questIDHigh:4": 0,
      "sizeX:3": 24,
      "x:3": 120,
      "y:3": 312,
      "questIDLow:4": 705,
      "sizeY:3": 24
    },
    "47:10": {
      "questIDHigh:4": 0,
      "sizeX:3": 48,
      "x:3": 312,
      "y:3": 120,
      "questIDLow:4": 741,
      "sizeY:3": 48
    },
    "48:10": {
      "questIDHigh:4": 0,
      "sizeX:3": 24,
      "x:3": 372,
      "y:3": 168,
      "questIDLow:4": 742,
      "sizeY:3": 24
    },
    "49:10": {
      "questIDHigh:4": 0,
      "sizeX:3": 24,
      "x:3": 276,
      "y:3": 168,
      "questIDLow:4": 743,
      "sizeY:3": 24
    },
    "50:10": {
      "questIDHigh:4": 0,
      "sizeX:3": 24,
      "x:3": 372,
      "y:3": 96,
      "questIDLow:4": 744,
      "sizeY:3": 24
    },
    "51:10": {
      "questIDHigh:4": 0,
      "sizeX:3": 48,
      "x:3": 312,
      "y:3": 504,
      "questIDLow:4": 834,
      "sizeY:3": 48
    },
    "52:10": {
      "questIDHigh:4": 0,
      "sizeX:3": 48,
      "x:3": 552,
      "y:3": 504,
      "questIDLow:4": 835,
      "sizeY:3": 48
    },
    "53:10": {
      "questIDHigh:4": 0,
      "sizeX:3": 24,
      "x:3": 660,
      "y:3": 12,
      "questIDLow:4": 867,
      "sizeY:3": 24
    },
    "54:10": {
      "questIDHigh:4": 0,
      "sizeX:3": 24,
      "x:3": 708,
      "y:3": 12,
      "questIDLow:4": 868,
      "sizeY:3": 24
    },
    "55:10": {
      "questIDHigh:4": 0,
      "sizeX:3": 24,
      "x:3": 324,
      "y:3": 444,
      "questIDLow:4": 871,
      "sizeY:3": 24
    },
    "56:10": {
      "questIDHigh:4": 0,
      "sizeX:3": 24,
      "x:3": 732,
      "y:3": 408,
      "questIDLow:4": 875,
      "sizeY:3": 24
    },
    "57:10": {
      "questIDHigh:4": 0,
      "sizeX:3": 24,
      "x:3": 84,
      "y:3": 360,
      "questIDLow:4": 890,
      "sizeY:3": 24
    },
    "58:10": {
      "questIDHigh:4": 0,
      "sizeX:3": 24,
      "x:3": 768,
      "y:3": 444,
      "questIDLow:4": 942,
      "sizeY:3": 24
    },
    "59:10": {
      "questIDHigh:4": 0,
      "sizeX:3": 48,
      "x:3": 192,
      "y:3": 432,
      "questIDLow:4": 948,
      "sizeY:3": 48
    },
    "60:10": {
      "questIDHigh:4": 0,
      "sizeX:3": 24,
      "x:3": 564,
      "y:3": 312,
      "questIDLow:4": 1008,
      "sizeY:3": 24
    },
    "61:10": {
      "questIDHigh:4": 0,
      "sizeX:3": 24,
      "x:3": 480,
      "y:3": 324,
      "questIDLow:4": 1092,
      "sizeY:3": 24
    },
    "62:10": {
      "questIDHigh:4": 0,
      "sizeX:3": 24,
      "x:3": 624,
      "y:3": 168,
      "questIDLow:4": 1107,
      "sizeY:3": 24
    },
    "63:10": {
      "questIDHigh:4": 0,
      "sizeX:3": 24,
      "x:3": 588,
      "y:3": 168,
      "questIDLow:4": 1108,
      "sizeY:3": 24
    },
    "64:10": {
      "questIDHigh:4": 0,
      "sizeX:3": 24,
      "x:3": 516,
      "y:3": 276,
      "questIDLow:4": 1124,
      "sizeY:3": 24
    },
    "65:10": {
      "questIDHigh:4": 0,
      "sizeX:3": 24,
      "x:3": 516,
      "y:3": 312,
      "questIDLow:4": 1125,
      "sizeY:3": 24
    },
    "66:10": {
      "questIDHigh:4": 0,
      "sizeX:3": 48,
      "x:3": 192,
      "y:3": 120,
      "questIDLow:4": 1126,
      "sizeY:3": 48
    },
    "67:10": {
      "questIDHigh:4": 0,
      "sizeX:3": 24,
      "x:3": 240,
      "y:3": 264,
      "questIDLow:4": 1127,
      "sizeY:3": 24
    },
    "68:10": {
      "questIDHigh:4": 0,
      "sizeX:3": 24,
      "x:3": 612,
      "y:3": 12,
      "questIDLow:4": 1128,
      "sizeY:3": 24
    },
    "69:10": {
      "questIDHigh:4": 0,
      "sizeX:3": 24,
      "x:3": 528,
      "y:3": 168,
      "questIDLow:4": 1130,
      "sizeY:3": 24
    },
    "70:10": {
      "questIDHigh:4": 0,
      "sizeX:3": 24,
      "x:3": 408,
      "y:3": 324,
      "questIDLow:4": 1132,
      "sizeY:3": 24
    },
    "71:10": {
      "questIDHigh:4": 0,
      "sizeX:3": 24,
      "x:3": 612,
      "y:3": 408,
      "questIDLow:4": 1147,
      "sizeY:3": 24
    },
    "72:10": {
      "questIDHigh:4": 0,
      "sizeX:3": 24,
      "x:3": 372,
      "y:3": 132,
      "questIDLow:4": 1151,
      "sizeY:3": 24
    },
    "73:10": {
      "questIDHigh:4": 0,
      "sizeX:3": 24,
      "x:3": 408,
      "y:3": 132,
      "questIDLow:4": 1156,
      "sizeY:3": 24
    },
    "74:10": {
      "questIDHigh:4": 0,
      "sizeX:3": 24,
      "x:3": 636,
      "y:3": 480,
      "questIDLow:4": 1157,
      "sizeY:3": 24
    },
    "75:10": {
      "questIDHigh:4": 0,
      "sizeX:3": 24,
      "x:3": 72,
      "y:3": 0,
      "questIDLow:4": 1205,
      "sizeY:3": 24
    },
    "76:10": {
      "questIDHigh:4": 0,
      "sizeX:3": 24,
      "x:3": 504,
      "y:3": 204,
      "questIDLow:4": 1507,
      "sizeY:3": 24
    },
    "77:10": {
      "questIDHigh:4": 0,
      "sizeX:3": 24,
      "x:3": 732,
      "y:3": 132,
      "questIDLow:4": 1536,
      "sizeY:3": 24
    },
    "78:10": {
      "questIDHigh:4": 0,
      "sizeX:3": 24,
      "x:3": 108,
      "y:3": 0,
      "questIDLow:4": 1735,
      "sizeY:3": 24
    },
    "79:10": {
      "questIDHigh:4": 0,
      "sizeX:3": 24,
      "x:3": 732,
      "y:3": 372,
      "questIDLow:4": 1741,
      "sizeY:3": 24
    },
    "80:10": {
      "questIDHigh:4": 0,
      "sizeX:3": 24,
      "x:3": 156,
      "y:3": 432,
      "questIDLow:4": 1789,
      "sizeY:3": 24
    },
    "81:10": {
      "questIDHigh:4": 0,
      "sizeX:3": 24,
      "x:3": 768,
      "y:3": 480,
      "questIDLow:4": 1888,
      "sizeY:3": 24
    },
    "82:10": {
      "questIDHigh:4": 0,
      "sizeX:3": 24,
      "x:3": 444,
      "y:3": 324,
      "questIDLow:4": 1908,
      "sizeY:3": 24
    },
    "83:10": {
      "questIDHigh:4": 0,
      "sizeX:3": 24,
      "x:3": 732,
      "y:3": 216,
      "questIDLow:4": 1915,
      "sizeY:3": 24
    },
    "84:10": {
      "questIDHigh:4": 0,
      "sizeX:3": 24,
      "x:3": 276,
      "y:3": 228,
      "questIDLow:4": 1919,
      "sizeY:3": 24
    },
    "85:10": {
      "questIDHigh:4": 0,
      "sizeX:3": 24,
      "x:3": 120,
      "y:3": 432,
      "questIDLow:4": 1987,
      "sizeY:3": 24
    },
    "86:10": {
      "questIDHigh:4": 0,
      "sizeX:3": 24,
      "x:3": 84,
      "y:3": 432,
      "questIDLow:4": 1988,
      "sizeY:3": 24
    },
    "87:10": {
      "questIDHigh:4": 0,
      "sizeX:3": 24,
      "x:3": 588,
      "y:3": 288,
      "questIDLow:4": 2026,
      "sizeY:3": 24
    },
    "88:10": {
      "questIDHigh:4": 0,
      "sizeX:3": 24,
      "x:3": 768,
      "y:3": 516,
      "questIDLow:4": 2056,
      "sizeY:3": 24
    },
    "89:10": {
      "questIDHigh:4": 0,
      "sizeX:3": 24,
      "x:3": 120,
      "y:3": 468,
      "questIDLow:4": 2087,
      "sizeY:3": 24
    },
    "90:10": {
      "questIDHigh:4": 0,
      "sizeX:3": 24,
      "x:3": 480,
      "y:3": 120,
      "questIDLow:4": 2140,
      "sizeY:3": 24
    },
    "91:10": {
      "questIDHigh:4": 0,
      "sizeX:3": 24,
      "x:3": 384,
      "y:3": 564,
      "questIDLow:4": 2161,
      "sizeY:3": 24
    },
    "92:10": {
      "questIDHigh:4": 0,
      "sizeX:3": 24,
      "x:3": 156,
      "y:3": 468,
      "questIDLow:4": 2332,
      "sizeY:3": 24
    },
    "93:10": {
      "questIDHigh:4": 0,
      "sizeX:3": 24,
      "x:3": 444,
      "y:3": 0,
      "questIDLow:4": 2346,
      "sizeY:3": 24
    },
    "94:10": {
      "questIDHigh:4": 0,
      "sizeX:3": 24,
      "x:3": 72,
      "y:3": 204,
      "questIDLow:4": 2389,
      "sizeY:3": 24
    },
    "95:10": {
      "questIDHigh:4": 0,
      "sizeX:3": 24,
      "x:3": 768,
      "y:3": 408,
      "questIDLow:4": 2399,
      "sizeY:3": 24
    },
    "96:10": {
      "questIDHigh:4": 0,
      "sizeX:3": 24,
      "x:3": 276,
      "y:3": 264,
      "questIDLow:4": 2407,
      "sizeY:3": 24
    },
    "97:10": {
      "questIDHigh:4": 0,
      "sizeX:3": 24,
      "x:3": 288,
      "y:3": 468,
      "questIDLow:4": 2446,
      "sizeY:3": 24
    },
    "98:10": {
      "questIDHigh:4": 0,
      "sizeX:3": 24,
      "x:3": 36,
      "y:3": 360,
      "questIDLow:4": 2764,
      "sizeY:3": 24
    },
    "99:10": {
      "questIDHigh:4": 0,
      "sizeX:3": 24,
      "x:3": 516,
      "y:3": 348,
      "questIDLow:4": 2910,
      "sizeY:3": 24
    },
    "100:10": {
      "questIDHigh:4": 0,
      "sizeX:3": 24,
      "x:3": 552,
      "y:3": 348,
      "questIDLow:4": 2911,
      "sizeY:3": 24
    },
    "101:10": {
      "questIDHigh:4": 0,
      "sizeX:3": 24,
      "x:3": 588,
      "y:3": 348,
      "questIDLow:4": 2912,
      "sizeY:3": 24
    }
  },
  "questLineIDLow:4": 2,
  "questLineIDHigh:4": 0,
  "properties:10": {
    "betterquesting:10": {
      "visibility:8": "UNLOCKED",
      "name:8": "Tier 0.5 - Steam",
      "icon:10": {
        "id:8": "minecraft:flint_and_steel",
        "Count:3": 1,
        "Damage:2": 0,
        "OreDict:8": ""
      },
      "bg_image:8": "",
      "bg_size:3": 256,
      "desc:8": "Steam to electricity (EU) is the progression of this tab. Most of the machines you make in this tier you\u0027ll use the whole game, if in an upgraded form."
    }
  }
}