{
  "quests:9": {
    "0:10": {
      "questIDHigh:4": -6524472933804260988,
      "sizeX:3": 48,
      "x:3": 684,
      "y:3": 300,
      "questIDLow:4": -6650556070435655322,
      "sizeY:3": 48
    },
    "1:10": {
      "questIDHigh:4": -4560413335703760908,
      "sizeX:3": 24,
      "x:3": 636,
      "y:3": 312,
      "questIDLow:4": -8162614124778304378,
      "sizeY:3": 24
    },
    "2:10": {
      "questIDHigh:4": -2567739677140758553,
      "sizeX:3": 24,
      "x:3": 564,
      "y:3": 588,
      "questIDLow:4": -8693302957682373366,
      "sizeY:3": 24
    },
    "3:10": {
      "questIDHigh:4": -1759268051879246627,
      "sizeX:3": 24,
      "x:3": 588,
      "y:3": 312,
      "questIDLow:4": -8171783490200761150,
      "sizeY:3": 24
    },
    "4:10": {
      "questIDHigh:4": 0,
      "sizeX:3": 24,
      "x:3": 768,
      "y:3": 120,
      "questIDLow:4": 141,
      "sizeY:3": 24
    },
    "5:10": {
      "questIDHigh:4": 0,
      "sizeX:3": 24,
      "x:3": 720,
      "y:3": 264,
      "questIDLow:4": 144,
      "sizeY:3": 24
    },
    "6:10": {
      "questIDHigh:4": 0,
      "sizeX:3": 24,
      "x:3": 672,
      "y:3": 216,
      "questIDLow:4": 146,
      "sizeY:3": 24
    },
    "7:10": {
      "questIDHigh:4": 0,
      "sizeX:3": 24,
      "x:3": 768,
      "y:3": 264,
      "questIDLow:4": 151,
      "sizeY:3": 24
    },
    "8:10": {
      "questIDHigh:4": 0,
      "sizeX:3": 24,
      "x:3": 816,
      "y:3": 264,
      "questIDLow:4": 152,
      "sizeY:3": 24
    },
    "9:10": {
      "questIDHigh:4": 0,
      "sizeX:3": 72,
      "x:3": 480,
      "y:3": 96,
      "questIDLow:4": 160,
      "sizeY:3": 72
    },
    "10:10": {
      "questIDHigh:4": 0,
      "sizeX:3": 48,
      "x:3": 552,
      "y:3": 444,
      "questIDLow:4": 162,
      "sizeY:3": 48
    },
    "11:10": {
      "questIDHigh:4": 0,
      "sizeX:3": 24,
      "x:3": 816,
      "y:3": 216,
      "questIDLow:4": 163,
      "sizeY:3": 24
    },
    "12:10": {
      "questIDHigh:4": 0,
      "sizeX:3": 24,
      "x:3": 720,
      "y:3": 216,
      "questIDLow:4": 165,
      "sizeY:3": 24
    },
    "13:10": {
      "questIDHigh:4": 0,
      "sizeX:3": 24,
      "x:3": 624,
      "y:3": 168,
      "questIDLow:4": 167,
      "sizeY:3": 24
    },
    "14:10": {
      "questIDHigh:4": 0,
      "sizeX:3": 24,
      "x:3": 768,
      "y:3": 216,
      "questIDLow:4": 169,
      "sizeY:3": 24
    },
    "15:10": {
      "questIDHigh:4": 0,
      "sizeX:3": 24,
      "x:3": 816,
      "y:3": 72,
      "questIDLow:4": 170,
      "sizeY:3": 24
    },
    "16:10": {
      "questIDHigh:4": 0,
      "sizeX:3": 24,
      "x:3": 480,
      "y:3": 504,
      "questIDLow:4": 557,
      "sizeY:3": 24
    },
    "17:10": {
      "questIDHigh:4": 0,
      "sizeX:3": 24,
      "x:3": 588,
      "y:3": 276,
      "questIDLow:4": 769,
      "sizeY:3": 24
    },
    "18:10": {
      "questIDHigh:4": 0,
      "sizeX:3": 48,
      "x:3": 588,
      "y:3": 360,
      "questIDLow:4": 770,
      "sizeY:3": 48
    },
    "19:10": {
      "questIDHigh:4": 0,
      "sizeX:3": 48,
      "x:3": 156,
      "y:3": 396,
      "questIDLow:4": 772,
      "sizeY:3": 48
    },
    "20:10": {
      "questIDHigh:4": 0,
      "sizeX:3": 48,
      "x:3": 492,
      "y:3": 24,
      "questIDLow:4": 808,
      "sizeY:3": 48
    },
    "21:10": {
      "questIDHigh:4": 0,
      "sizeX:3": 24,
      "x:3": 480,
      "y:3": 540,
      "questIDLow:4": 841,
      "sizeY:3": 24
    },
    "22:10": {
      "questIDHigh:4": 0,
      "sizeX:3": 24,
      "x:3": 444,
      "y:3": 540,
      "questIDLow:4": 851,
      "sizeY:3": 24
    },
    "23:10": {
      "questIDHigh:4": 0,
      "sizeX:3": 24,
      "x:3": 444,
      "y:3": 504,
      "questIDLow:4": 853,
      "sizeY:3": 24
    },
    "24:10": {
      "questIDHigh:4": 0,
      "sizeX:3": 24,
      "x:3": 408,
      "y:3": 456,
      "questIDLow:4": 854,
      "sizeY:3": 24
    },
    "25:10": {
      "questIDHigh:4": 0,
      "sizeX:3": 24,
      "x:3": 444,
      "y:3": 456,
      "questIDLow:4": 855,
      "sizeY:3": 24
    },
    "26:10": {
      "questIDHigh:4": 0,
      "sizeX:3": 72,
      "x:3": 732,
      "y:3": 516,
      "questIDLow:4": 860,
      "sizeY:3": 72
    },
    "27:10": {
      "questIDHigh:4": 0,
      "sizeX:3": 24,
      "x:3": 528,
      "y:3": 228,
      "questIDLow:4": 932,
      "sizeY:3": 24
    },
    "28:10": {
      "questIDHigh:4": 0,
      "sizeX:3": 48,
      "x:3": 348,
      "y:3": 396,
      "questIDLow:4": 943,
      "sizeY:3": 48
    },
    "29:10": {
      "questIDHigh:4": 0,
      "sizeX:3": 24,
      "x:3": 624,
      "y:3": 72,
      "questIDLow:4": 987,
      "sizeY:3": 24
    },
    "30:10": {
      "questIDHigh:4": 0,
      "sizeX:3": 24,
      "x:3": 816,
      "y:3": 120,
      "questIDLow:4": 988,
      "sizeY:3": 24
    },
    "31:10": {
      "questIDHigh:4": 0,
      "sizeX:3": 24,
      "x:3": 696,
      "y:3": 120,
      "questIDLow:4": 989,
      "sizeY:3": 24
    },
    "32:10": {
      "questIDHigh:4": 0,
      "sizeX:3": 24,
      "x:3": 624,
      "y:3": 120,
      "questIDLow:4": 990,
      "sizeY:3": 24
    },
    "33:10": {
      "questIDHigh:4": 0,
      "sizeX:3": 24,
      "x:3": 768,
      "y:3": 72,
      "questIDLow:4": 998,
      "sizeY:3": 24
    },
    "34:10": {
      "questIDHigh:4": 0,
      "sizeX:3": 24,
      "x:3": 768,
      "y:3": 24,
      "questIDLow:4": 999,
      "sizeY:3": 24
    },
    "35:10": {
      "questIDHigh:4": 0,
      "sizeX:3": 24,
      "x:3": 720,
      "y:3": 72,
      "questIDLow:4": 1000,
      "sizeY:3": 24
    },
    "36:10": {
      "questIDHigh:4": 0,
      "sizeX:3": 24,
      "x:3": 720,
      "y:3": 24,
      "questIDLow:4": 1001,
      "sizeY:3": 24
    },
    "37:10": {
      "questIDHigh:4": 0,
      "sizeX:3": 48,
      "x:3": 648,
      "y:3": 528,
      "questIDLow:4": 1011,
      "sizeY:3": 48
    },
    "38:10": {
      "questIDHigh:4": 0,
      "sizeX:3": 48,
      "x:3": 744,
      "y:3": 444,
      "questIDLow:4": 1012,
      "sizeY:3": 48
    },
    "39:10": {
      "questIDHigh:4": 0,
      "sizeX:3": 48,
      "x:3": 564,
      "y:3": -48,
      "questIDLow:4": 1013,
      "sizeY:3": 48
    },
    "40:10": {
      "questIDHigh:4": 0,
      "sizeX:3": 72,
      "x:3": 48,
      "y:3": 204,
      "questIDLow:4": 1014,
      "sizeY:3": 72
    },
    "41:10": {
      "questIDHigh:4": 0,
      "sizeX:3": 48,
      "x:3": 240,
      "y:3": 36,
      "questIDLow:4": 1016,
      "sizeY:3": 48
    },
    "42:10": {
      "questIDHigh:4": 0,
      "sizeX:3": 48,
      "x:3": 156,
      "y:3": 108,
      "questIDLow:4": 1017,
      "sizeY:3": 48
    },
    "43:10": {
      "questIDHigh:4": 0,
      "sizeX:3": 48,
      "x:3": 240,
      "y:3": 108,
      "questIDLow:4": 1018,
      "sizeY:3": 48
    },
    "44:10": {
      "questIDHigh:4": 0,
      "sizeX:3": 48,
      "x:3": 156,
      "y:3": 36,
      "questIDLow:4": 1019,
      "sizeY:3": 48
    },
    "45:10": {
      "questIDHigh:4": 0,
      "sizeX:3": 24,
      "x:3": 816,
      "y:3": 468,
      "questIDLow:4": 1137,
      "sizeY:3": 24
    },
    "46:10": {
      "questIDHigh:4": 0,
      "sizeX:3": 24,
      "x:3": 852,
      "y:3": 468,
      "questIDLow:4": 1138,
      "sizeY:3": 24
    },
    "47:10": {
      "questIDHigh:4": 0,
      "sizeX:3": 24,
      "x:3": 816,
      "y:3": 432,
      "questIDLow:4": 1139,
      "sizeY:3": 24
    },
    "48:10": {
      "questIDHigh:4": 0,
      "sizeX:3": 24,
      "x:3": 852,
      "y:3": 432,
      "questIDLow:4": 1140,
      "sizeY:3": 24
    },
    "49:10": {
      "questIDHigh:4": 0,
      "sizeX:3": 24,
      "x:3": 888,
      "y:3": 468,
      "questIDLow:4": 1141,
      "sizeY:3": 24
    },
    "50:10": {
      "questIDHigh:4": 0,
      "sizeX:3": 24,
      "x:3": 888,
      "y:3": 432,
      "questIDLow:4": 1145,
      "sizeY:3": 24
    },
    "51:10": {
      "questIDHigh:4": 0,
      "sizeX:3": 48,
      "x:3": 444,
      "y:3": 396,
      "questIDLow:4": 1164,
      "sizeY:3": 48
    },
    "52:10": {
      "questIDHigh:4": 0,
      "sizeX:3": 48,
      "x:3": 324,
      "y:3": 108,
      "questIDLow:4": 1221,
      "sizeY:3": 48
    },
    "53:10": {
      "questIDHigh:4": 0,
      "sizeX:3": 48,
      "x:3": 60,
      "y:3": 300,
      "questIDLow:4": 1222,
      "sizeY:3": 48
    },
    "54:10": {
      "questIDHigh:4": 0,
      "sizeX:3": 48,
      "x:3": 60,
      "y:3": 372,
      "questIDLow:4": 1225,
      "sizeY:3": 48
    },
    "55:10": {
      "questIDHigh:4": 0,
      "sizeX:3": 72,
      "x:3": 480,
      "y:3": 312,
      "questIDLow:4": 1231,
      "sizeY:3": 72
    },
    "56:10": {
      "questIDHigh:4": 0,
      "sizeX:3": 48,
      "x:3": 240,
      "y:3": 324,
      "questIDLow:4": 1232,
      "sizeY:3": 48
    },
    "57:10": {
      "questIDHigh:4": 0,
      "sizeX:3": 48,
      "x:3": 240,
      "y:3": 396,
      "questIDLow:4": 1233,
      "sizeY:3": 48
    },
    "58:10": {
      "questIDHigh:4": 0,
      "sizeX:3": 24,
      "x:3": 312,
      "y:3": 180,
      "questIDLow:4": 1235,
      "sizeY:3": 24
    },
    "59:10": {
      "questIDHigh:4": 0,
      "sizeX:3": 48,
      "x:3": 324,
      "y:3": 252,
      "questIDLow:4": 1236,
      "sizeY:3": 48
    },
    "60:10": {
      "questIDHigh:4": 0,
      "sizeX:3": 48,
      "x:3": 240,
      "y:3": 252,
      "questIDLow:4": 1237,
      "sizeY:3": 48
    },
    "61:10": {
      "questIDHigh:4": 0,
      "sizeX:3": 48,
      "x:3": 240,
      "y:3": 180,
      "questIDLow:4": 1238,
      "sizeY:3": 48
    },
    "62:10": {
      "questIDHigh:4": 0,
      "sizeX:3": 48,
      "x:3": 156,
      "y:3": 252,
      "questIDLow:4": 1239,
      "sizeY:3": 48
    },
    "63:10": {
      "questIDHigh:4": 0,
      "sizeX:3": 48,
      "x:3": 156,
      "y:3": 180,
      "questIDLow:4": 1240,
      "sizeY:3": 48
    },
    "64:10": {
      "questIDHigh:4": 0,
      "sizeX:3": 24,
      "x:3": 384,
      "y:3": 312,
      "questIDLow:4": 1271,
      "sizeY:3": 24
    },
    "65:10": {
      "questIDHigh:4": 0,
      "sizeX:3": 24,
      "x:3": 384,
      "y:3": 360,
      "questIDLow:4": 1289,
      "sizeY:3": 24
    },
    "66:10": {
      "questIDHigh:4": 0,
      "sizeX:3": 24,
      "x:3": 816,
      "y:3": 564,
      "questIDLow:4": 1405,
      "sizeY:3": 24
    },
    "67:10": {
      "questIDHigh:4": 0,
      "sizeX:3": 24,
      "x:3": 408,
      "y:3": 504,
      "questIDLow:4": 1411,
      "sizeY:3": 24
    },
    "68:10": {
      "questIDHigh:4": 0,
      "sizeX:3": 24,
      "x:3": 504,
      "y:3": 456,
      "questIDLow:4": 1420,
      "sizeY:3": 24
    },
    "69:10": {
      "questIDHigh:4": 0,
      "sizeX:3": 48,
      "x:3": 648,
      "y:3": 444,
      "questIDLow:4": 1424,
      "sizeY:3": 48
    },
    "70:10": {
      "questIDHigh:4": 0,
      "sizeX:3": 24,
      "x:3": 672,
      "y:3": 168,
      "questIDLow:4": 1502,
      "sizeY:3": 24
    },
    "71:10": {
      "questIDHigh:4": 0,
      "sizeX:3": 24,
      "x:3": 576,
      "y:3": 228,
      "questIDLow:4": 1517,
      "sizeY:3": 24
    },
    "72:10": {
      "questIDHigh:4": 0,
      "sizeX:3": 24,
      "x:3": 504,
      "y:3": 408,
      "questIDLow:4": 1521,
      "sizeY:3": 24
    },
    "73:10": {
      "questIDHigh:4": 0,
      "sizeX:3": 24,
      "x:3": 600,
      "y:3": 420,
      "questIDLow:4": 1529,
      "sizeY:3": 24
    },
    "74:10": {
      "questIDHigh:4": 0,
      "sizeX:3": 48,
      "x:3": 552,
      "y:3": 528,
      "questIDLow:4": 1612,
      "sizeY:3": 48
    },
    "75:10": {
      "questIDHigh:4": 0,
      "sizeX:3": 24,
      "x:3": 264,
      "y:3": 456,
      "questIDLow:4": 1615,
      "sizeY:3": 24
    },
    "76:10": {
      "questIDHigh:4": 0,
      "sizeX:3": 24,
      "x:3": 168,
      "y:3": 456,
      "questIDLow:4": 1617,
      "sizeY:3": 24
    },
    "77:10": {
      "questIDHigh:4": 0,
      "sizeX:3": 24,
      "x:3": 84,
      "y:3": 456,
      "questIDLow:4": 1620,
      "sizeY:3": 24
    },
    "78:10": {
      "questIDHigh:4": 0,
      "sizeX:3": 24,
      "x:3": 24,
      "y:3": 456,
      "questIDLow:4": 1622,
      "sizeY:3": 24
    },
    "79:10": {
      "questIDHigh:4": 0,
      "sizeX:3": 48,
      "x:3": 12,
      "y:3": 492,
      "questIDLow:4": 1660,
      "sizeY:3": 48
    },
    "80:10": {
      "questIDHigh:4": 0,
      "sizeX:3": 24,
      "x:3": 360,
      "y:3": 504,
      "questIDLow:4": 1661,
      "sizeY:3": 24
    },
    "81:10": {
      "questIDHigh:4": 0,
      "sizeX:3": 24,
      "x:3": 312,
      "y:3": 504,
      "questIDLow:4": 1662,
      "sizeY:3": 24
    },
    "82:10": {
      "questIDHigh:4": 0,
      "sizeX:3": 24,
      "x:3": 312,
      "y:3": 564,
      "questIDLow:4": 1663,
      "sizeY:3": 24
    },
    "83:10": {
      "questIDHigh:4": 0,
      "sizeX:3": 48,
      "x:3": 252,
      "y:3": 552,
      "questIDLow:4": 1664,
      "sizeY:3": 48
    },
    "84:10": {
      "questIDHigh:4": 0,
      "sizeX:3": 24,
      "x:3": 360,
      "y:3": 180,
      "questIDLow:4": 1713,
      "sizeY:3": 24
    },
    "85:10": {
      "questIDHigh:4": 0,
      "sizeX:3": 24,
      "x:3": 420,
      "y:3": 180,
      "questIDLow:4": 1714,
      "sizeY:3": 24
    },
    "86:10": {
      "questIDHigh:4": 0,
      "sizeX:3": 24,
      "x:3": 624,
      "y:3": 216,
      "questIDLow:4": 1739,
      "sizeY:3": 24
    },
    "87:10": {
      "questIDHigh:4": 0,
      "sizeX:3": 24,
      "x:3": 672,
      "y:3": 72,
      "questIDLow:4": 1811,
      "sizeY:3": 24
    },
    "88:10": {
      "questIDHigh:4": 0,
      "sizeX:3": 24,
      "x:3": 264,
      "y:3": 504,
      "questIDLow:4": 1812,
      "sizeY:3": 24
    },
    "89:10": {
      "questIDHigh:4": 0,
      "sizeX:3": 24,
      "x:3": 168,
      "y:3": 504,
      "questIDLow:4": 1813,
      "sizeY:3": 24
    },
    "90:10": {
      "questIDHigh:4": 0,
      "sizeX:3": 48,
      "x:3": 156,
      "y:3": 552,
      "questIDLow:4": 1814,
      "sizeY:3": 48
    },
    "91:10": {
      "questIDHigh:4": 0,
      "sizeX:3": 24,
      "x:3": 420,
      "y:3": 228,
      "questIDLow:4": 1815,
      "sizeY:3": 24
    },
    "92:10": {
      "questIDHigh:4": 0,
      "sizeX:3": 24,
      "x:3": 852,
      "y:3": 540,
      "questIDLow:4": 1824,
      "sizeY:3": 24
    },
    "93:10": {
      "questIDHigh:4": 0,
      "sizeX:3": 24,
      "x:3": 720,
      "y:3": 168,
      "questIDLow:4": 1858,
      "sizeY:3": 24
    },
    "94:10": {
      "questIDHigh:4": 0,
      "sizeX:3": 24,
      "x:3": 468,
      "y:3": 276,
      "questIDLow:4": 1871,
      "sizeY:3": 24
    },
    "95:10": {
      "questIDHigh:4": 0,
      "sizeX:3": 24,
      "x:3": 60,
      "y:3": 108,
      "questIDLow:4": 1876,
      "sizeY:3": 24
    },
    "96:10": {
      "questIDHigh:4": 0,
      "sizeX:3": 24,
      "x:3": 60,
      "y:3": 60,
      "questIDLow:4": 1877,
      "sizeY:3": 24
    },
    "97:10": {
      "questIDHigh:4": 0,
      "sizeX:3": 24,
      "x:3": 816,
      "y:3": 516,
      "questIDLow:4": 1901,
      "sizeY:3": 24
    },
    "98:10": {
      "questIDHigh:4": 0,
      "sizeX:3": 48,
      "x:3": 684,
      "y:3": 360,
      "questIDLow:4": 1903,
      "sizeY:3": 48
    },
    "99:10": {
      "questIDHigh:4": 0,
      "sizeX:3": 24,
      "x:3": 60,
      "y:3": 156,
      "questIDLow:4": 1906,
      "sizeY:3": 24
    },
    "100:10": {
      "questIDHigh:4": 0,
      "sizeX:3": 24,
      "x:3": 468,
      "y:3": 228,
      "questIDLow:4": 1909,
      "sizeY:3": 24
    },
    "101:10": {
      "questIDHigh:4": 0,
      "sizeX:3": 24,
      "x:3": 528,
      "y:3": 180,
      "questIDLow:4": 1921,
      "sizeY:3": 24
    },
    "102:10": {
      "questIDHigh:4": 0,
      "sizeX:3": 48,
      "x:3": 564,
      "y:3": 24,
      "questIDLow:4": 2295,
      "sizeY:3": 48
    },
    "103:10": {
      "questIDHigh:4": 0,
      "sizeX:3": 24,
      "x:3": 300,
      "y:3": 360,
      "questIDLow:4": 2398,
      "sizeY:3": 24
    },
    "104:10": {
      "questIDHigh:4": 0,
      "sizeX:3": 24,
      "x:3": 468,
      "y:3": 180,
      "questIDLow:4": 2408,
      "sizeY:3": 24
    },
    "105:10": {
      "questIDHigh:4": 0,
      "sizeX:3": 24,
      "x:3": 108,
      "y:3": 120,
      "questIDLow:4": 2447,
      "sizeY:3": 24
    },
    "106:10": {
      "questIDHigh:4": 0,
      "sizeX:3": 24,
      "x:3": 84,
      "y:3": 504,
      "questIDLow:4": 2565,
      "sizeY:3": 24
    },
    "107:10": {
      "questIDHigh:4": 0,
      "sizeX:3": 48,
      "x:3": 72,
      "y:3": 552,
      "questIDLow:4": 2566,
      "sizeY:3": 48
    },
    "108:10": {
      "questIDHigh:4": 0,
      "sizeX:3": 24,
      "x:3": 36,
      "y:3": 564,
      "questIDLow:4": 2567,
      "sizeY:3": 24
    },
    "109:10": {
      "questIDHigh:4": 0,
      "sizeX:3": 24,
      "x:3": 420,
      "y:3": 144,
      "questIDLow:4": 2917,
      "sizeY:3": 24
    },
    "110:10": {
      "questIDHigh:4": 0,
      "sizeX:3": 24,
      "x:3": 612,
      "y:3": 636,
      "questIDLow:4": 2974,
      "sizeY:3": 24
    },
    "111:10": {
      "questIDHigh:4": 0,
      "sizeX:3": 24,
      "x:3": 660,
      "y:3": 636,
      "questIDLow:4": 2976,
      "sizeY:3": 24
    },
    "112:10": {
      "questIDHigh:4": 0,
      "sizeX:3": 24,
      "x:3": 612,
      "y:3": 588,
      "questIDLow:4": 2977,
      "sizeY:3": 24
    },
    "113:10": {
      "questIDHigh:4": 0,
      "sizeX:3": 24,
      "x:3": 660,
      "y:3": 588,
      "questIDLow:4": 2978,
      "sizeY:3": 24
    }
  },
  "questLineIDLow:4": 5,
  "questLineIDHigh:4": 0,
  "properties:10": {
    "betterquesting:10": {
      "visibility:8": "UNLOCKED",
      "name:8": "Tier 3 - HV",
      "icon:10": {
        "id:8": "GalacticraftCore:tile.rocketWorkbench",
        "Count:3": 1,
        "Damage:2": 0,
        "OreDict:8": ""
      },
      "bg_image:8": "",
      "bg_size:3": 256,
      "desc:8": "Finally some real power to work with. This tier is all about getting to the moon to gather more rare resources to build even more advanced machines."
    }
  }
}