{
  "quests:9": {
    "0:10": {
      "questIDHigh:4": 0,
      "sizeX:3": 24,
      "x:3": 300,
      "y:3": 360,
      "questIDLow:4": 201,
      "sizeY:3": 24
    },
    "1:10": {
      "questIDHigh:4": 0,
      "sizeX:3": 24,
      "x:3": 348,
      "y:3": 360,
      "questIDLow:4": 202,
      "sizeY:3": 24
    },
    "2:10": {
      "questIDHigh:4": 0,
      "sizeX:3": 24,
      "x:3": 276,
      "y:3": 228,
      "questIDLow:4": 1200,
      "sizeY:3": 24
    },
    "3:10": {
      "questIDHigh:4": 0,
      "sizeX:3": 24,
      "x:3": 276,
      "y:3": 180,
      "questIDLow:4": 1201,
      "sizeY:3": 24
    },
    "4:10": {
      "questIDHigh:4": 0,
      "sizeX:3": 48,
      "x:3": 216,
      "y:3": 276,
      "questIDLow:4": 1212,
      "sizeY:3": 48
    },
    "5:10": {
      "questIDHigh:4": 0,
      "sizeX:3": 48,
      "x:3": 288,
      "y:3": 276,
      "questIDLow:4": 1213,
      "sizeY:3": 48
    },
    "6:10": {
      "questIDHigh:4": 0,
      "sizeX:3": 48,
      "x:3": 132,
      "y:3": 168,
      "questIDLow:4": 1489,
      "sizeY:3": 48
    },
    "7:10": {
      "questIDHigh:4": 0,
      "sizeX:3": 48,
      "x:3": 216,
      "y:3": 84,
      "questIDLow:4": 1490,
      "sizeY:3": 48
    },
    "8:10": {
      "questIDHigh:4": 0,
      "sizeX:3": 72,
      "x:3": 0,
      "y:3": 264,
      "questIDLow:4": 1493,
      "sizeY:3": 72
    },
    "9:10": {
      "questIDHigh:4": 0,
      "sizeX:3": 24,
      "x:3": 228,
      "y:3": 48,
      "questIDLow:4": 1621,
      "sizeY:3": 24
    },
    "10:10": {
      "questIDHigh:4": 0,
      "sizeX:3": 48,
      "x:3": 216,
      "y:3": 168,
      "questIDLow:4": 1680,
      "sizeY:3": 48
    },
    "11:10": {
      "questIDHigh:4": 0,
      "sizeX:3": 24,
      "x:3": 396,
      "y:3": 360,
      "questIDLow:4": 1681,
      "sizeY:3": 24
    },
    "12:10": {
      "questIDHigh:4": 0,
      "sizeX:3": 24,
      "x:3": 444,
      "y:3": 360,
      "questIDLow:4": 1682,
      "sizeY:3": 24
    },
    "13:10": {
      "questIDHigh:4": 0,
      "sizeX:3": 48,
      "x:3": 372,
      "y:3": 84,
      "questIDLow:4": 1683,
      "sizeY:3": 48
    },
    "14:10": {
      "questIDHigh:4": 0,
      "sizeX:3": 24,
      "x:3": 744,
      "y:3": 180,
      "questIDLow:4": 1684,
      "sizeY:3": 24
    },
    "15:10": {
      "questIDHigh:4": 0,
      "sizeX:3": 24,
      "x:3": 696,
      "y:3": 180,
      "questIDLow:4": 1685,
      "sizeY:3": 24
    },
    "16:10": {
      "questIDHigh:4": 0,
      "sizeX:3": 48,
      "x:3": 624,
      "y:3": 276,
      "questIDLow:4": 1686,
      "sizeY:3": 48
    },
    "17:10": {
      "questIDHigh:4": 0,
      "sizeX:3": 48,
      "x:3": 456,
      "y:3": 168,
      "questIDLow:4": 1687,
      "sizeY:3": 48
    },
    "18:10": {
      "questIDHigh:4": 0,
      "sizeX:3": 48,
      "x:3": 528,
      "y:3": 528,
      "questIDLow:4": 1688,
      "sizeY:3": 48
    },
    "19:10": {
      "questIDHigh:4": 0,
      "sizeX:3": 48,
      "x:3": 372,
      "y:3": 168,
      "questIDLow:4": 1689,
      "sizeY:3": 48
    },
    "20:10": {
      "questIDHigh:4": 0,
      "sizeX:3": 48,
      "x:3": 624,
      "y:3": 432,
      "questIDLow:4": 1708,
      "sizeY:3": 48
    },
    "21:10": {
      "questIDHigh:4": 0,
      "sizeX:3": 48,
      "x:3": 624,
      "y:3": 624,
      "questIDLow:4": 1709,
      "sizeY:3": 48
    },
    "22:10": {
      "questIDHigh:4": 0,
      "sizeX:3": 48,
      "x:3": 624,
      "y:3": 804,
      "questIDLow:4": 1710,
      "sizeY:3": 48
    },
    "23:10": {
      "questIDHigh:4": 0,
      "sizeX:3": 48,
      "x:3": 132,
      "y:3": 804,
      "questIDLow:4": 1711,
      "sizeY:3": 48
    },
    "24:10": {
      "questIDHigh:4": 0,
      "sizeX:3": 48,
      "x:3": 132,
      "y:3": 252,
      "questIDLow:4": 1722,
      "sizeY:3": 48
    },
    "25:10": {
      "questIDHigh:4": 0,
      "sizeX:3": 24,
      "x:3": 24,
      "y:3": 228,
      "questIDLow:4": 2024,
      "sizeY:3": 24
    },
    "26:10": {
      "questIDHigh:4": 0,
      "sizeX:3": 24,
      "x:3": 180,
      "y:3": 96,
      "questIDLow:4": 2071,
      "sizeY:3": 24
    },
    "27:10": {
      "questIDHigh:4": 0,
      "sizeX:3": 48,
      "x:3": 132,
      "y:3": 348,
      "questIDLow:4": 2599,
      "sizeY:3": 48
    },
    "28:10": {
      "questIDHigh:4": 0,
      "sizeX:3": 48,
      "x:3": 456,
      "y:3": 84,
      "questIDLow:4": 2600,
      "sizeY:3": 48
    },
    "29:10": {
      "questIDHigh:4": 0,
      "sizeX:3": 48,
      "x:3": 624,
      "y:3": 168,
      "questIDLow:4": 2602,
      "sizeY:3": 48
    },
    "30:10": {
      "questIDHigh:4": 0,
      "sizeX:3": 48,
      "x:3": 540,
      "y:3": 168,
      "questIDLow:4": 2603,
      "sizeY:3": 48
    },
    "31:10": {
      "questIDHigh:4": 0,
      "sizeX:3": 48,
      "x:3": 540,
      "y:3": 84,
      "questIDLow:4": 2604,
      "sizeY:3": 48
    },
    "32:10": {
      "questIDHigh:4": 0,
      "sizeX:3": 48,
      "x:3": 540,
      "y:3": 0,
      "questIDLow:4": 2605,
      "sizeY:3": 48
    },
    "33:10": {
      "questIDHigh:4": 0,
      "sizeX:3": 48,
      "x:3": 624,
      "y:3": 84,
      "questIDLow:4": 2606,
      "sizeY:3": 48
    },
    "34:10": {
      "questIDHigh:4": 0,
      "sizeX:3": 48,
      "x:3": 216,
      "y:3": 348,
      "questIDLow:4": 2607,
      "sizeY:3": 48
    },
    "35:10": {
      "questIDHigh:4": 0,
      "sizeX:3": 48,
      "x:3": 540,
      "y:3": 276,
      "questIDLow:4": 2608,
      "sizeY:3": 48
    },
    "36:10": {
      "questIDHigh:4": 0,
      "sizeX:3": 24,
      "x:3": 420,
      "y:3": 288,
      "questIDLow:4": 2609,
      "sizeY:3": 24
    },
    "37:10": {
      "questIDHigh:4": 0,
      "sizeX:3": 24,
      "x:3": 360,
      "y:3": 288,
      "questIDLow:4": 2645,
      "sizeY:3": 24
    },
    "38:10": {
      "questIDHigh:4": 0,
      "sizeX:3": 24,
      "x:3": 636,
      "y:3": 48,
      "questIDLow:4": 2666,
      "sizeY:3": 24
    },
    "39:10": {
      "questIDHigh:4": 0,
      "sizeX:3": 24,
      "x:3": 96,
      "y:3": 180,
      "questIDLow:4": 2677,
      "sizeY:3": 24
    },
    "40:10": {
      "questIDHigh:4": 0,
      "sizeX:3": 24,
      "x:3": 468,
      "y:3": 240,
      "questIDLow:4": 2680,
      "sizeY:3": 24
    },
    "41:10": {
      "questIDHigh:4": 0,
      "sizeX:3": 48,
      "x:3": 192,
      "y:3": 720,
      "questIDLow:4": 2921,
      "sizeY:3": 48
    },
    "42:10": {
      "questIDHigh:4": 0,
      "sizeX:3": 48,
      "x:3": 276,
      "y:3": 720,
      "questIDLow:4": 2922,
      "sizeY:3": 48
    },
    "43:10": {
      "questIDHigh:4": 0,
      "sizeX:3": 24,
      "x:3": 372,
      "y:3": 492,
      "questIDLow:4": 2923,
      "sizeY:3": 24
    },
    "44:10": {
      "questIDHigh:4": 0,
      "sizeX:3": 48,
      "x:3": 360,
      "y:3": 720,
      "questIDLow:4": 2924,
      "sizeY:3": 48
    },
    "45:10": {
      "questIDHigh:4": 0,
      "sizeX:3": 48,
      "x:3": 444,
      "y:3": 720,
      "questIDLow:4": 2925,
      "sizeY:3": 48
    },
    "46:10": {
      "questIDHigh:4": 0,
      "sizeX:3": 48,
      "x:3": 528,
      "y:3": 720,
      "questIDLow:4": 2926,
      "sizeY:3": 48
    },
    "47:10": {
      "questIDHigh:4": 0,
      "sizeX:3": 48,
      "x:3": 528,
      "y:3": 624,
      "questIDLow:4": 2927,
      "sizeY:3": 48
    },
    "48:10": {
      "questIDHigh:4": 0,
      "sizeX:3": 48,
      "x:3": 444,
      "y:3": 624,
      "questIDLow:4": 2928,
      "sizeY:3": 48
    },
    "49:10": {
      "questIDHigh:4": 0,
      "sizeX:3": 48,
      "x:3": 360,
      "y:3": 624,
      "questIDLow:4": 2929,
      "sizeY:3": 48
    },
    "50:10": {
      "questIDHigh:4": 0,
      "sizeX:3": 48,
      "x:3": 360,
      "y:3": 528,
      "questIDLow:4": 2930,
      "sizeY:3": 48
    },
    "51:10": {
      "questIDHigh:4": 0,
      "sizeX:3": 24,
      "x:3": 324,
      "y:3": 492,
      "questIDLow:4": 2931,
      "sizeY:3": 24
    },
    "52:10": {
      "questIDHigh:4": 0,
      "sizeX:3": 24,
      "x:3": 456,
      "y:3": 684,
      "questIDLow:4": 2932,
      "sizeY:3": 24
    },
    "53:10": {
      "questIDHigh:4": 0,
      "sizeX:3": 24,
      "x:3": 372,
      "y:3": 684,
      "questIDLow:4": 2933,
      "sizeY:3": 24
    },
    "54:10": {
      "questIDHigh:4": 0,
      "sizeX:3": 48,
      "x:3": 276,
      "y:3": 624,
      "questIDLow:4": 2934,
      "sizeY:3": 48
    },
    "55:10": {
      "questIDHigh:4": 0,
      "sizeX:3": 48,
      "x:3": 276,
      "y:3": 528,
      "questIDLow:4": 2935,
      "sizeY:3": 48
    },
    "56:10": {
      "questIDHigh:4": 0,
      "sizeX:3": 48,
      "x:3": 444,
      "y:3": 528,
      "questIDLow:4": 2940,
      "sizeY:3": 48
    },
    "57:10": {
      "questIDHigh:4": 0,
      "sizeX:3": 48,
      "x:3": 444,
      "y:3": 432,
      "questIDLow:4": 2941,
      "sizeY:3": 48
    },
    "58:10": {
      "questIDHigh:4": 0,
      "sizeX:3": 24,
      "x:3": 516,
      "y:3": 408,
      "questIDLow:4": 2942,
      "sizeY:3": 24
    },
    "59:10": {
      "questIDHigh:4": 0,
      "sizeX:3": 24,
      "x:3": 516,
      "y:3": 444,
      "questIDLow:4": 2943,
      "sizeY:3": 24
    },
    "60:10": {
      "questIDHigh:4": 0,
      "sizeX:3": 24,
      "x:3": 516,
      "y:3": 480,
      "questIDLow:4": 2944,
      "sizeY:3": 24
    },
    "61:10": {
      "questIDHigh:4": 0,
      "sizeX:3": 24,
      "x:3": 96,
      "y:3": 360,
      "questIDLow:4": 3077,
      "sizeY:3": 24
    },
    "62:10": {
      "questIDHigh:4": 0,
      "sizeX:3": 24,
      "x:3": 324,
      "y:3": 228,
      "questIDLow:4": 3091,
      "sizeY:3": 24
    },
    "63:10": {
      "questIDHigh:4": 8759504708348955278,
      "sizeX:3": 48,
      "x:3": -84,
      "y:3": 276,
      "questIDLow:4": -8274215243329909479,
      "sizeY:3": 48
    }
  },
  "questLineIDLow:4": 8,
  "questLineIDHigh:4": 0,
  "properties:10": {
    "betterquesting:10": {
      "visibility:8": "UNLOCKED",
      "name:8": "Tier 6 - LuV",
      "icon:10": {
        "id:8": "gregtech:gt.blockmachines",
        "Count:3": 1,
        "Damage:2": 1193,
        "OreDict:8": ""
      },
      "bg_image:8": "",
      "bg_size:3": 256,
      "desc:8": "If you have made it this far, you should walk with your head held high - you are at the start of the lategame. Endgame is still a long road ahead of you, but you are now an expert at GTNH and most of the mods it comes with. Congrats, and be proud of yourself.\n\nOnce you\u0027re done being proud, start making CALs for better circuits, and work towards making endgame power with the Fusion Reactor, you\u0027ll need it."
    }
  }
}