{
  "quests:9": {
    "0:10": {
      "questIDHigh:4": -9156783390791874552,
      "sizeX:3": 48,
      "x:3": 336,
      "y:3": 72,
      "questIDLow:4": -8533404977696523804,
      "sizeY:3": 48
    },
    "1:10": {
      "questIDHigh:4": -8999171536302616605,
      "sizeX:3": 48,
      "x:3": -24,
      "y:3": 72,
      "questIDLow:4": -9110897555436056046,
      "sizeY:3": 48
    },
    "2:10": {
      "questIDHigh:4": -8579685190554661445,
      "sizeX:3": 48,
      "x:3": -132,
      "y:3": -252,
      "questIDLow:4": -5973404310081765177,
      "sizeY:3": 48
    },
    "3:10": {
      "questIDHigh:4": -7794674471479980302,
      "sizeX:3": 72,
      "x:3": -36,
      "y:3": -36,
      "questIDLow:4": -5399646287042766590,
      "sizeY:3": 72
    },
    "4:10": {
      "questIDHigh:4": -7295214463238520795,
      "sizeX:3": 48,
      "x:3": -24,
      "y:3": -108,
      "questIDLow:4": -8557295371763424843,
      "sizeY:3": 48
    },
    "5:10": {
      "questIDHigh:4": -5503315474457539634,
      "sizeX:3": 48,
      "x:3": 84,
      "y:3": -180,
      "questIDLow:4": -9196591828784291176,
      "sizeY:3": 48
    },
    "6:10": {
      "questIDHigh:4": -2365245945413417998,
      "sizeX:3": 24,
      "x:3": 228,
      "y:3": -144,
      "questIDLow:4": -8014877735925203463,
      "sizeY:3": 24
    },
    "7:10": {
      "questIDHigh:4": -2248188269068467515,
      "sizeX:3": 48,
      "x:3": 192,
      "y:3": -324,
      "questIDLow:4": -6407498567809638090,
      "sizeY:3": 48
    },
    "8:10": {
      "questIDHigh:4": -544274892336709208,
      "sizeX:3": 48,
      "x:3": -132,
      "y:3": -180,
      "questIDLow:4": -8754088215918060056,
      "sizeY:3": 48
    },
    "9:10": {
      "questIDHigh:4": -199482370913580560,
      "sizeX:3": 48,
      "x:3": 336,
      "y:3": -108,
      "questIDLow:4": -9064439369025459403,
      "sizeY:3": 48
    },
    "10:10": {
      "questIDHigh:4": -139068609484536132,
      "sizeX:3": 48,
      "x:3": 192,
      "y:3": -216,
      "questIDLow:4": -5753871526049634361,
      "sizeY:3": 48
    },
    "11:10": {
      "questIDHigh:4": 0,
      "sizeX:3": 24,
      "x:3": 252,
      "y:3": 36,
      "questIDLow:4": 468,
      "sizeY:3": 24
    },
    "12:10": {
      "questIDHigh:4": 0,
      "sizeX:3": 24,
      "x:3": 156,
      "y:3": 36,
      "questIDLow:4": 2577,
      "sizeY:3": 24
    },
    "13:10": {
      "questIDHigh:4": 0,
      "sizeX:3": 48,
      "x:3": -132,
      "y:3": 36,
      "questIDLow:4": 2583,
      "sizeY:3": 48
    },
    "14:10": {
      "questIDHigh:4": 0,
      "sizeX:3": 48,
      "x:3": -216,
      "y:3": -48,
      "questIDLow:4": 2584,
      "sizeY:3": 48
    },
    "15:10": {
      "questIDHigh:4": 0,
      "sizeX:3": 48,
      "x:3": 192,
      "y:3": -24,
      "questIDLow:4": 2588,
      "sizeY:3": 48
    },
    "16:10": {
      "questIDHigh:4": 0,
      "sizeX:3": 48,
      "x:3": 192,
      "y:3": -108,
      "questIDLow:4": 2590,
      "sizeY:3": 48
    },
    "17:10": {
      "questIDHigh:4": 0,
      "sizeX:3": 24,
      "x:3": 48,
      "y:3": 48,
      "questIDLow:4": 2593,
      "sizeY:3": 24
    },
    "18:10": {
      "questIDHigh:4": 0,
      "sizeX:3": 48,
      "x:3": 336,
      "y:3": -216,
      "questIDLow:4": 3236,
      "sizeY:3": 48
    },
    "19:10": {
      "questIDHigh:4": 0,
      "sizeX:3": 48,
      "x:3": 420,
      "y:3": -108,
      "questIDLow:4": 3239,
      "sizeY:3": 48
    },
    "20:10": {
      "questIDHigh:4": 0,
      "sizeX:3": 48,
      "x:3": -216,
      "y:3": 36,
      "questIDLow:4": 3248,
      "sizeY:3": 48
    },
    "21:10": {
      "questIDHigh:4": 0,
      "sizeX:3": 24,
      "x:3": 300,
      "y:3": -204,
      "questIDLow:4": 3287,
      "sizeY:3": 24
    },
    "22:10": {
      "questIDHigh:4": 313634712247812384,
      "sizeX:3": 24,
      "x:3": 180,
      "y:3": -144,
      "questIDLow:4": -6062908746963570458,
      "sizeY:3": 24
    },
    "23:10": {
      "questIDHigh:4": 2302674002717395266,
      "sizeX:3": 48,
      "x:3": -132,
      "y:3": -108,
      "questIDLow:4": -8724430134020257656,
      "sizeY:3": 48
    },
    "24:10": {
      "questIDHigh:4": 6020452548092775746,
      "sizeX:3": 48,
      "x:3": -24,
      "y:3": -324,
      "questIDLow:4": -6022104266947009874,
      "sizeY:3": 48
    },
    "25:10": {
      "questIDHigh:4": 6240105828909796885,
      "sizeX:3": 48,
      "x:3": -24,
      "y:3": -252,
      "questIDLow:4": -6772057045989436864,
      "sizeY:3": 48
    },
    "26:10": {
      "questIDHigh:4": 6380602928249523144,
      "sizeX:3": 48,
      "x:3": 336,
      "y:3": -324,
      "questIDLow:4": -6963947838860379704,
      "sizeY:3": 48
    },
    "27:10": {
      "questIDHigh:4": 6411465645269994516,
      "sizeX:3": 48,
      "x:3": -24,
      "y:3": -180,
      "questIDLow:4": -5575624123602641916,
      "sizeY:3": 48
    },
    "28:10": {
      "questIDHigh:4": 6871186703039940952,
      "sizeX:3": 48,
      "x:3": 84,
      "y:3": -108,
      "questIDLow:4": -5095508056809418717,
      "sizeY:3": 48
    },
    "29:10": {
      "questIDHigh:4": 8470087348094322293,
      "sizeX:3": 24,
      "x:3": -204,
      "y:3": -96,
      "questIDLow:4": -8363105124200355806,
      "sizeY:3": 24
    },
    "30:10": {
      "questIDHigh:4": 8665603466225339977,
      "sizeX:3": 48,
      "x:3": 84,
      "y:3": -252,
      "questIDLow:4": -7084124104927191421,
      "sizeY:3": 48
    }
  },
  "questLineIDLow:4": -8138493306877525999,
  "questLineIDHigh:4": 1150253468108537981,
  "properties:10": {
    "betterquesting:10": {
      "visibility:8": "NORMAL",
      "name:8": "Tier 10 - UEV",
      "icon:10": {
        "id:8": "gregtech:gt.blockmachines",
        "Count:3": 1,
        "Damage:2": 1004,
        "OreDict:8": ""
      },
      "bg_image:8": "",
      "bg_size:3": 256,
      "desc:8": "Still here? You should know what to do by now, but here\u0027s a rough guide of what\u0027s next."
    }
  }
}