{
  "quests:9": {
    "0:10": {
      "questIDHigh:4": 0,
      "sizeX:3": 48,
      "x:3": 288,
      "y:3": 36,
      "questIDLow:4": 546,
      "sizeY:3": 48
    },
    "1:10": {
      "questIDHigh:4": 0,
      "sizeX:3": 24,
      "x:3": 12,
      "y:3": 204,
      "questIDLow:4": 2984,
      "sizeY:3": 24
    },
    "2:10": {
      "questIDHigh:4": 0,
      "sizeX:3": 48,
      "x:3": 0,
      "y:3": 132,
      "questIDLow:4": 2986,
      "sizeY:3": 48
    },
    "3:10": {
      "questIDHigh:4": 0,
      "sizeX:3": 48,
      "x:3": 144,
      "y:3": 132,
      "questIDLow:4": 2987,
      "sizeY:3": 48
    },
    "4:10": {
      "questIDHigh:4": 0,
      "sizeX:3": 48,
      "x:3": 288,
      "y:3": 132,
      "questIDLow:4": 2988,
      "sizeY:3": 48
    },
    "5:10": {
      "questIDHigh:4": 0,
      "sizeX:3": 48,
      "x:3": 576,
      "y:3": 132,
      "questIDLow:4": 2989,
      "sizeY:3": 48
    },
    "6:10": {
      "questIDHigh:4": 0,
      "sizeX:3": 48,
      "x:3": 432,
      "y:3": 132,
      "questIDLow:4": 2990,
      "sizeY:3": 48
    },
    "7:10": {
      "questIDHigh:4": 0,
      "sizeX:3": 24,
      "x:3": 12,
      "y:3": 252,
      "questIDLow:4": 2991,
      "sizeY:3": 24
    },
    "8:10": {
      "questIDHigh:4": 0,
      "sizeX:3": 24,
      "x:3": 12,
      "y:3": 300,
      "questIDLow:4": 2992,
      "sizeY:3": 24
    },
    "9:10": {
      "questIDHigh:4": 0,
      "sizeX:3": 24,
      "x:3": 12,
      "y:3": 348,
      "questIDLow:4": 2993,
      "sizeY:3": 24
    },
    "10:10": {
      "questIDHigh:4": 0,
      "sizeX:3": 24,
      "x:3": 12,
      "y:3": 396,
      "questIDLow:4": 2994,
      "sizeY:3": 24
    },
    "11:10": {
      "questIDHigh:4": 0,
      "sizeX:3": 24,
      "x:3": 60,
      "y:3": 276,
      "questIDLow:4": 2995,
      "sizeY:3": 24
    },
    "12:10": {
      "questIDHigh:4": 0,
      "sizeX:3": 24,
      "x:3": 156,
      "y:3": 204,
      "questIDLow:4": 2996,
      "sizeY:3": 24
    },
    "13:10": {
      "questIDHigh:4": 0,
      "sizeX:3": 24,
      "x:3": 156,
      "y:3": 252,
      "questIDLow:4": 2997,
      "sizeY:3": 24
    },
    "14:10": {
      "questIDHigh:4": 0,
      "sizeX:3": 24,
      "x:3": 156,
      "y:3": 300,
      "questIDLow:4": 2998,
      "sizeY:3": 24
    },
    "15:10": {
      "questIDHigh:4": 0,
      "sizeX:3": 24,
      "x:3": 156,
      "y:3": 348,
      "questIDLow:4": 2999,
      "sizeY:3": 24
    },
    "16:10": {
      "questIDHigh:4": 0,
      "sizeX:3": 24,
      "x:3": 108,
      "y:3": 228,
      "questIDLow:4": 3000,
      "sizeY:3": 24
    },
    "17:10": {
      "questIDHigh:4": 0,
      "sizeX:3": 24,
      "x:3": 300,
      "y:3": 204,
      "questIDLow:4": 3001,
      "sizeY:3": 24
    },
    "18:10": {
      "questIDHigh:4": 0,
      "sizeX:3": 24,
      "x:3": 300,
      "y:3": 252,
      "questIDLow:4": 3002,
      "sizeY:3": 24
    },
    "19:10": {
      "questIDHigh:4": 0,
      "sizeX:3": 24,
      "x:3": 300,
      "y:3": 300,
      "questIDLow:4": 3003,
      "sizeY:3": 24
    },
    "20:10": {
      "questIDHigh:4": 0,
      "sizeX:3": 24,
      "x:3": 348,
      "y:3": 228,
      "questIDLow:4": 3004,
      "sizeY:3": 24
    },
    "21:10": {
      "questIDHigh:4": 0,
      "sizeX:3": 24,
      "x:3": 252,
      "y:3": 228,
      "questIDLow:4": 3005,
      "sizeY:3": 24
    },
    "22:10": {
      "questIDHigh:4": 0,
      "sizeX:3": 24,
      "x:3": 348,
      "y:3": 348,
      "questIDLow:4": 3006,
      "sizeY:3": 24
    },
    "23:10": {
      "questIDHigh:4": 0,
      "sizeX:3": 24,
      "x:3": 252,
      "y:3": 348,
      "questIDLow:4": 3007,
      "sizeY:3": 24
    },
    "24:10": {
      "questIDHigh:4": 0,
      "sizeX:3": 24,
      "x:3": 300,
      "y:3": 348,
      "questIDLow:4": 3008,
      "sizeY:3": 24
    },
    "25:10": {
      "questIDHigh:4": 0,
      "sizeX:3": 24,
      "x:3": 300,
      "y:3": 396,
      "questIDLow:4": 3009,
      "sizeY:3": 24
    },
    "26:10": {
      "questIDHigh:4": 0,
      "sizeX:3": 24,
      "x:3": 444,
      "y:3": 204,
      "questIDLow:4": 3010,
      "sizeY:3": 24
    },
    "27:10": {
      "questIDHigh:4": 0,
      "sizeX:3": 24,
      "x:3": 492,
      "y:3": 204,
      "questIDLow:4": 3011,
      "sizeY:3": 24
    },
    "28:10": {
      "questIDHigh:4": 0,
      "sizeX:3": 24,
      "x:3": 444,
      "y:3": 252,
      "questIDLow:4": 3012,
      "sizeY:3": 24
    },
    "29:10": {
      "questIDHigh:4": 0,
      "sizeX:3": 24,
      "x:3": 492,
      "y:3": 252,
      "questIDLow:4": 3013,
      "sizeY:3": 24
    },
    "30:10": {
      "questIDHigh:4": 0,
      "sizeX:3": 24,
      "x:3": 444,
      "y:3": 300,
      "questIDLow:4": 3014,
      "sizeY:3": 24
    },
    "31:10": {
      "questIDHigh:4": 0,
      "sizeX:3": 24,
      "x:3": 480,
      "y:3": 300,
      "questIDLow:4": 3015,
      "sizeY:3": 24
    },
    "32:10": {
      "questIDHigh:4": 0,
      "sizeX:3": 24,
      "x:3": 408,
      "y:3": 300,
      "questIDLow:4": 3016,
      "sizeY:3": 24
    },
    "33:10": {
      "questIDHigh:4": 0,
      "sizeX:3": 24,
      "x:3": 372,
      "y:3": 300,
      "questIDLow:4": 3017,
      "sizeY:3": 24
    },
    "34:10": {
      "questIDHigh:4": 0,
      "sizeX:3": 24,
      "x:3": 444,
      "y:3": 348,
      "questIDLow:4": 3018,
      "sizeY:3": 24
    },
    "35:10": {
      "questIDHigh:4": 0,
      "sizeX:3": 24,
      "x:3": 444,
      "y:3": 396,
      "questIDLow:4": 3019,
      "sizeY:3": 24
    },
    "36:10": {
      "questIDHigh:4": 0,
      "sizeX:3": 24,
      "x:3": 588,
      "y:3": 204,
      "questIDLow:4": 3020,
      "sizeY:3": 24
    },
    "37:10": {
      "questIDHigh:4": 0,
      "sizeX:3": 24,
      "x:3": 588,
      "y:3": 252,
      "questIDLow:4": 3021,
      "sizeY:3": 24
    },
    "38:10": {
      "questIDHigh:4": 0,
      "sizeX:3": 24,
      "x:3": 588,
      "y:3": 300,
      "questIDLow:4": 3022,
      "sizeY:3": 24
    },
    "39:10": {
      "questIDHigh:4": 0,
      "sizeX:3": 24,
      "x:3": 588,
      "y:3": 348,
      "questIDLow:4": 3023,
      "sizeY:3": 24
    },
    "40:10": {
      "questIDHigh:4": 0,
      "sizeX:3": 24,
      "x:3": 564,
      "y:3": 396,
      "questIDLow:4": 3024,
      "sizeY:3": 24
    },
    "41:10": {
      "questIDHigh:4": 0,
      "sizeX:3": 24,
      "x:3": 612,
      "y:3": 396,
      "questIDLow:4": 3025,
      "sizeY:3": 24
    },
    "42:10": {
      "questIDHigh:4": 0,
      "sizeX:3": 48,
      "x:3": 288,
      "y:3": 468,
      "questIDLow:4": 3026,
      "sizeY:3": 48
    },
    "43:10": {
      "questIDHigh:4": 0,
      "sizeX:3": 48,
      "x:3": 384,
      "y:3": 564,
      "questIDLow:4": 3027,
      "sizeY:3": 48
    },
    "44:10": {
      "questIDHigh:4": 0,
      "sizeX:3": 48,
      "x:3": 288,
      "y:3": 564,
      "questIDLow:4": 3028,
      "sizeY:3": 48
    },
    "45:10": {
      "questIDHigh:4": 0,
      "sizeX:3": 48,
      "x:3": 192,
      "y:3": 564,
      "questIDLow:4": 3029,
      "sizeY:3": 48
    }
  },
  "questLineIDLow:4": 15,
  "questLineIDHigh:4": 0,
  "properties:10": {
    "betterquesting:10": {
      "visibility:8": "UNLOCKED",
      "name:8": "Working with Oil",
      "icon:10": {
        "id:8": "BuildCraft|Energy:bucketOil",
        "Count:3": 1,
        "Damage:2": 0,
        "OreDict:8": ""
      },
      "bg_image:8": "",
      "bg_size:3": 256,
      "desc:8": "A questline about oil refining, oil byproducts, and oil based power generation."
    }
  }
}