{
  "questIDHigh:4": 0,
  "preRequisites:9": {
    "0:10": {
      "questIDHigh:4": 0,
      "questIDLow:4": 6
    }
  },
  "questIDLow:4": 484,
  "properties:10": {
    "betterquesting:10": {
      "snd_complete:8": "random.levelup",
      "taskLogic:8": "AND",
      "partySingleReward:1": 0,
      "visibility:8": "NORMAL",
      "isMain:1": 0,
      "simultaneous:1": 0,
      "icon:10": {
        "id:8": "minecraft:dye",
        "Count:3": 1,
        "Damage:2": 15,
        "OreDict:8": ""
      },
      "snd_update:8": "random.levelup",
      "repeatTime:3": -1,
      "globalShare:1": 1,
      "questLogic:8": "AND",
      "repeat_relative:1": 1,
      "name:8": "§1§lCan You Hear the Carrots Grow?",
      "isGlobal:1": 0,
      "lockedProgress:1": 0,
      "autoClaim:1": 0,
      "isSilent:1": 0,
      "desc:8": "Tired of waiting since your carrots grow sooooo slowly?\n\nBone meal will help you to grow food in seconds. \n\nChop down some trees to get a bit of bone meal as a reward."
    }
  },
  "tasks:9": {
    "0:10": {
      "partialMatch:1": 1,
      "autoConsume:1": 0,
      "groupDetect:1": 0,
      "ignoreNBT:1": 0,
      "index:3": 0,
      "consume:1": 0,
      "requiredItems:9": {
        "0:10": {
          "id:8": "minecraft:log",
          "Count:3": 64,
          "Damage:2": 0,
          "OreDict:8": "logWood"
        }
      },
      "taskID:8": "bq_standard:retrieval"
    },
    "1:10": {
      "partialMatch:1": 1,
      "autoConsume:1": 0,
      "groupDetect:1": 0,
      "ignoreNBT:1": 0,
      "index:3": 1,
      "consume:1": 1,
      "requiredItems:9": {
        "0:10": {
          "id:8": "minecraft:log",
          "Count:3": 10,
          "Damage:2": 0,
          "OreDict:8": "logWood"
        }
      },
      "taskID:8": "bq_standard:retrieval"
    }
  },
  "rewards:9": {
    "0:10": {
      "rewardID:8": "bq_standard:item",
      "index:3": 0,
      "rewards:9": {
        "0:10": {
          "id:8": "minecraft:dye",
          "Count:3": 10,
          "Damage:2": 15,
          "OreDict:8": ""
        }
      }
    },
    "1:10": {
      "rewardID:8": "bq_standard:choice",
      "index:3": 1,
      "choices:9": {
        "0:10": {
          "id:8": "gregtech:gt.metatool.01",
          "Count:3": 1,
          "tag:10": {
            "ench:9": {
              "0:10": {
                "lvl:2": 1,
                "id:2": 20
              }
            },
            "GT.ToolStats:10": {
              "PrimaryMaterial:8": "Flint",
              "MaxDamage:4": 6400,
              "SecondaryMaterial:8": "Wood"
            }
          },
          "Damage:2": 6,
          "OreDict:8": ""
        },
        "1:10": {
          "id:8": "minecraft:torch",
          "Count:3": 5,
          "Damage:2": 0,
          "OreDict:8": ""
        },
        "2:10": {
          "id:8": "minecraft:dye",
          "Count:3": 3,
          "Damage:2": 15,
          "OreDict:8": ""
        }
      }
    }
  }
}
