{
  "questIDHigh:4": 0,
  "preRequisites:9": {
    "0:10": {
      "questIDHigh:4": 0,
      "questIDLow:4": 1842
    }
  },
  "questIDLow:4": 1843,
  "properties:10": {
    "betterquesting:10": {
      "snd_complete:8": "random.levelup",
      "taskLogic:8": "AND",
      "partySingleReward:1": 0,
      "visibility:8": "NORMAL",
      "isMain:1": 0,
      "simultaneous:1": 0,
      "icon:10": {
        "id:8": "minecraft:string",
        "Count:3": 1,
        "Damage:2": 0,
        "OreDict:8": ""
      },
      "snd_update:8": "random.levelup",
      "repeatTime:3": -1,
      "globalShare:1": 1,
      "questLogic:8": "AND",
      "repeat_relative:1": 1,
      "name:8": "§1§lCaught in the Web",
      "isGlobal:1": 0,
      "lockedProgress:1": 0,
      "autoClaim:1": 0,
      "isSilent:1": 0,
      "desc:8": "Some spider have nasty modifiers:\n\nWitch spiders reflect missile damage back at you. If you see a red X on their back, draw your melee weapon and prepare for close combat..\n\nMother spiders will spawn a lot of baby spiders on death, some of which may be infernal.\n\nA flying spider can grab the oblivious flier.\n\nGhost spiders are partially invisible and can pass through thin walls."
    }
  },
  "tasks:9": {
    "0:10": {
      "index:3": 0,
      "taskID:8": "bq_standard:checkbox"
    }
  },
  "rewards:9": {
    "0:10": {
      "rewardID:8": "bq_standard:item",
      "index:3": 0,
      "rewards:9": {
        "0:10": {
          "id:8": "minecraft:string",
          "Count:3": 8,
          "Damage:2": 0,
          "OreDict:8": ""
        }
      }
    }
  }
}