{
  "questIDHigh:4": 0,
  "preRequisites:9": {
    "0:10": {
      "questIDHigh:4": 0,
      "questIDLow:4": 4
    }
  },
  "questIDLow:4": 5,
  "properties:10": {
    "betterquesting:10": {
      "snd_complete:8": "random.levelup",
      "taskLogic:8": "AND",
      "partySingleReward:1": 0,
      "visibility:8": "NORMAL",
      "isMain:1": 1,
      "simultaneous:1": 0,
      "icon:10": {
        "id:8": "gregtech:gt.metatool.01",
        "Count:3": 1,
        "tag:10": {
          "GT.ToolStats:10": {
            "PrimaryMaterial:8": "Flint",
            "MaxDamage:4": 12800,
            "SecondaryMaterial:8": "Wood"
          }
        },
        "Damage:2": 2,
        "OreDict:8": ""
      },
      "snd_update:8": "random.levelup",
      "repeatTime:3": -1,
      "globalShare:1": 1,
      "questLogic:8": "AND",
      "repeat_relative:1": 1,
      "name:8": "§1§lTools",
      "isGlobal:1": 0,
      "lockedProgress:1": 1,
      "autoClaim:1": 0,
      "isSilent:1": 0,
      "desc:8": "Now that you\u0027ve got a shelter and a crafting table, you should make some tools, unless you\u0027d like to continue punching trees with your bare hands.\n\nYou should probably make the shovel first so you can get gravel for the rest more easily."
    }
  },
  "tasks:9": {
    "0:10": {
      "partialMatch:1": 1,
      "allowCraftedFromStatistics:1": 0,
      "allowSmelt:1": 1,
      "ignoreNBT:1": 1,
      "index:3": 0,
      "allowCraft:1": 1,
      "allowAnvil:1": 0,
      "requiredItems:9": {
        "0:10": {
          "id:8": "gregtech:gt.metatool.01",
          "Count:3": 1,
          "tag:10": {
            "GT.ToolStats:10": {
              "PrimaryMaterial:8": "Flint",
              "MaxDamage:4": 6400,
              "SecondaryMaterial:8": "Wood"
            }
          },
          "Damage:2": 4,
          "OreDict:8": ""
        },
        "1:10": {
          "id:8": "gregtech:gt.metatool.01",
          "Count:3": 1,
          "tag:10": {
            "GT.ToolStats:10": {
              "PrimaryMaterial:8": "Flint",
              "MaxDamage:4": 12800,
              "SecondaryMaterial:8": "Wood"
            }
          },
          "Damage:2": 2,
          "OreDict:8": ""
        },
        "2:10": {
          "id:8": "gregtech:gt.metatool.01",
          "Count:3": 1,
          "tag:10": {
            "ench:9": {
              "0:10": {
                "lvl:2": 1,
                "id:2": 20
              }
            },
            "GT.ToolStats:10": {
              "PrimaryMaterial:8": "Flint",
              "MaxDamage:4": 12800,
              "SecondaryMaterial:8": "Wood"
            }
          },
          "Damage:2": 6,
          "OreDict:8": ""
        },
        "3:10": {
          "id:8": "gregtech:gt.metatool.01",
          "Count:3": 1,
          "tag:10": {
            "GT.ToolStats:10": {
              "PrimaryMaterial:8": "Flint",
              "MaxDamage:4": 12800,
              "SecondaryMaterial:8": "Wood"
            }
          },
          "Damage:2": 8,
          "OreDict:8": ""
        }
      },
      "taskID:8": "bq_standard:crafting"
    }
  },
  "rewards:9": {
    "0:10": {
      "rewardID:8": "bq_standard:choice",
      "index:3": 0,
      "choices:9": {
        "0:10": {
          "id:8": "minecraft:flint",
          "Count:3": 10,
          "Damage:2": 0,
          "OreDict:8": ""
        },
        "1:10": {
          "id:8": "minecraft:cookie",
          "Count:3": 1,
          "Damage:2": 0,
          "OreDict:8": ""
        },
        "2:10": {
          "id:8": "enhancedlootbags:lootbag",
          "Count:3": 1,
          "Damage:2": 1,
          "OreDict:8": ""
        }
      }
    },
    "1:10": {
      "rewardID:8": "bq_standard:item",
      "index:3": 1,
      "rewards:9": {
        "0:10": {
          "id:8": "dreamcraft:item.CoinSmith",
          "Count:3": 5,
          "Damage:2": 0,
          "OreDict:8": ""
        },
        "1:10": {
          "id:8": "dreamcraft:item.CoinTechnician",
          "Count:3": 5,
          "Damage:2": 0,
          "OreDict:8": ""
        }
      }
    }
  }
}