{
  "useURL": true,
  "allowDeletions": true,
  "url": "https://raw.githubusercontent.com/GTNewHorizons/GT-New-Horizons-Modpack/master/servers.json",
  "servers": {
    "Official GTNH Server 1 EU": "delta.gtnewhorizons.com",
    "Official GTNH Server 2 EU": "epsilon.gtnewhorizons.com",
    "Official GTNH Server 3 EU": "eta.gtnewhorizons.com",
    "Test Server GTNH 4 EU": "zeta.gtnewhorizons.com",
    "APOC Gaming GTNH [US/EU]": "gtnh.apocgaming.org",
    "Prospercraft GTNH Server US": "newhorizonsold.prospercraft.com",
    "StoneLegion.com GTNH (Canada)": "mc.stonelegion.com",
    "MyFTB GTNH German Server": "newhorizons.myftb.de",
    "StoneHuts GTNH EU whitelisted": "gtnh.stonehuts.net",
    "Zvezdolet GTNH Server (RU)": "gtnh.114-7.com",
    "Zvezdolet GTNH 2.0": "gtnh2.114-7.com",
    "Zvezdolet GTNH Hardcore": "gtnh3.114-7.com",
    "Hitechmine.ru  GT New Horizons": "hitechmine.ru",
    "Modded Minecraft Club  (Eu-Asia)": "gtnh.moddedminecraft.club",
    "MMC No TP (Eu+Asia2)": "gtnh-im.moddedminecraft.club",
    "Earthquake GTNH (US West)": "aragil.ddns.net",
    "MineYourMind GTNH (EU)": "horizons.mineyourmind.net",
    "ValhallaMC (EU)": "gtnh.valhallamc.io"
  },
  "DO_NOT_EDIT_prevDefaultServers": []
}
