[
  {
    "path": "mods/adventurebackpack-1.1.4-GTNH.jar",
    "url": "https://downloads.gtnewhorizons.com/Mods_for_Twitch/adventurebackpack-1.1.4-GTNH.jar"
  },
  {
    "path": "mods/ae2fc-1.2.29-gtnh.jar",
    "url": "https://downloads.gtnewhorizons.com/Mods_for_Twitch/ae2fc-1.2.29-gtnh.jar"
  },
  {
    "path": "mods/ae2stuff-0.7.0-GTNH.jar",
    "url": "https://downloads.gtnewhorizons.com/Mods_for_Twitch/ae2stuff-0.7.0-GTNH.jar"
  },
  {
    "path": "mods/AFSU-1.3.0-GTNH.jar",
    "url": "https://downloads.gtnewhorizons.com/Mods_for_Twitch/AFSU-1.3.0-GTNH.jar"
  },
  {
    "path": "mods/AngerMod-0.7.1.jar",
    "url": "https://downloads.gtnewhorizons.com/Mods_for_Twitch/AngerMod-0.7.1.jar"
  },
  {
    "path": "mods/AppleCore-3.3.0.jar",
    "url": "https://downloads.gtnewhorizons.com/Mods_for_Twitch/AppleCore-3.3.0.jar"
  },
  {
    "path": "mods/appliedenergistics2-rv3-beta-357-GTNH.jar",
    "url": "https://downloads.gtnewhorizons.com/Mods_for_Twitch/appliedenergistics2-rv3-beta-357-GTNH.jar"
  },
  {
    "path": "mods/ArchitectureCraft-1.9.5.jar",
    "url": "https://downloads.gtnewhorizons.com/Mods_for_Twitch/ArchitectureCraft-1.9.5.jar"
  },
  {
    "path": "mods/AsieLib-0.5.5.jar",
    "url": "https://downloads.gtnewhorizons.com/Mods_for_Twitch/AsieLib-0.5.5.jar"
  },
  {
    "path": "mods/Avaritia-1.49.jar",
    "url": "https://downloads.gtnewhorizons.com/Mods_for_Twitch/Avaritia-1.49.jar"
  },
  {
    "path": "mods/Avaritiaddons-1.7.1-GTNH.jar",
    "url": "https://downloads.gtnewhorizons.com/Mods_for_Twitch/Avaritiaddons-1.7.1-GTNH.jar"
  },
  {
    "path": "mods/bartworks-0.9.26.jar",
    "url": "https://downloads.gtnewhorizons.com/Mods_for_Twitch/bartworks-0.9.26.jar"
  },
  {
    "path": "mods/battlegear2-1.3.8.jar",
    "url": "https://downloads.gtnewhorizons.com/Mods_for_Twitch/battlegear2-1.3.8.jar"
  },
  {
    "path": "mods/Baubles-1.0.4.jar",
    "url": "https://downloads.gtnewhorizons.com/Mods_for_Twitch/Baubles-1.0.4.jar"
  },
  {
    "path": "mods/bdlib-1.10.0-GTNH.jar",
    "url": "https://downloads.gtnewhorizons.com/Mods_for_Twitch/bdlib-1.10.0-GTNH.jar"
  },
  {
    "path": "mods/BetterBuildersWands-0.11.1-GTNH.jar",
    "url": "https://downloads.gtnewhorizons.com/Mods_for_Twitch/BetterBuildersWands-0.11.1-GTNH.jar"
  },
  {
    "path": "mods/bettercrashes-1.4.0-GTNH.jar",
    "url": "https://downloads.gtnewhorizons.com/Mods_for_Twitch/bettercrashes-1.4.0-GTNH.jar"
  },
  {
    "path": "mods/betterloadingscreen-1.6.1-GTNH.jar",
    "url": "https://downloads.gtnewhorizons.com/Mods_for_Twitch/betterloadingscreen-1.6.1-GTNH.jar"
  },
  {
    "path": "mods/betterp2p-1.2.1.jar",
    "url": "https://downloads.gtnewhorizons.com/Mods_for_Twitch/betterp2p-1.2.1.jar"
  },
  {
    "path": "mods/BetterQuesting-3.5.15-GTNH.jar",
    "url": "https://downloads.gtnewhorizons.com/Mods_for_Twitch/BetterQuesting-3.5.15-GTNH.jar"
  },
  {
    "path": "mods/binnie-mods-2.3.4.jar",
    "url": "https://downloads.gtnewhorizons.com/Mods_for_Twitch/binnie-mods-2.3.4.jar"
  },
  {
    "path": "mods/BlockLimiter-0.6.0.jar",
    "url": "https://downloads.gtnewhorizons.com/Mods_for_Twitch/BlockLimiter-0.6.0.jar"
  },
  {
    "path": "mods/BloodArsenal-1.3.2.jar",
    "url": "https://downloads.gtnewhorizons.com/Mods_for_Twitch/BloodArsenal-1.3.2.jar"
  },
  {
    "path": "mods/BloodMagic-1.5.4.jar",
    "url": "https://downloads.gtnewhorizons.com/Mods_for_Twitch/BloodMagic-1.5.4.jar"
  },
  {
    "path": "mods/Botania-1.10.13-GTNH.jar",
    "url": "https://downloads.gtnewhorizons.com/Mods_for_Twitch/Botania-1.10.13-GTNH.jar"
  },
  {
    "path": "mods/BotanicHorizons-1.1.2-GTNH.jar",
    "url": "https://downloads.gtnewhorizons.com/Mods_for_Twitch/BotanicHorizons-1.1.2-GTNH.jar"
  },
  {
    "path": "mods/BrandonsCore-1.1.0-GTNH.jar",
    "url": "https://downloads.gtnewhorizons.com/Mods_for_Twitch/BrandonsCore-1.1.0-GTNH.jar"
  },
  {
    "path": "mods/bugtorch-1.2.13-GTNH.jar",
    "url": "https://downloads.gtnewhorizons.com/Mods_for_Twitch/bugtorch-1.2.13-GTNH.jar"
  },
  {
    "path": "mods/buildcraft-7.1.39.jar",
    "url": "https://downloads.gtnewhorizons.com/Mods_for_Twitch/buildcraft-7.1.39.jar"
  },
  {
    "path": "mods/buildcraft-compat-7.1.17.jar",
    "url": "https://downloads.gtnewhorizons.com/Mods_for_Twitch/buildcraft-compat-7.1.17.jar"
  },
  {
    "path": "mods/CarpentersBlocks-3.5.5-GTNH.jar",
    "url": "https://downloads.gtnewhorizons.com/Mods_for_Twitch/CarpentersBlocks-3.5.5-GTNH.jar"
  },
  {
    "path": "mods/catwalks-2.2.2-GTNH.jar",
    "url": "https://downloads.gtnewhorizons.com/Mods_for_Twitch/catwalks-2.2.2-GTNH.jar"
  },
  {
    "path": "mods/chisel-2.14.1-GTNH.jar",
    "url": "https://downloads.gtnewhorizons.com/Mods_for_Twitch/chisel-2.14.1-GTNH.jar"
  },
  {
    "path": "mods/chiseltones-1.1.0-GTNH.jar",
    "url": "https://downloads.gtnewhorizons.com/Mods_for_Twitch/chiseltones-1.1.0-GTNH.jar"
  },
  {
    "path": "mods/CodeChickenCore-1.2.1.jar",
    "url": "https://downloads.gtnewhorizons.com/Mods_for_Twitch/CodeChickenCore-1.2.1.jar"
  },
  {
    "path": "mods/Computronics-1.7.4-GTNH.jar",
    "url": "https://downloads.gtnewhorizons.com/Mods_for_Twitch/Computronics-1.7.4-GTNH.jar"
  },
  {
    "path": "mods/CookingForBlockheads-1.3.4-GTNH.jar",
    "url": "https://downloads.gtnewhorizons.com/Mods_for_Twitch/CookingForBlockheads-1.3.4-GTNH.jar"
  },
  {
    "path": "mods/CraftTweaker-3.3.1.jar",
    "url": "https://downloads.gtnewhorizons.com/Mods_for_Twitch/CraftTweaker-3.3.1.jar"
  },
  {
    "path": "mods/creativecore-1.4.0-GTNH.jar",
    "url": "https://downloads.gtnewhorizons.com/Mods_for_Twitch/creativecore-1.4.0-GTNH.jar"
  },
  {
    "path": "mods/CropLoadCore-0.2.0.jar",
    "url": "https://downloads.gtnewhorizons.com/Mods_for_Twitch/CropLoadCore-0.2.0.jar"
  },
  {
    "path": "mods/CropsPP-1.6.5.jar",
    "url": "https://downloads.gtnewhorizons.com/Mods_for_Twitch/CropsPP-1.6.5.jar"
  },
  {
    "path": "mods/defaultserverlist-1.5.0.jar",
    "url": "https://downloads.gtnewhorizons.com/Mods_for_Twitch/defaultserverlist-1.5.0.jar"
  },
  {
    "path": "mods/defaultworldgenerator-0.3.0.jar",
    "url": "https://downloads.gtnewhorizons.com/Mods_for_Twitch/defaultworldgenerator-0.3.0.jar"
  },
  {
    "path": "mods/GT.Scanner.Mod-1.8.0.jar",
    "url": "https://downloads.gtnewhorizons.com/Mods_for_Twitch/GT.Scanner.Mod-1.8.0.jar"
  },
  {
    "path": "mods/Draconic-Evolution-1.3.5-GTNH.jar",
    "url": "https://downloads.gtnewhorizons.com/Mods_for_Twitch/Draconic-Evolution-1.3.5-GTNH.jar"
  },
  {
    "path": "mods/EMT-1.4.7.jar",
    "url": "https://downloads.gtnewhorizons.com/Mods_for_Twitch/EMT-1.4.7.jar"
  },
  {
    "path": "mods/endercore-0.4.6.jar",
    "url": "https://downloads.gtnewhorizons.com/Mods_for_Twitch/endercore-0.4.6.jar"
  },
  {
    "path": "mods/EnderIO-2.7.6.jar",
    "url": "https://downloads.gtnewhorizons.com/Mods_for_Twitch/EnderIO-2.7.6.jar"
  },
  {
    "path": "mods/EnderStorage-1.5.2.jar",
    "url": "https://downloads.gtnewhorizons.com/Mods_for_Twitch/EnderStorage-1.5.2.jar"
  },
  {
    "path": "mods/EnderZoo-1.1.0.jar",
    "url": "https://downloads.gtnewhorizons.com/Mods_for_Twitch/EnderZoo-1.1.0.jar"
  },
  {
    "path": "mods/EnhancedLootBags-1.1.1.jar",
    "url": "https://downloads.gtnewhorizons.com/Mods_for_Twitch/EnhancedLootBags-1.1.1.jar"
  },
  {
    "path": "mods/eternalsingularity-1.2.1.jar",
    "url": "https://downloads.gtnewhorizons.com/Mods_for_Twitch/eternalsingularity-1.2.1.jar"
  },
  {
    "path": "mods/findit-1.2.5.jar",
    "url": "https://downloads.gtnewhorizons.com/Mods_for_Twitch/findit-1.2.5.jar"
  },
  {
    "path": "mods/Forbidden.Magic-0.7.0-GTNH.jar",
    "url": "https://downloads.gtnewhorizons.com/Mods_for_Twitch/Forbidden.Magic-0.7.0-GTNH.jar"
  },
  {
    "path": "mods/Forestry-4.8.10.jar",
    "url": "https://downloads.gtnewhorizons.com/Mods_for_Twitch/Forestry-4.8.10.jar"
  },
  {
    "path": "mods/forgelin-1.9.9-GTNH.jar",
    "url": "https://downloads.gtnewhorizons.com/Mods_for_Twitch/forgelin-1.9.9-GTNH.jar"
  },
  {
    "path": "mods/ForgeMultipart-1.4.8.jar",
    "url": "https://downloads.gtnewhorizons.com/Mods_for_Twitch/ForgeMultipart-1.4.8.jar"
  },
  {
    "path": "mods/gadomancy-1.3.2.jar",
    "url": "https://downloads.gtnewhorizons.com/Mods_for_Twitch/gadomancy-1.3.2.jar"
  },
  {
    "path": "mods/galacticgreg-1.1.0.jar",
    "url": "https://downloads.gtnewhorizons.com/Mods_for_Twitch/galacticgreg-1.1.0.jar"
  },
  {
    "path": "mods/Galacticraft-3.1.5-GTNH.jar",
    "url": "https://downloads.gtnewhorizons.com/Mods_for_Twitch/Galacticraft-3.1.5-GTNH.jar"
  },
  {
    "path": "mods/GalaxySpace-1.1.84-GTNH.jar",
    "url": "https://downloads.gtnewhorizons.com/Mods_for_Twitch/GalaxySpace-1.1.84-GTNH.jar"
  },
  {
    "path": "mods/gendustry-1.7.2-GTNH.jar",
    "url": "https://downloads.gtnewhorizons.com/Mods_for_Twitch/gendustry-1.7.2-GTNH.jar"
  },
  {
    "path": "mods/GoodGenerator-0.8.24.jar",
    "url": "https://downloads.gtnewhorizons.com/Mods_for_Twitch/GoodGenerator-0.8.24.jar"
  },
  {
    "path": "mods/gregtech-5.09.45.168.jar",
    "url": "https://downloads.gtnewhorizons.com/Mods_for_Twitch/gregtech-5.09.45.168.jar"
  },
  {
    "path": "mods/gtneioreplugin-1.2.0.jar",
    "url": "https://downloads.gtnewhorizons.com/Mods_for_Twitch/gtneioreplugin-1.2.0.jar"
  },
  {
    "path": "mods/gtnhlanth-0.12.13.jar",
    "url": "https://downloads.gtnewhorizons.com/Mods_for_Twitch/gtnhlanth-0.12.13.jar"
  },
  {
    "path": "mods/GTNH-TC-Wands-1.4.0.jar",
    "url": "https://downloads.gtnewhorizons.com/Mods_for_Twitch/GTNH-TC-Wands-1.4.0.jar"
  },
  {
    "path": "mods/gtnhlib-0.2.11.jar",
    "url": "https://downloads.gtnewhorizons.com/Mods_for_Twitch/gtnhlib-0.2.11.jar"
  },
  {
    "path": "mods/GT-PlusPlus-1.11.63.jar",
    "url": "https://downloads.gtnewhorizons.com/Mods_for_Twitch/GT-PlusPlus-1.11.63.jar"
  },
  {
    "path": "mods/HardcoreEnderExpansion-1.10.1-GTNH.jar",
    "url": "https://downloads.gtnewhorizons.com/Mods_for_Twitch/HardcoreEnderExpansion-1.10.1-GTNH.jar"
  },
  {
    "path": "mods/harvestcraft-1.1.11-GTNH.jar",
    "url": "https://downloads.gtnewhorizons.com/Mods_for_Twitch/harvestcraft-1.1.11-GTNH.jar"
  },
  {
    "path": "mods/hodgepodge-2.5.5.jar",
    "url": "https://downloads.gtnewhorizons.com/Mods_for_Twitch/hodgepodge-2.5.5.jar"
  },
  {
    "path": "mods/holoinventory-2.4.10-GTNH.jar",
    "url": "https://downloads.gtnewhorizons.com/Mods_for_Twitch/holoinventory-2.4.10-GTNH.jar"
  },
  {
    "path": "mods/hydroenergy-1.2.2.jar",
    "url": "https://downloads.gtnewhorizons.com/Mods_for_Twitch/hydroenergy-1.2.2.jar"
  },
  {
    "path": "mods/ifu-1.10.2.jar",
    "url": "https://downloads.gtnewhorizons.com/Mods_for_Twitch/ifu-1.10.2.jar"
  },
  {
    "path": "mods/IguanaTweaksTConstruct-2.4.1.jar",
    "url": "https://downloads.gtnewhorizons.com/Mods_for_Twitch/IguanaTweaksTConstruct-2.4.1.jar"
  },
  {
    "path": "mods/InfernalMobs-1.8.1-GTNH.jar",
    "url": "https://downloads.gtnewhorizons.com/Mods_for_Twitch/InfernalMobs-1.8.1-GTNH.jar"
  },
  {
    "path": "mods/InGameInfoXML-2.8.8.jar",
    "url": "https://downloads.gtnewhorizons.com/Mods_for_Twitch/InGameInfoXML-2.8.8.jar"
  },
  {
    "path": "mods/INpureCore-1.2.0-GTNH.jar",
    "url": "https://downloads.gtnewhorizons.com/Mods_for_Twitch/INpureCore-1.2.0-GTNH.jar"
  },
  {
    "path": "mods/inventorytweaks-1.6.2.jar",
    "url": "https://downloads.gtnewhorizons.com/Mods_for_Twitch/inventorytweaks-1.6.2.jar"
  },
  {
    "path": "mods/IronChest-6.0.85.jar",
    "url": "https://downloads.gtnewhorizons.com/Mods_for_Twitch/IronChest-6.0.85.jar"
  },
  {
    "path": "mods/IronChestMinecarts-1.1.0.jar",
    "url": "https://downloads.gtnewhorizons.com/Mods_for_Twitch/IronChestMinecarts-1.1.0.jar"
  },
  {
    "path": "mods/irontanks-1.3.0.jar",
    "url": "https://downloads.gtnewhorizons.com/Mods_for_Twitch/irontanks-1.3.0.jar"
  },
  {
    "path": "mods/JABBA-1.3.5.jar",
    "url": "https://downloads.gtnewhorizons.com/Mods_for_Twitch/JABBA-1.3.5.jar"
  },
  {
    "path": "mods/kekztech-0.10.6.jar",
    "url": "https://downloads.gtnewhorizons.com/Mods_for_Twitch/kekztech-0.10.6.jar"
  },
  {
    "path": "mods/kubatech-0.14.9.jar",
    "url": "https://downloads.gtnewhorizons.com/Mods_for_Twitch/kubatech-0.14.9.jar"
  },
  {
    "path": "mods/littletiles-1.3.0-GTNH.jar",
    "url": "https://downloads.gtnewhorizons.com/Mods_for_Twitch/littletiles-1.3.0-GTNH.jar"
  },
  {
    "path": "mods/logisticspipes-1.1.14-GTNH.jar",
    "url": "https://downloads.gtnewhorizons.com/Mods_for_Twitch/logisticspipes-1.1.14-GTNH.jar"
  },
  {
    "path": "mods/lootgames-2.1.1.jar",
    "url": "https://downloads.gtnewhorizons.com/Mods_for_Twitch/lootgames-2.1.1.jar"
  },
  {
    "path": "mods/LunatriusCore-1.2.0-GTNH.jar",
    "url": "https://downloads.gtnewhorizons.com/Mods_for_Twitch/LunatriusCore-1.2.0-GTNH.jar"
  },
  {
    "path": "mods/magicbees-2.7.16-GTNH.jar",
    "url": "https://downloads.gtnewhorizons.com/Mods_for_Twitch/magicbees-2.7.16-GTNH.jar"
  },
  {
    "path": "mods/malisisdoors-1.16.4-GTNH.jar",
    "url": "https://downloads.gtnewhorizons.com/Mods_for_Twitch/malisisdoors-1.16.4-GTNH.jar"
  },
  {
    "path": "mods/Mantle-0.4.1.jar",
    "url": "https://downloads.gtnewhorizons.com/Mods_for_Twitch/Mantle-0.4.1.jar"
  },
  {
    "path": "mods/backpack-2.3.1-GTNH.jar",
    "url": "https://downloads.gtnewhorizons.com/Mods_for_Twitch/backpack-2.3.1-GTNH.jar"
  },
  {
    "path": "mods/GTTweaker-2.1.0.jar",
    "url": "https://downloads.gtnewhorizons.com/Mods_for_Twitch/GTTweaker-2.1.0.jar"
  },
  {
    "path": "mods/ModTweaker2-0.11.0.jar",
    "url": "https://downloads.gtnewhorizons.com/Mods_for_Twitch/ModTweaker2-0.11.0.jar"
  },
  {
    "path": "mods/MouseTweaks-2.4.17-GTNH.jar",
    "url": "https://downloads.gtnewhorizons.com/Mods_for_Twitch/MouseTweaks-2.4.17-GTNH.jar"
  },
  {
    "path": "mods/mxrandom-0.3.0.jar",
    "url": "https://downloads.gtnewhorizons.com/Mods_for_Twitch/mxrandom-0.3.0.jar"
  },
  {
    "path": "mods/Natura-2.6.4.jar",
    "url": "https://downloads.gtnewhorizons.com/Mods_for_Twitch/Natura-2.6.4.jar"
  },
  {
    "path": "mods/naturescompass-1.4.0-GTNH.jar",
    "url": "https://downloads.gtnewhorizons.com/Mods_for_Twitch/naturescompass-1.4.0-GTNH.jar"
  },
  {
    "path": "mods/NEICustomDiagram-1.5.17.jar",
    "url": "https://downloads.gtnewhorizons.com/Mods_for_Twitch/NEICustomDiagram-1.5.17.jar"
  },
  {
    "path": "mods/NEIIntegration-1.4.0.jar",
    "url": "https://downloads.gtnewhorizons.com/Mods_for_Twitch/NEIIntegration-1.4.0.jar"
  },
  {
    "path": "mods/netherportalfix-1.2.0.jar",
    "url": "https://downloads.gtnewhorizons.com/Mods_for_Twitch/netherportalfix-1.2.0.jar"
  },
  {
    "path": "mods/NodalMechanics-1.2.1-GTNH.jar",
    "url": "https://downloads.gtnewhorizons.com/Mods_for_Twitch/NodalMechanics-1.2.1-GTNH.jar"
  },
  {
    "path": "mods/NotEnoughEnergistics-1.5.2.jar",
    "url": "https://downloads.gtnewhorizons.com/Mods_for_Twitch/NotEnoughEnergistics-1.5.2.jar"
  },
  {
    "path": "mods/NotEnoughItems-2.5.28-GTNH.jar",
    "url": "https://downloads.gtnewhorizons.com/Mods_for_Twitch/NotEnoughItems-2.5.28-GTNH.jar"
  },
  {
    "path": "mods/IC2NuclearControl-2.6.2.jar",
    "url": "https://downloads.gtnewhorizons.com/Mods_for_Twitch/IC2NuclearControl-2.6.2.jar"
  },
  {
    "path": "mods/oauth-1.2.2-GTNH.jar",
    "url": "https://downloads.gtnewhorizons.com/Mods_for_Twitch/oauth-1.2.2-GTNH.jar"
  },
  {
    "path": "mods/OpenGlasses-1.5.0-GTNH.jar",
    "url": "https://downloads.gtnewhorizons.com/Mods_for_Twitch/OpenGlasses-1.5.0-GTNH.jar"
  },
  {
    "path": "mods/OpenBlocks-1.9.1-GTNH.jar",
    "url": "https://downloads.gtnewhorizons.com/Mods_for_Twitch/OpenBlocks-1.9.1-GTNH.jar"
  },
  {
    "path": "mods/OpenComputers-1.10.11-GTNH.jar",
    "url": "https://downloads.gtnewhorizons.com/Mods_for_Twitch/OpenComputers-1.10.11-GTNH.jar"
  },
  {
    "path": "mods/OpenModsLibs-0.10.9.jar",
    "url": "https://downloads.gtnewhorizons.com/Mods_for_Twitch/OpenModsLibs-0.10.9.jar"
  },
  {
    "path": "mods/OpenModularTurrets-2.3.2.jar",
    "url": "https://downloads.gtnewhorizons.com/Mods_for_Twitch/OpenModularTurrets-2.3.2.jar"
  },
  {
    "path": "mods/opensecurity-1.1.1-GTNH.jar",
    "url": "https://downloads.gtnewhorizons.com/Mods_for_Twitch/opensecurity-1.1.1-GTNH.jar"
  },
  {
    "path": "mods/Opis-1.4.2-mapless.jar",
    "url": "https://downloads.gtnewhorizons.com/Mods_for_Twitch/Opis-1.4.2-mapless.jar"
  },
  {
    "path": "mods/overloadedarmorbar-1.1.0.jar",
    "url": "https://downloads.gtnewhorizons.com/Mods_for_Twitch/overloadedarmorbar-1.1.0.jar"
  },
  {
    "path": "mods/personalspace-1.0.30.jar",
    "url": "https://downloads.gtnewhorizons.com/Mods_for_Twitch/personalspace-1.0.30.jar"
  },
  {
    "path": "mods/ProjectBlue-1.2.0-GTNH.jar",
    "url": "https://downloads.gtnewhorizons.com/Mods_for_Twitch/ProjectBlue-1.2.0-GTNH.jar"
  },
  {
    "path": "mods/ProjRed-4.9.5-GTNH.jar",
    "url": "https://downloads.gtnewhorizons.com/Mods_for_Twitch/ProjRed-4.9.5-GTNH.jar"
  },
  {
    "path": "mods/Railcraft-9.15.8.jar",
    "url": "https://downloads.gtnewhorizons.com/Mods_for_Twitch/Railcraft-9.15.8.jar"
  },
  {
    "path": "mods/RWG-alpha-1.5.0.jar",
    "url": "https://downloads.gtnewhorizons.com/Mods_for_Twitch/RWG-alpha-1.5.0.jar"
  },
  {
    "path": "mods/RemoteIO-2.5.2.jar",
    "url": "https://downloads.gtnewhorizons.com/Mods_for_Twitch/RemoteIO-2.5.2.jar"
  },
  {
    "path": "mods/roguelike-1.6.0-GTNH.jar",
    "url": "https://downloads.gtnewhorizons.com/Mods_for_Twitch/roguelike-1.6.0-GTNH.jar"
  },
  {
    "path": "mods/StevesCarts-2.1.1.jar",
    "url": "https://downloads.gtnewhorizons.com/Mods_for_Twitch/StevesCarts-2.1.1.jar"
  },
  {
    "path": "mods/Schematica-1.11.1-GTNH.jar",
    "url": "https://downloads.gtnewhorizons.com/Mods_for_Twitch/Schematica-1.11.1-GTNH.jar"
  },
  {
    "path": "mods/SGCraft-1.4.4-GTNH.jar",
    "url": "https://downloads.gtnewhorizons.com/Mods_for_Twitch/SGCraft-1.4.4-GTNH.jar"
  },
  {
    "path": "mods/sharewhereiam-2.1.1.jar",
    "url": "https://downloads.gtnewhorizons.com/Mods_for_Twitch/sharewhereiam-2.1.1.jar"
  },
  {
    "path": "mods/sleepingbag-0.2.1.jar",
    "url": "https://downloads.gtnewhorizons.com/Mods_for_Twitch/sleepingbag-0.2.1.jar"
  },
  {
    "path": "mods/SpecialMobs-3.5.0.jar",
    "url": "https://downloads.gtnewhorizons.com/Mods_for_Twitch/SpecialMobs-3.5.0.jar"
  },
  {
    "path": "mods/SpiceOfLife-2.1.7-carrot.jar",
    "url": "https://downloads.gtnewhorizons.com/Mods_for_Twitch/SpiceOfLife-2.1.7-carrot.jar"
  },
  {
    "path": "mods/StevesFactoryManager-1.2.3-GTNH.jar",
    "url": "https://downloads.gtnewhorizons.com/Mods_for_Twitch/StevesFactoryManager-1.2.3-GTNH.jar"
  },
  {
    "path": "mods/StevesAddons-0.12.3.jar",
    "url": "https://downloads.gtnewhorizons.com/Mods_for_Twitch/StevesAddons-0.12.3.jar"
  },
  {
    "path": "mods/StorageDrawers-1.13.5-GTNH.jar",
    "url": "https://downloads.gtnewhorizons.com/Mods_for_Twitch/StorageDrawers-1.13.5-GTNH.jar"
  },
  {
    "path": "mods/StorageDrawersBop-1.12.0-GTNH.jar",
    "url": "https://downloads.gtnewhorizons.com/Mods_for_Twitch/StorageDrawersBop-1.12.0-GTNH.jar"
  },
  {
    "path": "mods/StorageDrawersForestry-1.12.0-GTNH.jar",
    "url": "https://downloads.gtnewhorizons.com/Mods_for_Twitch/StorageDrawersForestry-1.12.0-GTNH.jar"
  },
  {
    "path": "mods/StorageDrawersMisc-1.12.0-GTNH.jar",
    "url": "https://downloads.gtnewhorizons.com/Mods_for_Twitch/StorageDrawersMisc-1.12.0-GTNH.jar"
  },
  {
    "path": "mods/StorageDrawersNatura-1.12.0-GTNH.jar",
    "url": "https://downloads.gtnewhorizons.com/Mods_for_Twitch/StorageDrawersNatura-1.12.0-GTNH.jar"
  },
  {
    "path": "mods/structurecompat-0.5.1.jar",
    "url": "https://downloads.gtnewhorizons.com/Mods_for_Twitch/structurecompat-0.5.1.jar"
  },
  {
    "path": "mods/structurelib-1.3.1.jar",
    "url": "https://downloads.gtnewhorizons.com/Mods_for_Twitch/structurelib-1.3.1.jar"
  },
  {
    "path": "mods/SuperTic-1.3.0.jar",
    "url": "https://downloads.gtnewhorizons.com/Mods_for_Twitch/SuperTic-1.3.0.jar"
  },
  {
    "path": "mods/Supersolarpanel-1.1.3.jar",
    "url": "https://downloads.gtnewhorizons.com/Mods_for_Twitch/Supersolarpanel-1.1.3.jar"
  },
  {
    "path": "mods/tcneiadditions-1.3.6.jar",
    "url": "https://downloads.gtnewhorizons.com/Mods_for_Twitch/tcneiadditions-1.3.6.jar"
  },
  {
    "path": "mods/tcnodetracker-1.2.0.jar",
    "url": "https://downloads.gtnewhorizons.com/Mods_for_Twitch/tcnodetracker-1.2.0.jar"
  },
  {
    "path": "mods/TecTech-5.3.47.jar",
    "url": "https://downloads.gtnewhorizons.com/Mods_for_Twitch/TecTech-5.3.47.jar"
  },
  {
    "path": "mods/ThaumcraftResearchTweaks-1.1.0.jar",
    "url": "https://downloads.gtnewhorizons.com/Mods_for_Twitch/ThaumcraftResearchTweaks-1.1.0.jar"
  },
  {
    "path": "mods/ThaumcraftMobAspects-1.1.0-GTNH.jar",
    "url": "https://downloads.gtnewhorizons.com/Mods_for_Twitch/ThaumcraftMobAspects-1.1.0-GTNH.jar"
  },
  {
    "path": "mods/Thaumic-Exploration-1.2.7-GTNH.jar",
    "url": "https://downloads.gtnewhorizons.com/Mods_for_Twitch/Thaumic-Exploration-1.2.7-GTNH.jar"
  },
  {
    "path": "mods/Thaumic-Based-1.6.7.jar",
    "url": "https://downloads.gtnewhorizons.com/Mods_for_Twitch/Thaumic-Based-1.6.7.jar"
  },
  {
    "path": "mods/thaumicenergistics-1.6.10-GTNH.jar",
    "url": "https://downloads.gtnewhorizons.com/Mods_for_Twitch/thaumicenergistics-1.6.10-GTNH.jar"
  },
  {
    "path": "mods/ThaumicHorizons-1.5.4.jar",
    "url": "https://downloads.gtnewhorizons.com/Mods_for_Twitch/ThaumicHorizons-1.5.4.jar"
  },
  {
    "path": "mods/thaumicinsurgence-0.3.1.jar",
    "url": "https://downloads.gtnewhorizons.com/Mods_for_Twitch/thaumicinsurgence-0.3.1.jar"
  },
  {
    "path": "mods/tcinventoryscan-1.1.4-GTNH.jar",
    "url": "https://downloads.gtnewhorizons.com/Mods_for_Twitch/tcinventoryscan-1.1.4-GTNH.jar"
  },
  {
    "path": "mods/ThaumicTinkerer-2.9.4.jar",
    "url": "https://downloads.gtnewhorizons.com/Mods_for_Twitch/ThaumicTinkerer-2.9.4.jar"
  },
  {
    "path": "mods/TiCTooltips-1.3.1.jar",
    "url": "https://downloads.gtnewhorizons.com/Mods_for_Twitch/TiCTooltips-1.3.1.jar"
  },
  {
    "path": "mods/TConstruct-1.11.16-GTNH.jar",
    "url": "https://downloads.gtnewhorizons.com/Mods_for_Twitch/TConstruct-1.11.16-GTNH.jar"
  },
  {
    "path": "mods/TMechworks-0.3.1.jar",
    "url": "https://downloads.gtnewhorizons.com/Mods_for_Twitch/TMechworks-0.3.1.jar"
  },
  {
    "path": "mods/TooMuchLoot-4.2.0-GTNH.jar",
    "url": "https://downloads.gtnewhorizons.com/Mods_for_Twitch/TooMuchLoot-4.2.0-GTNH.jar"
  },
  {
    "path": "mods/torohealth-1.1.0.jar",
    "url": "https://downloads.gtnewhorizons.com/Mods_for_Twitch/torohealth-1.1.0.jar"
  },
  {
    "path": "mods/Translocator-1.2.1.jar",
    "url": "https://downloads.gtnewhorizons.com/Mods_for_Twitch/Translocator-1.2.1.jar"
  },
  {
    "path": "mods/TwilightForest-2.5.25.jar",
    "url": "https://downloads.gtnewhorizons.com/Mods_for_Twitch/TwilightForest-2.5.25.jar"
  },
  {
    "path": "mods/Universal-Singularities-8.7.0.jar",
    "url": "https://downloads.gtnewhorizons.com/Mods_for_Twitch/Universal-Singularities-8.7.0.jar"
  },
  {
    "path": "mods/visualprospecting-1.2.11.jar",
    "url": "https://downloads.gtnewhorizons.com/Mods_for_Twitch/visualprospecting-1.2.11.jar"
  },
  {
    "path": "mods/Waila-1.7.3.jar",
    "url": "https://downloads.gtnewhorizons.com/Mods_for_Twitch/Waila-1.7.3.jar"
  },
  {
    "path": "mods/WailaHarvestability-1.2.1-GTNH.jar",
    "url": "https://downloads.gtnewhorizons.com/Mods_for_Twitch/WailaHarvestability-1.2.1-GTNH.jar"
  },
  {
    "path": "mods/WAILAPlugins-0.4.0.jar",
    "url": "https://downloads.gtnewhorizons.com/Mods_for_Twitch/WAILAPlugins-0.4.0.jar"
  },
  {
    "path": "mods/WanionLib-1.9.0.jar",
    "url": "https://downloads.gtnewhorizons.com/Mods_for_Twitch/WanionLib-1.9.0.jar"
  },
  {
    "path": "mods/WarpTheory-1.3.7-GTNH.jar",
    "url": "https://downloads.gtnewhorizons.com/Mods_for_Twitch/WarpTheory-1.3.7-GTNH.jar"
  },
  {
    "path": "mods/Wawla-1.2.1-GTNH.jar",
    "url": "https://downloads.gtnewhorizons.com/Mods_for_Twitch/Wawla-1.2.1-GTNH.jar"
  },
  {
    "path": "mods/WirelessCraftingTerminal-1.11.2.jar",
    "url": "https://downloads.gtnewhorizons.com/Mods_for_Twitch/WirelessCraftingTerminal-1.11.2.jar"
  },
  {
    "path": "mods/WR-CBE-1.5.0.jar",
    "url": "https://downloads.gtnewhorizons.com/Mods_for_Twitch/WR-CBE-1.5.0.jar"
  },
  {
    "path": "mods/WitcheryExtras-1.2.2.jar",
    "url": "https://downloads.gtnewhorizons.com/Mods_for_Twitch/WitcheryExtras-1.2.2.jar"
  },
  {
    "path": "mods/WitchingGadgets-1.4.4-GTNH.jar",
    "url": "https://downloads.gtnewhorizons.com/Mods_for_Twitch/WitchingGadgets-1.4.4-GTNH.jar"
  },
  {
    "path": "mods/YAMCore-0.6.0.jar",
    "url": "https://downloads.gtnewhorizons.com/Mods_for_Twitch/YAMCore-0.6.0.jar"
  },
  {
    "path": "mods/openprinter-0.2.0-GTNH.jar",
    "url": "https://downloads.gtnewhorizons.com/Mods_for_Twitch/openprinter-0.2.0-GTNH.jar"
  },
  {
    "path": "mods/blockrenderer6343-1.2.8.jar",
    "url": "https://downloads.gtnewhorizons.com/Mods_for_Twitch/blockrenderer6343-1.2.8.jar"
  },
  {
    "path": "mods/modularui-1.1.43.jar",
    "url": "https://downloads.gtnewhorizons.com/Mods_for_Twitch/modularui-1.1.43.jar"
  },
  {
    "path": "mods/txloader-1.7.0.jar",
    "url": "https://downloads.gtnewhorizons.com/Mods_for_Twitch/txloader-1.7.0.jar"
  },
  {
    "path": "mods/ggfab-0.3.19.jar",
    "url": "https://downloads.gtnewhorizons.com/Mods_for_Twitch/ggfab-0.3.19.jar"
  },
  {
    "path": "mods/notenoughIDs-2.0.3.jar",
    "url": "https://downloads.gtnewhorizons.com/Mods_for_Twitch/notenoughIDs-2.0.3.jar"
  },
  {
    "path": "mods/FloodLights-1.3.0.jar",
    "url": "https://downloads.gtnewhorizons.com/Mods_for_Twitch/FloodLights-1.3.0.jar"
  },
  {
    "path": "mods/ForgeRelocationFMP-0.1.0.jar",
    "url": "https://downloads.gtnewhorizons.com/Mods_for_Twitch/ForgeRelocationFMP-0.1.0.jar"
  },
  {
    "path": "mods/ForgeRelocation-0.1.2.jar",
    "url": "https://downloads.gtnewhorizons.com/Mods_for_Twitch/ForgeRelocation-0.1.2.jar"
  },
  {
    "path": "mods/HelpFixer-1.2.0.jar",
    "url": "https://downloads.gtnewhorizons.com/Mods_for_Twitch/HelpFixer-1.2.0.jar"
  },
  {
    "path": "mods/PlayerAPI-1.4.4.jar",
    "url": "https://downloads.gtnewhorizons.com/Mods_for_Twitch/PlayerAPI-1.4.4.jar"
  },
  {
    "path": "mods/BetterAchievements-0.2.0.jar",
    "url": "https://downloads.gtnewhorizons.com/Mods_for_Twitch/BetterAchievements-0.2.0.jar"
  },
  {
    "path": "mods/DummyCore-1.18.0.jar",
    "url": "https://downloads.gtnewhorizons.com/Mods_for_Twitch/DummyCore-1.18.0.jar"
  },
  {
    "path": "mods/controlling-2.0.2.jar",
    "url": "https://downloads.gtnewhorizons.com/Mods_for_Twitch/controlling-2.0.2.jar"
  },
  {
    "path": "mods/BuildCraftOilTweak-1.1.1.jar",
    "url": "https://downloads.gtnewhorizons.com/Mods_for_Twitch/BuildCraftOilTweak-1.1.1.jar"
  },
  {
    "path": "mods/custommainmenu-1.11.3.jar",
    "url": "https://downloads.gtnewhorizons.com/Mods_for_Twitch/custommainmenu-1.11.3.jar"
  },
  {
    "path": "mods/gravisuiteneo-1.1.6.jar",
    "url": "https://downloads.gtnewhorizons.com/Mods_for_Twitch/gravisuiteneo-1.1.6.jar"
  },
  {
    "path": "mods/MrTJPCore-1.1.7.jar",
    "url": "https://downloads.gtnewhorizons.com/Mods_for_Twitch/MrTJPCore-1.1.7.jar"
  },
  {
    "path": "mods/RandomThings-2.5.3.jar",
    "url": "https://downloads.gtnewhorizons.com/Mods_for_Twitch/RandomThings-2.5.3.jar"
  },
  {
    "path": "mods/Tainted-Magic-7.6.8-GTNH.jar",
    "url": "https://downloads.gtnewhorizons.com/Mods_for_Twitch/Tainted-Magic-7.6.8-GTNH.jar"
  },
  {
    "path": "mods/travellersgearneo-1.2.0.jar",
    "url": "https://downloads.gtnewhorizons.com/Mods_for_Twitch/travellersgearneo-1.2.0.jar"
  },
  {
    "path": "mods/gtnhintergalactic-1.3.4.jar",
    "url": "https://downloads.gtnewhorizons.com/Mods_for_Twitch/gtnhintergalactic-1.3.4.jar"
  },
  {
    "path": "mods/AmunRa-GC-0.5.1.jar",
    "url": "https://downloads.gtnewhorizons.com/Mods_for_Twitch/AmunRa-GC-0.5.1.jar"
  },
  {
    "path": "mods/duradisplay-1.2.3.jar",
    "url": "https://downloads.gtnewhorizons.com/Mods_for_Twitch/duradisplay-1.2.3.jar"
  },
  {
    "path": "mods/mobsinfo-0.2.6-GTNH.jar",
    "url": "https://downloads.gtnewhorizons.com/Mods_for_Twitch/mobsinfo-0.2.6-GTNH.jar"
  },
  {
    "path": "mods/beebetteratbees-0.4.0-GTNH.jar",
    "url": "https://downloads.gtnewhorizons.com/Mods_for_Twitch/beebetteratbees-0.4.0-GTNH.jar"
  },
  {
    "path": "mods/alchgrate-1.1.0-GTNH.jar",
    "url": "https://downloads.gtnewhorizons.com/Mods_for_Twitch/alchgrate-1.1.0-GTNH.jar"
  },
  {
    "path": "mods/nutrition-0.0.10.jar",
    "url": "https://downloads.gtnewhorizons.com/Mods_for_Twitch/nutrition-0.0.10.jar"
  },
  {
    "path": "mods/defaultkeys-1.2.0.jar",
    "url": "https://downloads.gtnewhorizons.com/Mods_for_Twitch/defaultkeys-1.2.0.jar"
  },
  {
    "path": "mods/CodeChickenLib-1.2.1.jar",
    "url": "https://downloads.gtnewhorizons.com/Mods_for_Twitch/CodeChickenLib-1.2.1.jar"
  },
  {
    "path": "mods/thaumicboots-1.2.3.jar",
    "url": "https://downloads.gtnewhorizons.com/Mods_for_Twitch/thaumicboots-1.2.3.jar"
  },
  {
    "path": "mods/amazingtrophies-1.2.1.jar",
    "url": "https://downloads.gtnewhorizons.com/Mods_for_Twitch/amazingtrophies-1.2.1.jar"
  },
  {
    "path": "mods/ServerUtilities-2.0.38.jar",
    "url": "https://downloads.gtnewhorizons.com/Mods_for_Twitch/ServerUtilities-2.0.38.jar"
  },
  {
    "path": "mods/tinkersdefense-1.2.2.jar",
    "url": "https://downloads.gtnewhorizons.com/Mods_for_Twitch/tinkersdefense-1.2.2.jar"
  },
  {
    "path": "mods/NEIAddons-1.15.0.jar",
    "url": "https://downloads.gtnewhorizons.com/Mods_for_Twitch/NEIAddons-1.15.0.jar"
  },
  {
    "path": "mods/angelica-1.0.0-alpha50.jar",
    "url": "https://downloads.gtnewhorizons.com/Mods_for_Twitch/angelica-1.0.0-alpha50.jar"
  },
  {
    "path": "mods/Thaumcraft-1.7.10-4.2.3.5a.jar",
    "url": "https://downloads.gtnewhorizons.com/Mods_for_Twitch/Thaumcraft-1.7.10-4.2.3.5a.jar"
  },
  {
    "path": "mods/Thaumic Machina-1.7.10-0.2.1.jar",
    "url": "https://downloads.gtnewhorizons.com/Mods_for_Twitch/Thaumic%20Machina-1.7.10-0.2.1.jar"
  },
  {
    "path": "mods/TravellersGear-1.7.10-1.16.6.jar",
    "url": "https://downloads.gtnewhorizons.com/Mods_for_Twitch/TravellersGear-1.7.10-1.16.6.jar"
  },
  {
    "path": "mods/AdvancedSolarPanel-1.7.10-3.5.1a.jar",
    "url": "https://downloads.gtnewhorizons.com/Mods_for_Twitch/AdvancedSolarPanel-1.7.10-3.5.1a.jar"
  },
  {
    "path": "mods/extrautilities-1.2.13a.jar",
    "url": "https://downloads.gtnewhorizons.com/Mods_for_Twitch/extrautilities-1.2.13a.jar"
  },
  {
    "path": "mods/industrialcraft-2-2.2.828a-experimental.jar",
    "url": "https://downloads.gtnewhorizons.com/Mods_for_Twitch/industrialcraft-2-2.2.828a-experimental.jar"
  },
  {
    "path": "mods/Ztones-1.7.10-2.2.2.jar",
    "url": "https://downloads.gtnewhorizons.com/Mods_for_Twitch/Ztones-1.7.10-2.2.2.jar"
  },
  {
    "path": "mods/TGregworks-1.7.10-GTNH-1.0.26.jar",
    "url": "https://downloads.gtnewhorizons.com/Mods_for_Twitch/TGregworks-1.7.10-GTNH-1.0.26.jar"
  },
  {
    "path": "mods/CompactKineticGenerators-1.7.10-1.0.jar",
    "url": "https://downloads.gtnewhorizons.com/Mods_for_Twitch/CompactKineticGenerators-1.7.10-1.0.jar"
  },
  {
    "path": "mods/GraviSuite-1.7.10-2.0.3.jar",
    "url": "https://downloads.gtnewhorizons.com/Mods_for_Twitch/GraviSuite-1.7.10-2.0.3.jar"
  },
  {
    "path": "mods/CoreTweaks-1.7.10-0.3.3.2+nomixin.jar",
    "url": "https://downloads.gtnewhorizons.com/Mods_for_Twitch/CoreTweaks-1.7.10-0.3.3.2%2Bnomixin.jar"
  },
  {
    "path": "mods/archaicfix-0.7.2.jar",
    "url": "https://downloads.gtnewhorizons.com/Mods_for_Twitch/archaicfix-0.7.2.jar"
  }
]